kind,family,map,p,field,derivative,basis,absolute_error_norm_change,scaled_change,relative_error_norm_change
basis,quad,coupled,2.0,sine,x,gl,2.1684043449710089e-16,1.5286635393783626e-16,2.925039767306829e-14
basis,quad,coupled,2.0,sine,y,gl,1.8214596497756474e-16,8.56051582051883e-17,1.2319815914064845e-14
basis,quad,coupled,2.0,sine,xx,gl,5.290212712338871e-14,1.8760719795636066e-14,1.4012171959763008e-13
basis,quad,coupled,2.0,sine,xy,gl,3.533284775869561e-14,8.353408989102722e-15,3.930635850810296e-13
basis,quad,coupled,2.0,sine,yy,gl,3.985700658404312e-14,6.282008540639726e-15,4.93733625954743e-14
basis,quad,coupled,2.0,shortwave,x,gl,3.885780586188048e-16,6.871860828684669e-17,1.3978120787329775e-15
basis,quad,coupled,2.0,shortwave,y,gl,1.8318679906315083e-15,4.3194553780303753e-16,1.2744834242832061e-14
basis,quad,coupled,2.0,shortwave,xx,gl,6.039613253960852e-14,1.3340534109222851e-15,4.168530723010122e-15
basis,quad,coupled,2.0,shortwave,xy,gl,7.904787935331115e-14,2.328053991609464e-15,2.8089174761034153e-14
basis,quad,coupled,2.0,shortwave,yy,gl,6.306066779870889e-14,2.4762821483786117e-15,8.506599078274431e-15
basis,quad,coupled,2.0,exponential,x,gl,1.3593726838623255e-15,5.802137106772043e-16,8.845983473218877e-13
basis,quad,coupled,2.0,exponential,y,gl,7.864802559209849e-15,3.3568912563825487e-15,7.532887316402201e-12
basis,quad,coupled,2.0,exponential,xx,gl,2.73600586631062e-13,1.1677946268688294e-13,2.7445545745901355e-12
basis,quad,coupled,2.0,exponential,xy,gl,1.105331104422902e-13,4.717825135355572e-14,8.777380516738534e-12
basis,quad,coupled,2.0,exponential,yy,gl,3.7626152193936946e-13,1.6059767598773086e-13,6.483819465382164e-12
basis,quad,coupled,2.0,constant,x,gl,1.5046267305709027e-14,1.5046267305709017e-14,nan
basis,quad,coupled,2.0,constant,y,gl,2.1258689824600152e-14,2.125868982460014e-14,nan
basis,quad,coupled,2.0,constant,xx,gl,5.509989557799372e-13,5.509989557799368e-13,nan
basis,quad,coupled,2.0,constant,xy,gl,1.1468572478686167e-12,1.146857247868616e-12,nan
basis,quad,coupled,2.0,constant,yy,gl,7.283351012267691e-13,7.283351012267686e-13,nan
basis,quad,coupled,2.0,sine,x,bernstein,1.3617579286417936e-16,9.600007027296118e-17,1.8369249738686888e-14
basis,quad,coupled,2.0,sine,y,bernstein,1.132774429812855e-15,5.323825553141711e-16,7.661752182746995e-14
basis,quad,coupled,2.0,sine,xx,bernstein,5.495603971894525e-15,1.9489100312360657e-15,1.4556191227875528e-14
basis,quad,coupled,2.0,sine,xy,bernstein,3.0042635046356736e-13,7.102694336060319e-14,3.3421211664705923e-12
basis,quad,coupled,2.0,sine,yy,bernstein,5.46229728115577e-14,8.609326467951936e-15,6.766488689964723e-14
basis,quad,coupled,2.0,shortwave,x,bernstein,1.2212453270876722e-15,2.1597276890151817e-16,4.393123676017929e-15
basis,quad,coupled,2.0,shortwave,y,bernstein,1.4710455076283324e-15,3.4686535611456047e-16,1.0234488104092412e-14
basis,quad,coupled,2.0,shortwave,xx,bernstein,9.947598300641403e-14,2.197264441519058e-15,6.865815308487259e-15
basis,quad,coupled,2.0,shortwave,xy,bernstein,2.0028423364237824e-13,5.8986087090779116e-15,7.116976301812586e-14
basis,quad,coupled,2.0,shortwave,yy,bernstein,8.881784197001252e-14,3.4877213357445237e-15,1.1981125462358356e-14
basis,quad,coupled,2.0,exponential,x,bernstein,1.4203048459560108e-15,6.062210567771076e-16,9.242493499694313e-13
basis,quad,coupled,2.0,exponential,y,bernstein,6.301383026485752e-15,2.6895853297622516e-15,6.035448177961069e-12
basis,quad,coupled,2.0,exponential,xx,bernstein,8.856804178947186e-14,3.7803019572289474e-14,8.884477451196674e-13
basis,quad,coupled,2.0,exponential,xy,bernstein,5.994284929533578e-13,2.5585083054187386e-13,4.760032495397611e-11
basis,quad,coupled,2.0,exponential,yy,bernstein,2.2642998587230068e-13,9.66458895865677e-14,3.901890212897202e-12
basis,quad,coupled,2.0,constant,x,bernstein,1.1687000125104942e-13,1.1687000125104935e-13,nan
basis,quad,coupled,2.0,constant,y,bernstein,1.0536489019189119e-13,1.0536489019189112e-13,nan
basis,quad,coupled,2.0,constant,xx,bernstein,3.734030206988592e-12,3.734030206988589e-12,nan
basis,quad,coupled,2.0,constant,xy,bernstein,7.124447908367715e-12,7.12444790836771e-12,nan
basis,quad,coupled,2.0,constant,yy,bernstein,3.4072127288319343e-12,3.407212728831932e-12,nan
basis,quad,coupled,3.0,sine,x,gl,2.1895462873344762e-16,1.543568008887304e-16,8.572937924358368e-13
basis,quad,coupled,3.0,sine,y,gl,1.065987575987748e-15,5.009939973056031e-16,1.3896478636365591e-12
basis,quad,coupled,3.0,sine,xx,gl,7.406575353030576e-14,2.626599201188613e-14,3.3195851763469966e-12
basis,quad,coupled,3.0,sine,xy,gl,1.559785287041926e-13,3.687651934208893e-14,3.0108576185024275e-11
basis,quad,coupled,3.0,sine,yy,gl,1.6084356069256955e-14,2.5351141708222265e-15,2.390066058131975e-13
basis,quad,coupled,3.0,sine,xxx,gl,5.091482790930968e-12,8.973377269234151e-13,4.527749341578719e-12
basis,quad,coupled,3.0,sine,xxy,gl,5.609596120947913e-12,6.591010175000393e-13,3.702711691847048e-11
basis,quad,coupled,3.0,sine,xyy,gl,6.2198024508575145e-12,4.871982504766236e-13,2.3878077501427207e-11
basis,quad,coupled,3.0,sine,yyy,gl,1.708855279503041e-12,8.923662866246824e-14,5.11796642314e-13
basis,quad,coupled,3.0,shortwave,x,gl,4.336808689942018e-15,7.669487532014154e-16,1.378896773120881e-13
basis,quad,coupled,3.0,shortwave,y,gl,1.3322676295501878e-15,3.141422093113002e-16,9.504245967137293e-14
basis,quad,coupled,3.0,shortwave,xx,gl,2.6645352591003757e-13,5.885529754068882e-15,1.0092709309704796e-13
basis,quad,coupled,3.0,shortwave,xy,gl,2.0056178939853453e-13,5.906783055958578e-15,5.693055880919934e-13
basis,quad,coupled,3.0,shortwave,yy,gl,1.8318679906315083e-13,7.193425254973122e-15,1.566007948966816e-13
basis,quad,coupled,3.0,shortwave,xxx,gl,1.0402345651527867e-11,2.874401215198392e-14,8.256437044074729e-14
basis,quad,coupled,3.0,shortwave,xxy,gl,1.4981793583501712e-11,5.51974040277397e-14,7.030214127473148e-13
basis,quad,coupled,3.0,shortwave,xyy,gl,8.199663170671556e-12,4.028001217169336e-14,7.938680891157482e-13
basis,quad,coupled,3.0,shortwave,yyy,gl,9.727330052555772e-12,6.3712694006988e-14,1.7539137773733824e-13
basis,quad,coupled,3.0,exponential,x,gl,2.2152537372836442e-14,9.455248043891549e-15,1.0378872353208803e-09
basis,quad,coupled,3.0,exponential,y,gl,2.909473470523796e-16,1.241834868752197e-16,2.0619598110245132e-11
basis,quad,coupled,3.0,exponential,xx,gl,1.120358146533551e-12,4.781964248690914e-13,5.740404023554851e-10
basis,quad,coupled,3.0,exponential,xy,gl,1.0706801927256454e-12,4.56992651790586e-13,4.463315123337242e-09
basis,quad,coupled,3.0,exponential,yy,gl,4.734114576049331e-13,2.020636590354502e-13,3.1826110660767536e-10
basis,quad,coupled,3.0,exponential,xxx,gl,4.165127964750326e-11,1.7777791039664067e-11,4.071479095444299e-10
basis,quad,coupled,3.0,exponential,xxy,gl,5.302196876000309e-11,2.263108094407455e-11,3.144185012800271e-09
basis,quad,coupled,3.0,exponential,xyy,gl,8.629309940222374e-11,3.68320181833754e-11,1.2380548539122748e-08
basis,quad,coupled,3.0,exponential,yyy,gl,5.6133389603196804e-11,2.3959111920670702e-11,6.262459105619928e-10
basis,quad,coupled,3.0,constant,x,gl,1.7564932785857994e-14,1.756493278585803e-14,nan
basis,quad,coupled,3.0,constant,y,gl,2.1208919253265224e-14,2.1208919253265265e-14,nan
basis,quad,coupled,3.0,constant,xx,gl,1.353464237971572e-12,1.3534642379715745e-12,nan
basis,quad,coupled,3.0,constant,xy,gl,1.6293866510840863e-12,1.6293866510840893e-12,nan
basis,quad,coupled,3.0,constant,yy,gl,1.84139561082085e-12,1.8413956108208538e-12,nan
basis,quad,coupled,3.0,constant,xxx,gl,5.956596029309767e-11,5.956596029309779e-11,0.28223377553616585
basis,quad,coupled,3.0,constant,xxy,gl,1.1610911612345749e-10,1.1610911612345771e-10,0.2987694526956167
basis,quad,coupled,3.0,constant,xyy,gl,1.2240617321632125e-10,1.2240617321632148e-10,0.306293245336582
basis,quad,coupled,3.0,constant,yyy,gl,1.10169439315505e-10,1.101694393155052e-10,0.40383679166907055
basis,quad,coupled,3.0,sine,x,bernstein,6.8603434565106536e-15,4.836347489296786e-15,2.6860952395778062e-11
basis,quad,coupled,3.0,sine,y,bernstein,9.948964395378734e-15,4.675825078799233e-15,1.2969716935606343e-11
basis,quad,coupled,3.0,sine,xx,bernstein,4.2816097889364357e-13,1.518390391697047e-13,1.9189932875576472e-11
basis,quad,coupled,3.0,sine,xy,bernstein,3.810172663487599e-12,9.00802867478402e-13,7.354786256143833e-10
basis,quad,coupled,3.0,sine,yy,bernstein,1.824929096727601e-12,2.8763374759544675e-13,2.7117660625052176e-11
basis,quad,coupled,3.0,sine,xxx,bernstein,2.5481172727381818e-11,4.490875949784141e-12,2.2659874888423418e-11
basis,quad,coupled,3.0,sine,xxy,bernstein,1.3141460142307437e-10,1.544059423259764e-11,8.674249815446835e-10
basis,quad,coupled,3.0,sine,xyy,bernstein,1.9522233829505353e-10,1.529180105361589e-11,7.494665884728301e-10
basis,quad,coupled,3.0,sine,yyy,bernstein,1.1667111721180845e-10,6.092579803067478e-12,3.494262314676041e-11
basis,quad,coupled,3.0,shortwave,x,bernstein,5.821731985378165e-15,1.0295520062975801e-15,1.8510310282374706e-13
basis,quad,coupled,3.0,shortwave,y,bernstein,1.89605275924265e-15,4.470799931995456e-16,1.352622505479305e-13
basis,quad,coupled,3.0,shortwave,xx,bernstein,3.5571545708990016e-13,7.857182221681957e-15,1.3473766928455902e-13
basis,quad,coupled,3.0,shortwave,xy,bernstein,2.7466917629226373e-13,8.089333673092456e-15,7.796634513919689e-13
basis,quad,coupled,3.0,shortwave,yy,bernstein,2.5512925105886097e-13,1.0018479536926202e-14,2.1810219798337838e-13
basis,quad,coupled,3.0,shortwave,xxx,bernstein,1.7749357539287303e-11,4.904545242872667e-14,1.4087827688591989e-13
basis,quad,coupled,3.0,shortwave,xxy,bernstein,2.667377430043416e-11,9.827415447955174e-14,1.2516681922947213e-12
basis,quad,coupled,3.0,shortwave,xyy,bernstein,7.482015007553855e-11,3.6754638489422105e-13,7.243874331359471e-12
basis,quad,coupled,3.0,shortwave,yyy,bernstein,1.3500311979441904e-11,8.842521447281023e-14,2.434211962753416e-13
basis,quad,coupled,3.0,exponential,x,bernstein,4.324374246276325e-15,1.845749335391996e-15,2.0260490956056442e-10
basis,quad,coupled,3.0,exponential,y,bernstein,1.5666965337904348e-14,6.687046313104555e-15,1.1103264289829389e-09
basis,quad,coupled,3.0,exponential,xx,bernstein,3.8480330033507926e-13,1.6424351718903806e-13,1.9716252524741424e-10
basis,quad,coupled,3.0,exponential,xy,bernstein,1.4811430456684177e-11,6.3218829742060886e-12,6.17440034892997e-08
basis,quad,coupled,3.0,exponential,yy,bernstein,4.895302913032751e-14,2.0894357388362214e-14,3.2909734170011046e-11
basis,quad,coupled,3.0,exponential,xxx,bernstein,7.186905237599461e-11,3.067547998938115e-11,7.025314632219082e-10
basis,quad,coupled,3.0,exponential,xxy,bernstein,7.652656633383437e-10,3.2663421551021916e-10,4.5379997871639535e-08
basis,quad,coupled,3.0,exponential,xyy,bernstein,1.2531740055388152e-10,5.3488550160651184e-11,1.79794001038516e-08
basis,quad,coupled,3.0,exponential,yyy,bernstein,1.206361260885913e-10,5.1490467029771115e-11,1.3458635076745619e-09
basis,quad,coupled,3.0,constant,x,bernstein,5.924117996586841e-13,5.924117996586852e-13,nan
basis,quad,coupled,3.0,constant,y,bernstein,5.698779332196282e-13,5.698779332196293e-13,nan
basis,quad,coupled,3.0,constant,xx,bernstein,3.61992926250454e-11,3.619929262504547e-11,nan
basis,quad,coupled,3.0,constant,xy,bernstein,5.67821466404157e-11,5.678214664041581e-11,nan
basis,quad,coupled,3.0,constant,yy,bernstein,3.371576232003456e-11,3.3715762320034625e-11,nan
basis,quad,coupled,3.0,constant,xxx,bernstein,1.634133647081858e-09,1.634133647081861e-09,7.742806574043271
basis,quad,coupled,3.0,constant,xxy,bernstein,3.371898618343048e-09,3.3718986183430542e-09,8.676496199284474
basis,quad,coupled,3.0,constant,xyy,bernstein,3.2178116080348803e-09,3.2178116080348865e-09,8.051832145466605
basis,quad,coupled,3.0,constant,yyy,bernstein,1.40192444218501e-09,1.4019244421850127e-09,5.138890353005249
basis,quad,coupled,4.0,sine,x,gl,2.8521039290062625e-15,2.0106523476127503e-15,2.5512737616680465e-10
basis,quad,coupled,4.0,sine,y,gl,3.587394595792881e-15,1.6860076036002921e-15,1.1325826523607371e-10
basis,quad,coupled,4.0,sine,xx,gl,1.609675934211019e-13,5.708405466017715e-14,1.1807054265895656e-10
basis,quad,coupled,4.0,sine,xy,gl,5.0337284254048376e-14,1.1900765136353978e-14,2.0607861119075773e-10
basis,quad,coupled,4.0,sine,yy,gl,3.845318161110889e-13,6.060746553718054e-14,9.452470919942214e-11
basis,quad,coupled,4.0,sine,xxx,gl,3.3162361745553426e-13,5.844631029917656e-14,3.232296617021439e-12
basis,quad,coupled,4.0,sine,xxy,gl,2.0653376578416704e-11,2.4266740820809053e-12,2.3120199241058827e-09
basis,quad,coupled,4.0,sine,xyy,gl,1.948789740691126e-11,1.5264905271719812e-12,1.0320969192371491e-09
basis,quad,coupled,4.0,sine,yyy,gl,2.8847813027255143e-11,1.506436273284721e-12,9.257566908845897e-11
basis,quad,coupled,4.0,shortwave,x,gl,2.211338751001435e-15,3.910671692574019e-16,8.035092199114141e-13
basis,quad,coupled,4.0,shortwave,y,gl,4.581838380923742e-16,1.080375143676395e-16,4.2275213042931007e-13
basis,quad,coupled,4.0,shortwave,xx,gl,1.404432126150823e-13,3.1021646412071432e-15,4.1337660670141227e-13
basis,quad,coupled,4.0,shortwave,xy,gl,2.2179480474449065e-13,6.532120592328384e-15,6.022293856288615e-12
basis,quad,coupled,4.0,shortwave,yy,gl,1.5307199952019346e-13,6.0108697395722124e-15,1.1468316777288248e-12
basis,quad,coupled,4.0,shortwave,xxx,gl,9.698908343125368e-13,2.680025723187027e-15,3.8542128679298975e-14
basis,quad,coupled,4.0,shortwave,xxy,gl,1.616529132775213e-11,5.955776333927412e-14,4.999973356951322e-12
basis,quad,coupled,4.0,shortwave,xyy,gl,1.5935919250864572e-11,7.828358409744014e-14,1.1846641075557808e-11
basis,quad,coupled,4.0,shortwave,yyy,gl,1.6632029087304545e-11,1.0893753725117442e-13,1.6783565026765482e-12
basis,quad,coupled,4.0,exponential,x,gl,9.737811945941124e-15,4.156337750570508e-15,2.8292849438578177e-08
basis,quad,coupled,4.0,exponential,y,gl,1.1755126206610495e-14,5.017377115771968e-15,3.893928436955982e-08
basis,quad,coupled,4.0,exponential,xx,gl,9.883247716860506e-13,4.218413316242888e-13,1.6799597241060345e-08
basis,quad,coupled,4.0,exponential,xy,gl,5.253889669512308e-13,2.2424893900141914e-13,1.282660881097511e-07
basis,quad,coupled,4.0,exponential,yy,gl,2.038510107786086e-12,8.700862743033805e-13,4.773440276109352e-08
basis,quad,coupled,4.0,exponential,xxx,gl,3.395598411823353e-10,1.449324955460995e-10,5.587875700508008e-08
basis,quad,coupled,4.0,exponential,xxy,gl,1.4097393120481722e-11,6.017114269259828e-12,3.269084343850176e-08
basis,quad,coupled,4.0,exponential,xyy,gl,3.5651639220023526e-11,1.521699687594273e-11,1.6257610398502098e-07
basis,quad,coupled,4.0,exponential,yyy,gl,2.2821176936041465e-10,9.740639862248951e-11,6.282221910972616e-08
basis,quad,coupled,4.0,constant,x,gl,1.7984196809017808e-14,1.7984196809017805e-14,nan
basis,quad,coupled,4.0,constant,y,gl,1.1284747138121884e-15,1.1284747138121882e-15,nan
basis,quad,coupled,4.0,constant,xx,gl,3.1491957653570357e-12,3.149195765357035e-12,nan
basis,quad,coupled,4.0,constant,xy,gl,1.726638239047319e-12,1.7266382390473187e-12,nan
basis,quad,coupled,4.0,constant,yy,gl,1.1096900028276041e-12,1.109690002827604e-12,nan
basis,quad,coupled,4.0,constant,xxx,gl,2.6870239416668236e-10,2.687023941666823e-10,0.30611040311233095
basis,quad,coupled,4.0,constant,xxy,gl,3.2424597777546284e-10,3.242459777754628e-10,0.2705931359825527
basis,quad,coupled,4.0,constant,xyy,gl,2.5389948821543044e-10,2.538994882154304e-10,0.21825772534381496
basis,quad,coupled,4.0,constant,yyy,gl,1.0707762473555953e-10,1.0707762473555951e-10,0.1408646609366071
basis,quad,coupled,4.0,sine,x,bernstein,9.314655302497879e-15,6.566567704878958e-15,8.33217732024407e-10
basis,quad,coupled,4.0,sine,y,bernstein,6.915983356749894e-15,3.2503813602016722e-15,2.1834572597774923e-10
basis,quad,coupled,4.0,sine,xx,bernstein,2.2379021379081987e-12,7.936288618683658e-13,1.6415125195368735e-09
basis,quad,coupled,4.0,sine,xy,bernstein,5.051455510395736e-12,1.1942675596593377e-12,2.068043501950607e-08
basis,quad,coupled,4.0,sine,yy,bernstein,2.893448501628537e-12,4.56046997930066e-13,7.1126072470666e-10
basis,quad,coupled,4.0,sine,xxx,bernstein,2.8009074226620356e-10,4.9364006580780475e-11,2.7300117091553817e-09
basis,quad,coupled,4.0,sine,xxy,bernstein,1.4247214519258478e-12,1.67398033364972e-13,1.5948890345590838e-10
basis,quad,coupled,4.0,sine,xyy,bernstein,4.590748163557645e-10,3.595941336297094e-11,2.431302329681349e-08
basis,quad,coupled,4.0,sine,yyy,bernstein,5.323406160329114e-10,2.77988911317835e-11,1.7083370814157812e-09
basis,quad,coupled,4.0,shortwave,x,bernstein,5.818262538426211e-15,1.0289384472950194e-15,2.1141164334833364e-12
basis,quad,coupled,4.0,shortwave,y,bernstein,8.759486191944887e-15,2.065444122288294e-15,8.082108405500431e-12
basis,quad,coupled,4.0,shortwave,xx,bernstein,1.2425616091604752e-12,2.7446187086474583e-14,3.657320934547199e-12
basis,quad,coupled,4.0,shortwave,xy,bernstein,4.823919041996305e-14,1.4207014878571808e-15,1.3098168842735093e-12
basis,quad,coupled,4.0,shortwave,yy,bernstein,2.6469659797356826e-12,1.0394172519560892e-13,1.9831350246593806e-11
basis,quad,coupled,4.0,shortwave,xxx,bernstein,1.2154188766544394e-10,3.3584747258590255e-13,4.829907561346143e-12
basis,quad,coupled,4.0,shortwave,xxy,bernstein,2.3668800253062727e-10,8.72029322216046e-13,7.320831295700046e-11
basis,quad,coupled,4.0,shortwave,xyy,bernstein,2.422988476524779e-10,1.190268469507118e-12,1.8012311909803627e-10
basis,quad,coupled,4.0,shortwave,yyy,bernstein,3.50198092746723e-10,2.2937500634247068e-12,3.533887796258308e-11
basis,quad,coupled,4.0,exponential,x,bernstein,2.2859399655149516e-14,9.756954259286005e-15,6.641713315987891e-08
basis,quad,coupled,4.0,exponential,y,bernstein,1.940858245171693e-14,8.284060564833086e-15,6.429163736859368e-08
basis,quad,coupled,4.0,exponential,xx,bernstein,7.311871106415596e-13,3.120886506703201e-13,1.24287575486723e-08
basis,quad,coupled,4.0,exponential,xy,bernstein,1.3162435627450176e-12,5.618051405339405e-13,3.213417551811984e-07
basis,quad,coupled,4.0,exponential,yy,bernstein,3.9349250989745635e-12,1.6795228564002354e-12,9.214146095806259e-08
basis,quad,coupled,4.0,exponential,xxx,bernstein,1.9644831733556245e-09,8.384897571555442e-10,3.2327991879806014e-07
basis,quad,coupled,4.0,exponential,xxy,bernstein,6.577196480050777e-10,2.807309298507149e-10,1.5252046854053938e-06
basis,quad,coupled,4.0,exponential,xyy,bernstein,8.462061665802118e-10,3.611816139444839e-10,3.858809994168333e-06
basis,quad,coupled,4.0,exponential,yyy,bernstein,7.317084134775276e-10,3.1231115554807303e-10,2.01424958952572e-07
basis,quad,coupled,4.0,constant,x,bernstein,3.3369163449741207e-12,3.33691634497412e-12,nan
basis,quad,coupled,4.0,constant,y,bernstein,3.4725077196903466e-12,3.472507719690346e-12,nan
basis,quad,coupled,4.0,constant,xx,bernstein,3.178408506611585e-10,3.1784085066115846e-10,nan
basis,quad,coupled,4.0,constant,xy,bernstein,5.026289549695185e-10,5.026289549695184e-10,nan
basis,quad,coupled,4.0,constant,yy,bernstein,3.6535767477001437e-10,3.6535767477001427e-10,nan
basis,quad,coupled,4.0,constant,xxx,bernstein,2.010629417871649e-08,2.0106294178716487e-08,22.90543720397253
basis,quad,coupled,4.0,constant,xxy,bernstein,4.698635308979407e-08,4.698635308979406e-08,39.2115415530469
basis,quad,coupled,4.0,constant,xyy,bernstein,5.04448786182922e-08,5.044487861829219e-08,43.36355516058179
basis,quad,coupled,4.0,constant,yyy,bernstein,3.0816948204599274e-08,3.081694820459927e-08,40.540859686255686
basis,tri,coupled,2.0,sine,x,gl,7.781969513231957e-15,5.486067710121156e-15,3.3196505933637593e-13
basis,tri,coupled,2.0,sine,y,gl,9.162809400109495e-15,4.306347101331491e-15,3.111675432122573e-13
basis,tri,coupled,2.0,sine,xx,gl,2.4369395390522186e-13,8.64213640113777e-14,3.620456836987386e-13
basis,tri,coupled,2.0,sine,xy,gl,2.0761170560490427e-14,4.9083660045946206e-15,2.8346456625839058e-14
basis,tri,coupled,2.0,sine,yy,gl,4.745093207247919e-13,7.47891490325742e-14,4.0566618745640706e-13
basis,tri,coupled,2.0,shortwave,x,gl,6.106226635438361e-15,1.079863844507587e-15,1.1586367805768501e-14
basis,tri,coupled,2.0,shortwave,y,gl,7.771561172376096e-15,1.8324962209825665e-15,1.8063632417827793e-14
basis,tri,coupled,2.0,shortwave,xx,gl,1.8474111129762605e-13,4.0806339628210876e-15,9.157342321642288e-15
basis,tri,coupled,2.0,shortwave,xy,gl,1.438849039914203e-13,4.237581422929577e-15,1.1337778916614551e-14
basis,tri,coupled,2.0,shortwave,yy,gl,1.0835776720341528e-13,4.255020029608262e-15,8.901135586163269e-15
basis,tri,coupled,2.0,exponential,x,gl,2.2184511172529398e-14,9.468895248359112e-15,3.2002768930452556e-12
basis,tri,coupled,2.0,exponential,y,gl,1.4155343563970746e-15,6.04184894449e-16,2.2019197451758015e-13
basis,tri,coupled,2.0,exponential,xx,gl,2.658817610523556e-12,1.134848779977402e-12,9.343462131804722e-12
basis,tri,coupled,2.0,exponential,xy,gl,5.483391518623648e-13,2.340446426418518e-13,1.8981298983596028e-12
basis,tri,coupled,2.0,exponential,yy,gl,6.234734950538723e-13,2.6611382909819385e-13,2.814275592859626e-12
basis,tri,coupled,2.0,constant,x,gl,1.3808798171327415e-13,1.380879817132729e-13,nan
basis,tri,coupled,2.0,constant,y,gl,1.2981840853077117e-13,1.2981840853077e-13,nan
basis,tri,coupled,2.0,constant,xx,gl,3.2684606617195446e-12,3.2684606617195155e-12,nan
basis,tri,coupled,2.0,constant,xy,gl,2.4995058996814977e-12,2.4995058996814755e-12,nan
basis,tri,coupled,2.0,constant,yy,gl,3.930329641678161e-12,3.930329641678126e-12,nan
basis,tri,coupled,2.0,sine,x,bernstein,3.833738881908744e-15,2.7026771376209885e-15,1.6354052187547723e-13
basis,tri,coupled,2.0,sine,y,bernstein,1.949829186997931e-15,9.163828364060195e-16,6.621588765062045e-14
basis,tri,coupled,2.0,sine,xx,bernstein,2.9543034685275416e-13,1.0476867864887292e-13,4.3890822975960975e-13
basis,tri,coupled,2.0,sine,xy,bernstein,1.7319479184152442e-14,4.094679661586957e-15,2.3647311409790872e-14
basis,tri,coupled,2.0,sine,yy,bernstein,5.833111771380572e-13,9.193780744434835e-14,4.98682767640609e-13
basis,tri,coupled,2.0,shortwave,x,bernstein,5.995204332975845e-15,1.0602299564256309e-15,1.1375706572936348e-14
basis,tri,coupled,2.0,shortwave,y,bernstein,5.88418203051333e-15,1.387461424458229e-15,1.3676750259212472e-14
basis,tri,coupled,2.0,shortwave,xx,bernstein,4.405364961712621e-13,9.730742526727209e-15,2.1836739382377764e-14
basis,tri,coupled,2.0,shortwave,xy,bernstein,3.055333763768431e-13,8.99832104622083e-15,2.407528362540374e-14
basis,tri,coupled,2.0,shortwave,yy,bernstein,5.648814749292796e-13,2.2181907695334873e-14,4.64026412524577e-14
basis,tri,coupled,2.0,exponential,x,bernstein,2.4841240175987878e-15,1.0602852559448136e-15,3.5835293512458897e-13
basis,tri,coupled,2.0,exponential,y,bernstein,4.983860546481367e-15,2.127234315872521e-15,7.752592436139801e-13
basis,tri,coupled,2.0,exponential,xx,bernstein,9.499623310205152e-13,4.0546729798846027e-13,3.3383023459000395e-12
basis,tri,coupled,2.0,exponential,xy,bernstein,1.5293322164211531e-13,6.527566212576451e-14,5.293933863110656e-13
basis,tri,coupled,2.0,exponential,yy,bernstein,1.3435086376745176e-12,5.734425454079185e-13,6.0644174897551624e-12
basis,tri,coupled,2.0,constant,x,bernstein,1.3431252028088432e-13,1.3431252028088314e-13,nan
basis,tri,coupled,2.0,constant,y,bernstein,1.2859218346831423e-13,1.285921834683131e-13,nan
basis,tri,coupled,2.0,constant,xx,bernstein,5.346013227823626e-12,5.346013227823578e-12,nan
basis,tri,coupled,2.0,constant,xy,bernstein,3.729193993262496e-12,3.7291939932624625e-12,nan
basis,tri,coupled,2.0,constant,yy,bernstein,4.5270603854264e-12,4.527060385426359e-12,nan
basis,tri,coupled,3.0,sine,x,gl,1.871766630578975e-15,1.3195423671913934e-15,9.430802852809434e-13
basis,tri,coupled,3.0,sine,y,gl,2.9668108247893343e-15,1.394344969718341e-15,1.2625873628597948e-12
basis,tri,coupled,3.0,sine,xx,gl,2.7468305408007154e-13,9.74110511319582e-14,2.674924483391218e-12
basis,tri,coupled,3.0,sine,xy,gl,6.844386168936012e-13,1.6181530947901251e-13,8.36429323906297e-12
basis,tri,coupled,3.0,sine,yy,gl,6.346867476025864e-13,1.0003529895460131e-13,4.212939745466743e-12
basis,tri,coupled,3.0,sine,xxx,gl,3.5564440281632415e-11,6.267980333443888e-12,1.463319528444987e-11
basis,tri,coupled,3.0,sine,xxy,gl,1.6018297799291759e-12,1.882074243938252e-13,6.046162761050851e-13
basis,tri,coupled,3.0,sine,xyy,gl,4.085443094936636e-11,3.2001349624866682e-12,1.3092634827831779e-11
basis,tri,coupled,3.0,sine,yyy,gl,5.197531294243163e-11,2.714157106392431e-12,1.0881148893924277e-11
basis,tri,coupled,3.0,shortwave,x,gl,1.8263168755083825e-14,3.2297745894817696e-15,2.0342958894157561e-13
basis,tri,coupled,3.0,shortwave,y,gl,1.3836154444391013e-14,3.2624977362851014e-15,1.790904765631212e-13
basis,tri,coupled,3.0,shortwave,xx,gl,9.414691248821327e-13,2.079553846437602e-14,1.656617090528992e-13
basis,tri,coupled,3.0,shortwave,xy,gl,5.089262344881718e-13,1.4988482440362292e-14,1.688758247777459e-13
basis,tri,coupled,3.0,shortwave,yy,gl,3.0242475190789264e-13,1.1875691148210201e-14,8.024443768289577e-14
basis,tri,coupled,3.0,shortwave,xxx,gl,7.392486622848082e-11,2.042709716046707e-13,4.0965312719451593e-13
basis,tri,coupled,3.0,shortwave,xxy,gl,2.3391066861222498e-11,8.617967942106764e-14,2.1193993384536375e-13
basis,tri,coupled,3.0,shortwave,xyy,gl,1.922728642966831e-11,9.445209093293092e-14,2.2084539984554907e-13
basis,tri,coupled,3.0,shortwave,yyy,gl,4.416733645484783e-11,2.892900700857828e-13,5.033434272175262e-13
basis,tri,coupled,3.0,exponential,x,gl,5.808396298656593e-15,2.479166463719072e-15,1.2381007372275082e-11
basis,tri,coupled,3.0,exponential,y,gl,6.925357639783747e-14,2.955913048457717e-14,1.5906277269038654e-10
basis,tri,coupled,3.0,exponential,xx,gl,1.7339893410017737e-11,7.401093178942007e-12,5.060973570337251e-10
basis,tri,coupled,3.0,exponential,xy,gl,5.831932159416908e-12,2.4892121482232836e-12,2.2423893186470282e-10
basis,tri,coupled,3.0,exponential,yy,gl,1.7241152949765137e-11,7.35894832086353e-12,6.292079557196288e-10
basis,tri,coupled,3.0,exponential,xxx,gl,1.4787193691745415e-10,6.311538126551801e-11,1.8424111170270115e-10
basis,tri,coupled,3.0,exponential,xxy,gl,1.6676371394908074e-10,7.117885656035962e-11,1.3162633118223032e-10
basis,tri,coupled,3.0,exponential,xyy,gl,2.5107671497437423e-10,1.071657200334605e-10,2.2696959451263467e-10
basis,tri,coupled,3.0,exponential,yyy,gl,4.078903881321594e-11,1.7409765434987438e-11,8.231616139087465e-11
basis,tri,coupled,3.0,constant,x,gl,1.2425383085234235e-13,1.2425383085233995e-13,nan
basis,tri,coupled,3.0,constant,y,gl,1.3040642365265647e-13,1.3040642365265395e-13,nan
basis,tri,coupled,3.0,constant,xx,gl,8.429701344930356e-12,8.429701344930193e-12,nan
basis,tri,coupled,3.0,constant,xy,gl,6.1264257040625915e-12,6.126425704062473e-12,nan
basis,tri,coupled,3.0,constant,yy,gl,8.83430895326529e-12,8.834308953265119e-12,nan
basis,tri,coupled,3.0,constant,xxx,gl,1.2942988149405995e-10,1.2942988149405744e-10,0.19627695254095404
basis,tri,coupled,3.0,constant,xxy,gl,1.7092017566008343e-10,1.7092017566008012e-10,0.26504023477269373
basis,tri,coupled,3.0,constant,xyy,gl,8.481374428413006e-11,8.481374428412842e-11,0.13267619948016288
basis,tri,coupled,3.0,constant,yyy,gl,1.7399887925307337e-10,1.7399887925307001e-10,0.2536203481153345
basis,tri,coupled,3.0,sine,x,bernstein,1.6424795551417404e-14,1.1579014845375264e-14,8.275551354134654e-12
basis,tri,coupled,3.0,sine,y,bernstein,3.38748126771371e-14,1.592052120811279e-14,1.4416123214877732e-11
basis,tri,coupled,3.0,sine,xx,bernstein,5.288547377801933e-13,1.8754814007662624e-13,5.150104694239001e-12
basis,tri,coupled,3.0,sine,xy,bernstein,1.4085954624931674e-14,3.3302082183579896e-15,1.7213969540438603e-13
basis,tri,coupled,3.0,sine,yy,bernstein,3.687217198233839e-12,5.811557845332998e-13,2.447510357398325e-11
basis,tri,coupled,3.0,sine,xxx,bernstein,3.0115465676772146e-11,5.307637210081463e-12,1.2391183070521994e-11
basis,tri,coupled,3.0,sine,xxy,bernstein,1.277156158607795e-11,1.5005980920826226e-12,4.820670774745257e-12
basis,tri,coupled,3.0,sine,xyy,bernstein,1.1620482354146588e-11,9.10234483710038e-13,3.724020343709228e-12
basis,tri,coupled,3.0,sine,yyy,bernstein,9.29656351900121e-12,4.85467667468849e-13,1.946256523055852e-12
basis,tri,coupled,3.0,shortwave,x,bernstein,3.606837051250977e-14,6.378559390625471e-15,4.0175797998416036e-13
basis,tri,coupled,3.0,shortwave,y,bernstein,5.925815393936773e-15,1.3972783684992361e-15,7.670173870857849e-14
basis,tri,coupled,3.0,shortwave,xx,bernstein,6.270539643082884e-13,1.3850613354574971e-14,1.1033694961447815e-13
basis,tri,coupled,3.0,shortwave,xy,bernstein,7.913669719528116e-13,2.3306697826113093e-14,2.625974866962855e-13
basis,tri,coupled,3.0,shortwave,yy,bernstein,3.5571545708990016e-13,1.3968323949656932e-14,9.438442670190823e-14
basis,tri,coupled,3.0,shortwave,xxx,bernstein,5.9401372709544376e-12,1.6413930436515256e-14,3.291714862885576e-14
basis,tri,coupled,3.0,shortwave,xxy,bernstein,1.2391865311656147e-11,4.5655334419909466e-14,1.1227923591321822e-13
basis,tri,coupled,3.0,shortwave,xyy,bernstein,3.780087354243733e-11,1.8569295039290188e-13,4.341823825492687e-13
basis,tri,coupled,3.0,shortwave,yyy,bernstein,9.696066172182327e-11,6.350791982610347e-13,1.1049910565975487e-12
basis,tri,coupled,3.0,exponential,x,bernstein,3.989836889692344e-14,1.702960559857501e-14,8.504619417390849e-11
basis,tri,coupled,3.0,exponential,y,bernstein,1.8003068653904553e-14,7.684152691357365e-15,4.134974922558459e-11
basis,tri,coupled,3.0,exponential,xx,bernstein,6.706094013431141e-13,2.862325937452131e-13,1.9572994919659747e-11
basis,tri,coupled,3.0,exponential,xy,bernstein,1.4888507093857584e-12,6.354781179526658e-13,5.724660089531075e-11
basis,tri,coupled,3.0,exponential,yy,bernstein,9.350020757636912e-13,3.9908189292751795e-13,3.412247118269986e-11
basis,tri,coupled,3.0,exponential,xxx,bernstein,1.990474451929458e-11,8.495834744014365e-12,2.4800326112183448e-11
basis,tri,coupled,3.0,exponential,xxy,bernstein,6.975975352929709e-12,2.977517933945755e-12,5.506126125280285e-12
basis,tri,coupled,3.0,exponential,xyy,bernstein,2.4267543530243074e-10,1.0357984714461778e-10,2.193749633628569e-10
basis,tri,coupled,3.0,exponential,yyy,bernstein,7.895056830520275e-11,3.369804523825117e-11,1.5932975896472093e-10
basis,tri,coupled,3.0,constant,x,bernstein,7.663647098368469e-13,7.66364709836832e-13,nan
basis,tri,coupled,3.0,constant,y,bernstein,7.375229166007439e-13,7.375229166007296e-13,nan
basis,tri,coupled,3.0,constant,xx,bernstein,4.578721076016621e-11,4.5787210760165324e-11,nan
basis,tri,coupled,3.0,constant,xy,bernstein,3.39951967296929e-11,3.399519672969224e-11,nan
basis,tri,coupled,3.0,constant,yy,bernstein,4.3871422510994565e-11,4.387142251099372e-11,nan
basis,tri,coupled,3.0,constant,xxx,bernstein,1.511486264267232e-09,1.5114862642672029e-09,2.292128481717715
basis,tri,coupled,3.0,constant,xxy,bernstein,9.70087610745216e-10,9.70087610745197e-10,1.5042826109266592
basis,tri,coupled,3.0,constant,xyy,bernstein,1.012456487775097e-09,1.0124564877750774e-09,1.5838102664943756
basis,tri,coupled,3.0,constant,yyy,bernstein,1.504396774077625e-09,1.504396774077596e-09,2.192805121406632
basis,tri,coupled,4.0,sine,x,gl,1.8896397033923984e-14,1.3321423764147333e-14,1.2360091902802792e-10
basis,tri,coupled,4.0,sine,y,gl,3.827493877395227e-14,1.7988497244183535e-14,2.2229101032852284e-10
basis,tri,coupled,4.0,sine,xx,gl,2.7989624507007704e-12,9.925980884214612e-13,2.2053957255291382e-10
basis,tri,coupled,4.0,sine,xy,gl,2.048725772363369e-13,4.8436073989691374e-14,2.5517216657125728e-11
basis,tri,coupled,4.0,sine,yy,gl,4.022299854300471e-12,6.339693871502426e-13,2.3400734984958934e-10
basis,tri,coupled,4.0,sine,xxx,gl,1.3119511033110598e-10,2.3122207600834397e-11,2.733604031434733e-10
basis,tri,coupled,4.0,sine,xxy,gl,1.4251377855600822e-12,1.6744695059823204e-13,3.3266775688103564e-12
basis,tri,coupled,4.0,sine,xyy,gl,8.322204037014558e-11,6.5187974682121545e-12,1.734445947198068e-10
basis,tri,coupled,4.0,sine,yyy,gl,3.6286862403756004e-11,1.894904328347686e-12,4.355021601551427e-11
basis,tri,coupled,4.0,shortwave,x,gl,6.168676680573526e-15,1.090907906553719e-15,4.9355839667736e-13
basis,tri,coupled,4.0,shortwave,y,gl,2.1441182163073336e-15,5.055726181103796e-16,1.9095471336850577e-13
basis,tri,coupled,4.0,shortwave,xx,gl,2.2724044868027704e-12,5.0193759585950025e-14,1.882739442400014e-12
basis,tri,coupled,4.0,shortwave,xy,gl,8.607559109918839e-13,2.5350284546275757e-14,1.5887939031531077e-12
basis,tri,coupled,4.0,shortwave,yy,gl,2.3647750424515834e-13,9.286058056419703e-15,2.705727498633851e-13
basis,tri,coupled,4.0,shortwave,xxx,gl,1.2300205298743094e-10,3.3988223658675236e-13,2.0760867676082285e-12
basis,tri,coupled,4.0,shortwave,xxy,gl,5.1944226697742124e-11,1.9137805176419053e-13,1.7326225918966126e-12
basis,tri,coupled,4.0,shortwave,xyy,gl,8.324363420797454e-11,4.0892589479850783e-13,3.2180955394105486e-12
basis,tri,coupled,4.0,shortwave,yyy,gl,4.9105608468380524e-11,3.216350827482054e-13,1.5212930115436146e-12
basis,tri,coupled,4.0,exponential,x,gl,1.4407438526172107e-13,6.149449277495339e-14,7.381205663242614e-09
basis,tri,coupled,4.0,exponential,y,gl,1.6202879695500355e-14,6.9157877478246955e-15,9.043393912488472e-10
basis,tri,coupled,4.0,exponential,xx,gl,2.3244304050984432e-11,9.921240926521978e-12,1.0234149962568101e-08
basis,tri,coupled,4.0,exponential,xy,gl,2.229722916718968e-12,9.517006062059018e-13,1.7294463003127265e-09
basis,tri,coupled,4.0,exponential,yy,gl,5.873845247000853e-13,2.507101685332385e-13,3.39230589151903e-10
basis,tri,coupled,4.0,exponential,xxx,gl,1.621984907496099e-10,6.923030696533044e-11,1.4987342572296024e-09
basis,tri,coupled,4.0,exponential,xxy,gl,7.305700489013134e-10,3.11825273535944e-10,7.605199714243175e-09
basis,tri,coupled,4.0,exponential,xyy,gl,2.5891762345242597e-10,1.1051241270805967e-10,3.0167405444039224e-09
basis,tri,coupled,4.0,exponential,yyy,gl,4.0077741819688484e-10,1.7106166375724847e-10,7.044475404333214e-09
basis,tri,coupled,4.0,constant,x,gl,1.6083415014924481e-13,1.6083415014924633e-13,nan
basis,tri,coupled,4.0,constant,y,gl,1.628803158499357e-13,1.6288031584993725e-13,nan
basis,tri,coupled,4.0,constant,xx,gl,1.9746284731961516e-11,1.9746284731961704e-11,nan
basis,tri,coupled,4.0,constant,xy,gl,1.2579457966976275e-11,1.2579457966976393e-11,nan
basis,tri,coupled,4.0,constant,yy,gl,2.032827666583786e-11,2.032827666583805e-11,nan
basis,tri,coupled,4.0,constant,xxx,gl,9.897101224600029e-10,9.897101224600122e-10,0.3208281920341725
basis,tri,coupled,4.0,constant,xxy,gl,7.02117790709201e-10,7.021177907092076e-10,0.2908994428907243
basis,tri,coupled,4.0,constant,xyy,gl,6.016201203184876e-10,6.016201203184933e-10,0.23572270590637015
basis,tri,coupled,4.0,constant,yyy,gl,1.0122531893204042e-09,1.0122531893204137e-09,0.3233148724610807
basis,tri,coupled,4.0,sine,x,bernstein,5.336798169185142e-14,3.7622912890647364e-14,3.4907879909284615e-10
basis,tri,coupled,4.0,sine,y,bernstein,4.341958650261324e-16,2.0406384364418287e-16,2.5216980251007065e-12
basis,tri,coupled,4.0,sine,xx,bernstein,1.9520496330471815e-12,6.922567802870431e-13,1.53808491273798e-10
basis,tri,coupled,4.0,sine,xy,bernstein,3.1406370559761143e-12,7.425109346993905e-13,3.911715139224893e-10
basis,tri,coupled,4.0,sine,yy,bernstein,1.3714168689560324e-12,2.161540271568755e-13,7.978560491961012e-11
basis,tri,coupled,4.0,sine,xxx,bernstein,2.7367857979854193e-10,4.823390842869734e-11,5.702414268081509e-10
basis,tri,coupled,4.0,sine,xxy,bernstein,5.2787163529188774e-11,6.202242094240104e-12,1.232202770938832e-10
basis,tri,coupled,4.0,sine,xyy,bernstein,3.040212526173036e-11,2.3814039682633415e-12,6.336163198100642e-11
basis,tri,coupled,4.0,sine,yyy,bernstein,2.7839508476290575e-11,1.4537824881033167e-12,3.341199893277903e-11
basis,tri,coupled,4.0,shortwave,x,bernstein,3.705889761729253e-14,6.553730485856889e-15,2.965097870702599e-12
basis,tri,coupled,4.0,shortwave,y,bernstein,1.2823075934420558e-14,3.0236187646212997e-15,1.1420204216990248e-12
basis,tri,coupled,4.0,shortwave,xx,bernstein,5.655476087440547e-13,1.2492036903011014e-14,4.685692163174551e-13
basis,tri,coupled,4.0,shortwave,xy,bernstein,3.0290214780848146e-12,8.920828237792358e-14,5.591005295979135e-12
basis,tri,coupled,4.0,shortwave,yy,bernstein,1.1501910535116622e-13,4.516599129789113e-15,1.3160252059082955e-13
basis,tri,coupled,4.0,shortwave,xxx,bernstein,1.6862600205058698e-10,4.659514319609962e-13,2.846149336773062e-12
basis,tri,coupled,4.0,shortwave,xxy,bernstein,6.712141953357786e-11,2.472953650216026e-13,2.2388645529514194e-12
basis,tri,coupled,4.0,shortwave,xyy,bernstein,5.041300710217911e-11,2.476487750070772e-13,1.948904259495356e-12
basis,tri,coupled,4.0,shortwave,yyy,bernstein,3.310702823000611e-10,2.16846549639269e-12,1.0256565848627286e-11
basis,tri,coupled,4.0,exponential,x,bernstein,7.007993835304697e-14,2.991184210081526e-14,3.5903289603598784e-09
basis,tri,coupled,4.0,exponential,y,bernstein,8.962476282501665e-14,3.825405411231153e-14,5.002271508348378e-09
basis,tri,coupled,4.0,exponential,xx,bernstein,5.085953793532161e-12,2.170810225856341e-12,2.2392760700226617e-09
basis,tri,coupled,4.0,exponential,xy,bernstein,1.0094488179374084e-12,4.308575943501177e-13,7.829616453446279e-10
basis,tri,coupled,4.0,exponential,yy,bernstein,2.420590203972006e-12,1.0331674609534359e-12,1.3979568859224144e-09
basis,tri,coupled,4.0,exponential,xxx,bernstein,1.2135042970484733e-11,5.1795349389596824e-12,1.1212930853280756e-10
basis,tri,coupled,4.0,exponential,xxy,bernstein,2.490540829125365e-10,1.0630241089986979e-10,2.592641243705541e-09
basis,tri,coupled,4.0,exponential,xyy,bernstein,3.746710441898671e-10,1.5991882094838645e-10,4.3654244726582176e-09
basis,tri,coupled,4.0,exponential,yyy,bernstein,2.188992945240109e-10,9.343160521626493e-11,3.84759875752968e-09
basis,tri,coupled,4.0,constant,x,bernstein,2.7442180595196088e-12,2.7442180595196346e-12,nan
basis,tri,coupled,4.0,constant,y,bernstein,2.8197712073481028e-12,2.8197712073481294e-12,nan
basis,tri,coupled,4.0,constant,xx,bernstein,2.491858304399338e-10,2.4918583043993614e-10,nan
basis,tri,coupled,4.0,constant,xy,bernstein,2.048167473074766e-10,2.0481674730747853e-10,nan
basis,tri,coupled,4.0,constant,yy,bernstein,2.6811953277264456e-10,2.681195327726471e-10,nan
basis,tri,coupled,4.0,constant,xxx,bernstein,1.4184734226965465e-08,1.4184734226965599e-08,4.598177318032321
basis,tri,coupled,4.0,constant,xxy,bernstein,1.0629634238523428e-08,1.0629634238523529e-08,4.404039776566955
basis,tri,coupled,4.0,constant,xyy,bernstein,1.08075559613095e-08,1.0807555961309602e-08,4.234543110170164
basis,tri,coupled,4.0,constant,yyy,bernstein,1.5186651649443573e-08,1.5186651649443716e-08,4.85063459710824
basis,quad,separable,3.0,represented_quadratic,x,gl,5.399326818977812e-17,2.6850278355905254e-17,1.555862057757176e-13
basis,quad,separable,3.0,represented_quadratic,y,gl,4.8490942164414186e-17,2.7576491509110442e-17,2.668817782841059e-12
basis,quad,separable,3.0,represented_quadratic,xx,gl,2.1916912729125215e-12,1.1662221368049112e-13,1.4040969925213716e-11
basis,quad,separable,3.0,represented_quadratic,xy,gl,2.585822181377928e-17,2.2210282058381382e-17,2.0355017445768302e-13
basis,quad,separable,3.0,represented_quadratic,yy,gl,2.8129321788528117e-13,4.333886444878314e-14,5.847239236129174e-11
basis,quad,separable,3.0,represented_quadratic,xxx,gl,3.3712410640873713e-10,5.43362217771648e-13,6.419445424231101e-12
basis,quad,separable,3.0,represented_quadratic,xxy,gl,5.737604835687193e-12,8.349126070205911e-13,1.0052099235356819e-10
basis,quad,separable,3.0,represented_quadratic,xyy,gl,2.4223034819290112e-11,1.1514662887238711e-11,1.5370166882974198e-08
basis,quad,separable,3.0,represented_quadratic,yyy,gl,4.970246436641901e-12,9.515770797166298e-14,5.864280673096476e-12
basis,quad,separable,3.0,constant,x,gl,1.311730413227167e-14,1.3117304132271632e-14,nan
basis,quad,separable,3.0,constant,y,gl,1.282848282889777e-14,1.2828482828897733e-14,nan
basis,quad,separable,3.0,constant,xx,gl,3.0641933126233052e-12,3.0641933126232963e-12,nan
basis,quad,separable,3.0,constant,xy,gl,1.2794249495595363e-12,1.2794249495595326e-12,nan
basis,quad,separable,3.0,constant,yy,gl,1.4150219688403492e-12,1.4150219688403451e-12,nan
basis,quad,separable,3.0,constant,xxx,gl,3.40310861859649e-10,3.40310861859648e-10,0.28889184048086175
basis,quad,separable,3.0,constant,xxy,gl,1.7327205451893793e-10,1.7327205451893744e-10,0.2206190779365556
basis,quad,separable,3.0,constant,xyy,gl,1.1660714214985162e-10,1.1660714214985128e-10,0.23890645565666346
basis,quad,separable,3.0,constant,yyy,gl,8.12546134772737e-11,8.125461347727347e-11,0.2557733562753971
basis,quad,separable,3.0,represented_quadratic,x,bernstein,1.089623183347932e-17,5.418580270619433e-18,3.1398421045099636e-14
basis,quad,separable,3.0,represented_quadratic,y,bernstein,1.5717543369250797e-17,8.938467307906885e-18,8.650535001816428e-13
basis,quad,separable,3.0,represented_quadratic,xx,bernstein,3.1979141557059165e-12,1.7016439888588654e-13,2.048729081446417e-11
basis,quad,separable,3.0,represented_quadratic,xy,bernstein,7.174707876422826e-17,6.162538428567665e-17,5.6477705638311e-13
basis,quad,separable,3.0,represented_quadratic,yy,bernstein,1.4081522406450553e-12,2.1695410767228317e-13,2.927124618874011e-10
basis,quad,separable,3.0,represented_quadratic,xxx,bernstein,4.851798962590692e-10,7.819922083231766e-13,9.238692237549473e-12
basis,quad,separable,3.0,represented_quadratic,xxy,bernstein,2.756078351651148e-10,4.010531620124152e-11,4.828560677253025e-09
basis,quad,separable,3.0,represented_quadratic,xyy,bernstein,1.0953125383680179e-09,5.206678159678697e-10,6.950052555067867e-07
basis,quad,separable,3.0,represented_quadratic,yyy,bernstein,1.0818634876841315e-10,2.0712785802187907e-12,1.276466111415051e-10
basis,quad,separable,3.0,constant,x,bernstein,7.45584962747461e-13,7.455849627474589e-13,nan
basis,quad,separable,3.0,constant,y,bernstein,6.824540112660442e-13,6.824540112660422e-13,nan
basis,quad,separable,3.0,constant,xx,bernstein,7.64838181264331e-11,7.648381812643287e-11,nan
basis,quad,separable,3.0,constant,xy,bernstein,7.22338252237492e-11,7.223382522374899e-11,nan
basis,quad,separable,3.0,constant,yy,bernstein,4.578068412622464e-11,4.578068412622451e-11,nan
basis,quad,separable,3.0,constant,xxx,bernstein,6.3208168560599305e-09,6.320816856059912e-09,5.365777644918956
basis,quad,separable,3.0,constant,xxy,bernstein,6.853274257646922e-09,6.853274257646902e-09,8.725948634741588
basis,quad,separable,3.0,constant,xyy,bernstein,4.601411739268095e-09,4.601411739268082e-09,9.427441144495134
basis,quad,separable,3.0,constant,yyy,bernstein,1.755612654931586e-09,1.7556126549315808e-09,5.526319329511119
basis,tri,separable,3.0,represented_quadratic,x,gl,1.1275702593849246e-17,5.607287046213054e-18,4.134117065367034e-14
basis,tri,separable,3.0,represented_quadratic,y,gl,2.2475172222445605e-17,1.2781488011856059e-17,1.5185691306427959e-12
basis,tri,separable,3.0,represented_quadratic,xx,gl,3.1980529335839947e-12,1.701717834037439e-13,2.599529801053563e-11
basis,tri,separable,3.0,represented_quadratic,xy,gl,1.4025072336137923e-12,1.2046490076469004e-12,9.4508989477927e-10
basis,tri,separable,3.0,represented_quadratic,yy,gl,2.1011018445926677e-12,3.23716898403947e-13,5.448052557956849e-10
basis,tri,separable,3.0,represented_quadratic,xxx,gl,3.4773250945363543e-10,5.60460388136515e-13,7.757934544425489e-12
basis,tri,separable,3.0,represented_quadratic,xxy,gl,9.418588131637762e-11,1.3705541243494902e-11,3.248374799451485e-10
basis,tri,separable,3.0,represented_quadratic,xyy,gl,1.8109253246273438e-10,8.608415412275874e-11,3.409885985382132e-08
basis,tri,separable,3.0,represented_quadratic,yyy,gl,7.304268301311367e-11,1.3984365540483573e-12,1.0013850131081336e-10
basis,tri,separable,3.0,constant,x,gl,1.8171458102357184e-13,1.8171458102357138e-13,nan
basis,tri,separable,3.0,constant,y,gl,1.3985612862626873e-13,1.3985612862626838e-13,nan
basis,tri,separable,3.0,constant,xx,gl,3.0664566420607376e-11,3.06645664206073e-11,nan
basis,tri,separable,3.0,constant,xy,gl,1.1719795899315546e-11,1.1719795899315517e-11,nan
basis,tri,separable,3.0,constant,yy,gl,1.1878184727739457e-11,1.1878184727739428e-11,nan
basis,tri,separable,3.0,constant,xxx,gl,1.8480015889387203e-09,1.8480015889387158e-09,0.521390366552854
basis,tri,separable,3.0,constant,xxy,gl,9.292649566900091e-10,9.292649566900068e-10,0.596733157688897
basis,tri,separable,3.0,constant,xyy,gl,4.985804021288313e-10,4.9858040212883e-10,0.45539423295887693
basis,tri,separable,3.0,constant,yyy,gl,2.547057453037184e-10,2.547057453037178e-10,0.213911751113239
basis,tri,separable,3.0,represented_quadratic,x,bernstein,1.2576745200831851e-17,6.254281705391483e-18,4.611130572909384e-14
basis,tri,separable,3.0,represented_quadratic,y,bernstein,3.7161029461940664e-17,2.1133241955835874e-17,2.510841369547024e-12
basis,tri,separable,3.0,represented_quadratic,xx,bernstein,5.35790856126539e-12,2.850999886868421e-13,4.355163365204377e-11
basis,tri,separable,3.0,represented_quadratic,xy,bernstein,4.300073535093429e-12,3.693442138983958e-12,2.897636423844401e-09
basis,tri,separable,3.0,represented_quadratic,yy,bernstein,3.979167256112914e-12,6.130705589995521e-13,1.031778274051578e-09
basis,tri,separable,3.0,represented_quadratic,xxx,bernstein,3.6928327062923927e-10,5.951949833922017e-13,8.23873340572716e-12
basis,tri,separable,3.0,represented_quadratic,xxy,bernstein,4.6214748694595187e-10,6.724979746846488e-11,1.5938994563126961e-09
basis,tri,separable,3.0,represented_quadratic,xyy,bernstein,4.73634902999065e-10,2.2514710812871117e-10,8.91831924796062e-08
basis,tri,separable,3.0,represented_quadratic,yyy,bernstein,9.220779695340298e-11,1.7653616831785478e-12,1.2641308088898946e-10
basis,tri,separable,3.0,constant,x,bernstein,1.0126119783444318e-12,1.0126119783444293e-12,nan
basis,tri,separable,3.0,constant,y,bernstein,8.715002790083662e-13,8.715002790083641e-13,nan
basis,tri,separable,3.0,constant,xx,bernstein,1.01988464215397e-10,1.0198846421539675e-10,nan
basis,tri,separable,3.0,constant,xy,bernstein,4.763321911818193e-11,4.763321911818181e-11,nan
basis,tri,separable,3.0,constant,yy,bernstein,6.625937993125189e-11,6.625937993125172e-11,nan
basis,tri,separable,3.0,constant,xxx,bernstein,8.890465323837823e-09,8.890465323837802e-09,2.5083327859492175
basis,tri,separable,3.0,constant,xxy,bernstein,2.4828966920415687e-09,2.4828966920415625e-09,1.5944072490743173
basis,tri,separable,3.0,constant,xyy,bernstein,1.6512519961959904e-09,1.6512519961959863e-09,1.5082234139543678
basis,tri,separable,3.0,constant,yyy,bernstein,3.1535295361690557e-09,3.153529536169048e-09,2.6484562586715827
assembly,quad,coupled,3.0,sine,x,gll,2.3438282564791635e-15,1.6523324197140745e-15,9.177012728337668e-12
assembly,quad,coupled,3.0,sine,y,gll,1.4309300272463688e-15,6.725100464238558e-16,1.8653959015739734e-12
assembly,quad,coupled,3.0,sine,xx,gll,2.454113301464389e-13,8.703039839613855e-14,1.0999196994983362e-11
assembly,quad,coupled,3.0,sine,xy,gll,2.0557340552063152e-14,4.8601764152279065e-15,3.9681888226237985e-12
assembly,quad,coupled,3.0,sine,yy,gll,2.217392935932594e-13,3.494914082950607e-14,3.29495042940748e-12
assembly,quad,coupled,3.0,sine,xxx,gll,1.4013679106028576e-11,2.4698115404095323e-12,1.246207223923751e-11
assembly,quad,coupled,3.0,sine,xxy,gll,9.04123997891304e-12,1.0623029432209192e-12,5.967828031986604e-11
assembly,quad,coupled,3.0,sine,xyy,gll,1.608324584623233e-12,1.259803554884531e-13,6.17442424940516e-12
assembly,quad,coupled,3.0,sine,yyy,gll,1.6823875625959772e-11,8.78544812954508e-13,5.038696465026917e-12
assembly,quad,coupled,3.0,shortwave,x,gll,3.00454106039183e-15,5.313420962179406e-16,9.552996844181463e-14
assembly,quad,coupled,3.0,shortwave,y,gll,2.71657696337968e-15,6.40555598673823e-16,1.9379751542365886e-13
assembly,quad,coupled,3.0,shortwave,xx,gll,4.374278717023117e-13,9.662078012929749e-15,1.6568864450098707e-13
assembly,quad,coupled,3.0,shortwave,xy,gll,5.012656956182582e-14,1.476287046645612e-15,1.422870041647025e-13
assembly,quad,coupled,3.0,shortwave,yy,gll,3.8480330033507926e-13,1.5110552687113234e-14,3.28956578855696e-13
assembly,quad,coupled,3.0,shortwave,xxx,gll,3.346656285430072e-11,9.247561286601384e-14,2.656271753933878e-13
assembly,quad,coupled,3.0,shortwave,xxy,gll,9.28679355638451e-12,3.421532229748911e-14,4.3578325181917973e-13
assembly,quad,coupled,3.0,shortwave,xyy,gll,3.771205570046732e-12,1.8525664176885832e-14,3.651174075374206e-13
assembly,quad,coupled,3.0,shortwave,yyy,gll,2.5337953957205173e-11,1.6596016568949543e-13,4.568631504830885e-13
assembly,quad,coupled,3.0,exponential,x,gll,2.2299531470502953e-15,9.517988741764342e-16,1.0447741799208546e-10
assembly,quad,coupled,3.0,exponential,y,gll,9.596642735034203e-15,4.096083257695906e-15,6.801193357105419e-10
assembly,quad,coupled,3.0,exponential,xx,gll,5.617084488512836e-13,2.3975098756636996e-13,2.878038107570543e-10
assembly,quad,coupled,3.0,exponential,xy,gll,3.600849815803969e-13,1.5369313051685107e-13,1.5010763763948931e-09
assembly,quad,coupled,3.0,exponential,yy,gll,1.4542002584744251e-12,6.206884528824675e-13,9.776176221688797e-10
assembly,quad,coupled,3.0,exponential,xxx,gll,4.0854084004671165e-11,1.7437528323225553e-11,3.9935519483736875e-10
assembly,quad,coupled,3.0,exponential,xxy,gll,1.9209352858373663e-11,8.199024472080332e-12,1.139108199400761e-09
assembly,quad,coupled,3.0,exponential,xyy,gll,2.307680435631454e-11,9.849747935280101e-12,3.310849864477448e-09
assembly,quad,coupled,3.0,exponential,yyy,gll,9.632740438636489e-11,4.111490645826216e-11,1.074665960820169e-09
assembly,quad,coupled,3.0,constant,x,gll,2.817182883811659e-15,2.8171828838116643e-15,nan
assembly,quad,coupled,3.0,constant,y,gll,2.809012323925401e-15,2.809012323925406e-15,nan
assembly,quad,coupled,3.0,constant,xx,gll,2.7299382951102767e-13,2.729938295110282e-13,nan
assembly,quad,coupled,3.0,constant,xy,gll,1.9301852602367466e-13,1.93018526023675e-13,nan
assembly,quad,coupled,3.0,constant,yy,gll,2.5457209237480293e-13,2.5457209237480344e-13,nan
assembly,quad,coupled,3.0,constant,xxx,gll,1.8653742416610533e-11,1.865374241661057e-11,0.0883846432461389
assembly,quad,coupled,3.0,constant,xxy,gll,1.827671075052412e-11,1.8276710750524155e-11,0.04702923465720016
assembly,quad,coupled,3.0,constant,xyy,gll,1.1393884181696314e-11,1.1393884181696335e-11,0.028510569943506585
assembly,quad,coupled,3.0,constant,yyy,gll,1.6425802576752776e-11,1.6425802576752808e-11,0.06021037643832169
evaluation,quad,coupled,3.0,sine,x,gll,1.0365514870047665e-15,7.307393884113428e-16,4.058508196376736e-12
evaluation,quad,coupled,3.0,sine,y,gll,6.97467257559925e-16,3.277964182940343e-16,9.092356292487779e-13
evaluation,quad,coupled,3.0,sine,xx,gll,8.93729534823251e-15,3.169439545747549e-15,4.005645219350695e-13
evaluation,quad,coupled,3.0,sine,xy,gll,3.21322829455184e-14,7.596729905005402e-15,6.202502979744366e-12
evaluation,quad,coupled,3.0,sine,yy,gll,9.99339500040719e-14,1.5750955258059406e-14,1.4849754689049483e-12
evaluation,quad,coupled,3.0,sine,xxx,gll,2.8459457013241263e-12,5.0157774295584e-13,2.5308400920634292e-12
evaluation,quad,coupled,3.0,sine,xxy,gll,5.752343046339092e-12,6.758731062104883e-13,3.796934287952919e-11
evaluation,quad,coupled,3.0,sine,xyy,gll,3.971878381747729e-12,3.1111795173279633e-13,1.5248204516936064e-11
evaluation,quad,coupled,3.0,sine,yyy,gll,1.1113776565707667e-11,5.803627517949403e-13,3.3285402210369446e-12
evaluation,quad,coupled,3.0,shortwave,x,gll,1.547373340571312e-15,2.73647315142265e-16,4.919903686495303e-14
evaluation,quad,coupled,3.0,shortwave,y,gll,1.2160411566597418e-15,2.8673657386356957e-16,8.675099509066722e-14
evaluation,quad,coupled,3.0,shortwave,xx,gll,3.907985046680551e-14,8.632110305967694e-16,1.4802640320900367e-14
evaluation,quad,coupled,3.0,shortwave,xy,gll,3.84747789183848e-13,1.1331279645958734e-14,1.0921276033948538e-12
evaluation,quad,coupled,3.0,shortwave,yy,gll,4.218847493575595e-15,1.6566676344786583e-16,3.6065637612569095e-15
evaluation,quad,coupled,3.0,shortwave,xxx,gll,5.826450433232822e-13,1.6099788227204109e-15,4.6245070875281955e-15
evaluation,quad,coupled,3.0,shortwave,xxy,gll,2.2520652009916375e-11,8.297281103434716e-14,1.0567827212248586e-12
evaluation,quad,coupled,3.0,shortwave,xyy,gll,4.9826809345177026e-12,2.4476913808838796e-14,4.824090099587682e-13
evaluation,quad,coupled,3.0,shortwave,yyy,gll,2.9629632081196178e-12,1.9407007597453616e-14,5.3424546761482866e-14
evaluation,quad,coupled,3.0,exponential,x,gll,5.244086008536833e-15,2.2383049462774975e-15,2.4569510199130314e-10
evaluation,quad,coupled,3.0,exponential,y,gll,1.2611219441785101e-15,5.382778773877212e-16,8.937640408279912e-11
evaluation,quad,coupled,3.0,exponential,xx,gll,1.6702351307573693e-14,7.128974522032584e-15,8.557820991927908e-12
evaluation,quad,coupled,3.0,exponential,xy,gll,8.774173607725005e-13,3.7450331961942717e-13,3.657665661905121e-09
evaluation,quad,coupled,3.0,exponential,yy,gll,5.213785132796023e-13,2.2253717869172607e-13,3.5050799876564226e-10
evaluation,quad,coupled,3.0,exponential,xxx,gll,6.2428395786184865e-12,2.664597545671727e-12,6.102475375466908e-11
evaluation,quad,coupled,3.0,exponential,xxy,gll,3.9208081226149716e-12,1.6734973835226412e-12,2.3250261024805528e-10
evaluation,quad,coupled,3.0,exponential,xyy,gll,1.175020714408448e-10,5.015277538845643e-11,1.685812781089376e-08
evaluation,quad,coupled,3.0,exponential,yyy,gll,5.677609771215231e-11,2.423343555627582e-11,6.334162120129404e-10
evaluation,quad,coupled,3.0,constant,x,gll,1.7346274578366346e-14,1.7346274578366378e-14,nan
evaluation,quad,coupled,3.0,constant,y,gll,1.6974971229687768e-14,1.69749712296878e-14,nan
evaluation,quad,coupled,3.0,constant,xx,gll,1.3257232388454282e-12,1.3257232388454307e-12,nan
evaluation,quad,coupled,3.0,constant,xy,gll,8.836979834342154e-13,8.836979834342172e-13,nan
evaluation,quad,coupled,3.0,constant,yy,gll,8.47933362136183e-13,8.479333621361846e-13,nan
evaluation,quad,coupled,3.0,constant,xxx,gll,8.192620863486937e-11,8.192620863486952e-11,0.3881804820170449
evaluation,quad,coupled,3.0,constant,xxy,gll,8.266953533723578e-11,8.266953533723593e-11,0.21272345059490913
evaluation,quad,coupled,3.0,constant,xyy,gll,3.477017911749052e-11,3.477017911749058e-11,0.08700436197780262
evaluation,quad,coupled,3.0,constant,yyy,gll,1.0353804738928164e-11,1.0353804738928184e-11,0.03795287797882356
assembly,quad,separable,3.0,represented_quadratic,x,gll,1.1926223897340549e-18,5.930784375802365e-19,3.4366430994636416e-15
assembly,quad,separable,3.0,represented_quadratic,y,gll,2.605473345754228e-18,1.4817161801639135e-18,1.433986078119602e-13
assembly,quad,separable,3.0,represented_quadratic,xx,gll,8.292255770925294e-13,4.412397112504879e-14,5.312395743448723e-12
assembly,quad,separable,3.0,represented_quadratic,xy,gll,2.168404344971009e-18,1.8624974472437217e-18,1.7069197019512203e-14
assembly,quad,separable,3.0,represented_quadratic,yy,gll,3.210088445060322e-13,4.945785363577866e-14,6.672807559497069e-11
assembly,quad,separable,3.0,represented_quadratic,xxx,gll,2.9836400017302367e-10,4.808903360968104e-13,5.6813837374886855e-12
assembly,quad,separable,3.0,represented_quadratic,xxy,gll,2.926905939837354e-11,4.259112885457151e-12,5.127845120458976e-10
assembly,quad,separable,3.0,represented_quadratic,xyy,gll,3.9075914596078953e-11,1.8575128465160918e-11,2.4794718454034833e-08
assembly,quad,separable,3.0,represented_quadratic,yyy,gll,6.599210067292915e-11,1.2634498358020988e-12,7.786257793985074e-11
assembly,quad,separable,3.0,constant,x,gll,5.470104351077618e-15,5.4701043510776024e-15,nan
assembly,quad,separable,3.0,constant,y,gll,8.394453773353366e-16,8.394453773353342e-16,nan
assembly,quad,separable,3.0,constant,xx,gll,1.190422355827007e-12,1.1904223558270036e-12,nan
assembly,quad,separable,3.0,constant,xy,gll,4.485347821007008e-13,4.4853478210069946e-13,nan
assembly,quad,separable,3.0,constant,yy,gll,1.1512236650502533e-13,1.15122366505025e-13,nan
assembly,quad,separable,3.0,constant,xxx,gll,1.823514013131169e-10,1.8235140131311637e-10,0.1547991493769505
assembly,quad,separable,3.0,constant,xxy,gll,1.171361399790702e-10,1.1713613997906987e-10,0.14914388397469655
assembly,quad,separable,3.0,constant,xyy,gll,3.6720173151215356e-11,3.672017315121525e-11,0.0752328395749728
assembly,quad,separable,3.0,constant,yyy,gll,2.489935620169936e-11,2.489935620169929e-11,0.07837821918365923
evaluation,quad,separable,3.0,represented_quadratic,x,gll,4.1622521401718515e-16,2.0698437471550255e-16,1.199388441712811e-12
evaluation,quad,separable,3.0,represented_quadratic,y,gll,1.0916560624213423e-16,6.208178845888335e-17,6.008196545775497e-12
evaluation,quad,separable,3.0,represented_quadratic,xx,gll,8.410216967291717e-13,4.475165514326226e-14,5.387967044525364e-12
evaluation,quad,separable,3.0,represented_quadratic,xy,gll,1.8057387182746076e-16,1.5509947491922093e-16,1.4214373817998788e-12
evaluation,quad,separable,3.0,represented_quadratic,yy,gll,4.4958568118369513e-13,6.926769525911678e-14,9.345532945238915e-11
evaluation,quad,separable,3.0,represented_quadratic,xxx,gll,8.86757334228605e-11,1.4292375495911491e-13,1.6885444272310448e-12
evaluation,quad,separable,3.0,represented_quadratic,xxy,gll,1.9496852743383641e-10,2.8371016510978244e-11,3.4157859275116522e-09
evaluation,quad,separable,3.0,represented_quadratic,xyy,gll,3.465481851136487e-11,1.6473516037677912e-11,2.1989414117288198e-08
evaluation,quad,separable,3.0,represented_quadratic,yyy,gll,2.750832894804489e-11,5.266599083555855e-13,3.245645137632088e-11
evaluation,quad,separable,3.0,constant,x,gll,1.5113990246016307e-14,1.5113990246016263e-14,nan
evaluation,quad,separable,3.0,constant,y,gll,2.5548548053006403e-14,2.554854805300633e-14,nan
evaluation,quad,separable,3.0,constant,xx,gll,8.958295067200649e-13,8.958295067200623e-13,nan
evaluation,quad,separable,3.0,constant,xy,gll,1.299380790971642e-12,1.2993807909716382e-12,nan
evaluation,quad,separable,3.0,constant,yy,gll,1.6595886291544789e-12,1.659588629154474e-12,nan
evaluation,quad,separable,3.0,constant,xxx,gll,1.9212395935068908e-10,1.9212395935068854e-10,0.16309512988798286
evaluation,quad,separable,3.0,constant,xxy,gll,6.25513807458699e-11,6.255138074586972e-11,0.07964370239693756
evaluation,quad,separable,3.0,constant,xyy,gll,6.856183251702344e-11,6.856183251702325e-11,0.1404705071917303
evaluation,quad,separable,3.0,constant,yyy,gll,3.9500230607457877e-11,3.950023060745776e-11,0.12433886672720966
assembly,tri,coupled,3.0,sine,x,gll,4.74576974940355e-15,3.345633022283461e-15,2.3911324285980918e-12
assembly,tri,coupled,3.0,sine,y,gll,1.4156210925708734e-14,6.653151366985248e-15,6.024466700551004e-12
assembly,tri,coupled,3.0,sine,xx,gll,1.127833937353273e-12,3.9996456901142376e-13,1.0983096945421154e-11
assembly,tri,coupled,3.0,sine,xy,gll,1.0109968417992832e-13,2.3902036325850202e-14,1.2355051044541403e-12
assembly,tri,coupled,3.0,sine,yy,gll,4.5419223937415154e-13,7.158689955364043e-14,3.0148487337568457e-12
assembly,tri,coupled,3.0,sine,xxx,gll,9.036149606345134e-11,1.5925572727733738e-11,3.7179761796347855e-11
assembly,tri,coupled,3.0,sine,xxy,gll,1.096167601133402e-10,1.2879450956542792e-11,4.1375231081895944e-11
assembly,tri,coupled,3.0,sine,xyy,gll,9.567635572693689e-11,7.494346241771139e-12,3.066143764780414e-11
assembly,tri,coupled,3.0,sine,yyy,gll,9.978684545330907e-12,5.210881096792317e-13,2.0890600971178463e-12
assembly,tri,coupled,3.0,shortwave,x,gll,1.609823385706477e-15,2.8469137718836266e-16,1.793148352372551e-14
assembly,tri,coupled,3.0,shortwave,y,gll,1.5515366769136563e-14,3.658447812604557e-15,2.008256296866294e-13
assembly,tri,coupled,3.0,shortwave,xx,gll,5.03597163969971e-13,1.1123651235189813e-14,8.861338588018288e-14
assembly,tri,coupled,3.0,shortwave,xy,gll,2.8910207561239076e-13,8.514399710886433e-15,9.593207847322215e-14
assembly,tri,coupled,3.0,shortwave,yy,gll,2.1760371282653068e-13,8.544917272574153e-15,5.773828849430092e-14
assembly,tri,coupled,3.0,shortwave,xxx,gll,1.1499423635541461e-10,3.1775484471837667e-13,6.372381978581359e-13
assembly,tri,coupled,3.0,shortwave,xxy,gll,1.0382450454926584e-10,3.825204968713974e-13,9.407248825481334e-13
assembly,tri,coupled,3.0,shortwave,xyy,gll,1.0888356882787775e-10,5.348794683873737e-13,1.2506411334934197e-12
assembly,tri,coupled,3.0,shortwave,yyy,gll,4.4494186113297474e-11,2.914308910677561e-13,5.070682981396636e-13
assembly,tri,coupled,3.0,exponential,x,gll,2.2418265160917272e-14,9.5686672024363e-15,4.7786117192990185e-11
assembly,tri,coupled,3.0,exponential,y,gll,6.726596276512842e-14,2.871076807821333e-14,1.5449758845152916e-10
assembly,tri,coupled,3.0,exponential,xx,gll,1.8927220901687747e-12,8.078603610728105e-13,5.524264912034341e-11
assembly,tri,coupled,3.0,exponential,xy,gll,1.4763398836770136e-12,6.30138189694374e-13,5.676555720053038e-11
assembly,tri,coupled,3.0,exponential,yy,gll,4.999122643623011e-12,2.1337485544771266e-12,1.824406841091558e-10
assembly,tri,coupled,3.0,exponential,xxx,gll,1.3528955733477233e-10,5.774491205314986e-11,1.6856408974367493e-10
assembly,tri,coupled,3.0,exponential,xxy,gll,8.880940427502537e-11,3.7906039020174175e-11,7.0097119945232e-11
assembly,tri,coupled,3.0,exponential,xyy,gll,1.2162804097215485e-10,5.191384070948412e-11,1.0994992962064863e-10
assembly,tri,coupled,3.0,exponential,yyy,gll,3.3164732071711e-10,1.415552371132646e-10,6.692958493583188e-10
assembly,tri,coupled,3.0,constant,x,gll,1.622476945386414e-14,1.622476945386383e-14,nan
assembly,tri,coupled,3.0,constant,y,gll,7.12732949092239e-15,7.127329490922252e-15,nan
assembly,tri,coupled,3.0,constant,xx,gll,1.609997367312126e-12,1.6099973673120948e-12,nan
assembly,tri,coupled,3.0,constant,xy,gll,9.23254906431659e-13,9.232549064316412e-13,nan
assembly,tri,coupled,3.0,constant,yy,gll,7.281531492375225e-13,7.281531492375085e-13,nan
assembly,tri,coupled,3.0,constant,xxx,gll,1.1751556757654272e-10,1.1751556757654045e-10,0.1782092142385445
assembly,tri,coupled,3.0,constant,xxy,gll,7.57906296167509e-11,7.579062961674944e-11,0.11752600996118194
assembly,tri,coupled,3.0,constant,xyy,gll,1.049390286987029e-10,1.0493902869870087e-10,0.1641586705362427
assembly,tri,coupled,3.0,constant,yyy,gll,6.837564566716652e-11,6.83756456671652e-11,0.09966417675308809
evaluation,tri,coupled,3.0,sine,x,gll,3.1025529367845195e-15,2.1872117921425458e-15,1.563205829680229e-12
evaluation,tri,coupled,3.0,sine,y,gll,1.5323679825041125e-14,7.201839666719465e-15,6.521307101196899e-12
evaluation,tri,coupled,3.0,sine,xx,gll,4.4257653097901084e-13,1.5695123688421557e-13,4.309908386794793e-12
evaluation,tri,coupled,3.0,sine,xy,gll,1.1851630787873546e-13,2.8019682940667225e-14,1.44834778202311e-12
evaluation,tri,coupled,3.0,sine,yy,gll,2.1403989691748393e-12,3.3735610767407333e-13,1.4207594411659307e-11
evaluation,tri,coupled,3.0,sine,xxx,gll,9.285905377964809e-11,1.636574955950149e-11,3.8207396408501917e-11
evaluation,tri,coupled,3.0,sine,xxy,gll,1.4231726908064957e-11,1.6721606125724748e-12,5.371815303670546e-12
evaluation,tri,coupled,3.0,sine,xyy,gll,5.3090865037574986e-12,4.1586170568859643e-13,1.7014049455055536e-12
evaluation,tri,coupled,3.0,sine,yyy,gll,4.5433878881340206e-11,2.372562631288956e-12,9.511684931728199e-12
evaluation,tri,coupled,3.0,shortwave,x,gll,5.773159728050814e-15,1.0209621802617144e-15,6.430600987818804e-14
evaluation,tri,coupled,3.0,shortwave,y,gll,1.6778245459647678e-14,3.9562284485142305e-15,2.171719018704248e-13
evaluation,tri,coupled,3.0,shortwave,xx,gll,6.572520305780927e-13,1.451764006003609e-14,1.1565062707466548e-13
evaluation,tri,coupled,3.0,shortwave,xy,gll,5.950795411990839e-14,1.7525799712116467e-15,1.974638788849734e-14
evaluation,tri,coupled,3.0,shortwave,yy,gll,5.782041512247815e-13,2.2705065895697035e-14,1.534188808562853e-13
evaluation,tri,coupled,3.0,shortwave,xxx,gll,1.2789769243681803e-11,3.5340998547520884e-14,7.087424345925881e-14
evaluation,tri,coupled,3.0,shortwave,xxy,gll,2.3021584638627246e-12,8.481839651405199e-15,2.0859215846263017e-14
evaluation,tri,coupled,3.0,shortwave,xyy,gll,5.030642569181509e-12,2.471252046582228e-14,5.778216670016584e-14
evaluation,tri,coupled,3.0,shortwave,yyy,gll,2.9899638320785016e-11,1.9583858026399194e-13,3.407447139207449e-13
evaluation,tri,coupled,3.0,exponential,x,gll,8.386965167500593e-14,3.5797631061187334e-14,1.7877409224617782e-10
evaluation,tri,coupled,3.0,exponential,y,gll,1.9821628062868801e-13,8.460358595218936e-14,4.5526646895537657e-10
evaluation,tri,coupled,3.0,exponential,xx,gll,1.9340931634026504e-11,8.255185531202802e-12,5.64501415960017e-10
evaluation,tri,coupled,3.0,exponential,xy,gll,6.779066891171581e-12,2.8934725572681744e-12,2.606564474967544e-10
evaluation,tri,coupled,3.0,exponential,yy,gll,1.61926756725439e-11,6.9114324197430135e-12,5.909442591941685e-10
evaluation,tri,coupled,3.0,exponential,xxx,gll,1.7959900233677217e-10,7.665727347386932e-11,2.2377146428868607e-10
evaluation,tri,coupled,3.0,exponential,xxy,gll,6.648814832033167e-11,2.8378777733996915e-11,5.2478988523710974e-11
evaluation,tri,coupled,3.0,exponential,xyy,gll,2.1828849838811948e-10,9.31709023959999e-11,1.973295371933638e-10
evaluation,tri,coupled,3.0,exponential,yyy,gll,2.2559398793475793e-10,9.628906509596327e-11,4.5527013285813787e-10
evaluation,tri,coupled,3.0,constant,x,gll,1.0677227750339872e-13,1.0677227750339666e-13,nan
evaluation,tri,coupled,3.0,constant,y,gll,7.154576663080246e-14,7.154576663080107e-14,nan
evaluation,tri,coupled,3.0,constant,xx,gll,6.25770441821209e-12,6.2577044182119685e-12,nan
evaluation,tri,coupled,3.0,constant,xy,gll,4.370315917666243e-12,4.3703159176661585e-12,nan
evaluation,tri,coupled,3.0,constant,yy,gll,3.2200497933456124e-12,3.22004979334555e-12,nan
evaluation,tri,coupled,3.0,constant,xxx,gll,1.3055260427908485e-10,1.3055260427908232e-10,0.19797953160731202
evaluation,tri,coupled,3.0,constant,xxy,gll,1.150986818424848e-10,1.1509868184248258e-10,0.17847969989352197
evaluation,tri,coupled,3.0,constant,xyy,gll,7.011669356090831e-11,7.011669356090696e-11,0.10968524618618
evaluation,tri,coupled,3.0,constant,yyy,gll,3.854706597181355e-11,3.8547065971812804e-11,0.05618611069544252
assembly,tri,separable,3.0,represented_quadratic,x,gll,2.2768245622195593e-18,1.1322406535622512e-18,8.347736381991127e-15
assembly,tri,separable,3.0,represented_quadratic,y,gll,2.862971361719535e-19,1.6281536700110605e-19,1.9344100631539346e-14
assembly,tri,separable,3.0,represented_quadratic,xx,gll,1.9966250874858815e-12,1.0624253537459617e-13,1.6229520036849655e-11
assembly,tri,separable,3.0,represented_quadratic,xy,gll,6.723812045333899e-13,5.775252571885275e-13,4.530890583762984e-10
assembly,tri,separable,3.0,represented_quadratic,yy,gll,4.889101276606134e-13,7.53264152958061e-14,1.2677196388492045e-10
assembly,tri,separable,3.0,represented_quadratic,xxx,gll,1.9808652496067225e-09,3.1926738986385893e-12,4.419323051480469e-11
assembly,tri,separable,3.0,represented_quadratic,xxy,gll,2.2806323496382674e-10,3.3186821944384936e-11,7.865667919476767e-10
assembly,tri,separable,3.0,represented_quadratic,xyy,gll,4.066570431088268e-11,1.9330850973266582e-11,7.657158101972398e-09
assembly,tri,separable,3.0,represented_quadratic,yyy,gll,3.110810498085925e-10,5.955793152422553e-12,4.264792697775659e-10
assembly,tri,separable,3.0,constant,x,gll,3.27908132485857e-15,3.279081324858562e-15,nan
assembly,tri,separable,3.0,constant,y,gll,6.106517390126201e-15,6.106517390126186e-15,nan
assembly,tri,separable,3.0,constant,xx,gll,2.5026614477300106e-12,2.5026614477300045e-12,nan
assembly,tri,separable,3.0,constant,xy,gll,1.9516786650225386e-13,1.9516786650225338e-13,nan
assembly,tri,separable,3.0,constant,yy,gll,4.733820924853583e-14,4.733820924853572e-14,nan
assembly,tri,separable,3.0,constant,xxx,gll,3.13088151909209e-11,3.130881519092082e-11,0.00883338776678461
assembly,tri,separable,3.0,constant,xxy,gll,7.608663699789005e-12,7.608663699788986e-12,0.004885949785021946
assembly,tri,separable,3.0,constant,xyy,gll,3.65412000303314e-11,3.654120003033131e-11,0.03337606469920929
assembly,tri,separable,3.0,constant,yyy,gll,1.2147398374911045e-11,1.2147398374911016e-11,0.010201855693317182
evaluation,tri,separable,3.0,represented_quadratic,x,gll,4.061475548239324e-15,2.0197286191794624e-15,1.489097041607517e-11
evaluation,tri,separable,3.0,represented_quadratic,y,gll,8.888492697943506e-16,5.054829468615877e-16,6.005645027076089e-11
evaluation,tri,separable,3.0,represented_quadratic,xx,gll,5.910050226987096e-12,3.1448003144994876e-13,4.8039704188257215e-11
evaluation,tri,separable,3.0,represented_quadratic,xy,gll,2.7807454689582345e-12,2.388452757614504e-12,1.8738259451924907e-09
evaluation,tri,separable,3.0,represented_quadratic,yy,gll,6.786658908464194e-13,1.0456209812140071e-13,1.7597468928692985e-10
evaluation,tri,separable,3.0,represented_quadratic,xxx,gll,2.2814106159785297e-10,3.6770800674895734e-13,5.089841687660426e-12
evaluation,tri,separable,3.0,represented_quadratic,xxy,gll,1.6932533153379836e-10,2.46395243370875e-11,5.839857653564426e-10
evaluation,tri,separable,3.0,represented_quadratic,xyy,gll,8.947281977811361e-11,4.253180350858433e-11,1.6847305081273486e-08
evaluation,tri,separable,3.0,represented_quadratic,yyy,gll,1.466704535602048e-11,2.8080748843880537e-13,2.010791334630913e-11
evaluation,tri,separable,3.0,constant,x,gll,6.735314242472005e-14,6.735314242471988e-14,nan
evaluation,tri,separable,3.0,constant,y,gll,7.581210459268837e-14,7.581210459268818e-14,nan
evaluation,tri,separable,3.0,constant,xx,gll,3.1549101411126835e-13,3.154910141112676e-13,nan
evaluation,tri,separable,3.0,constant,xy,gll,3.418073380325411e-12,3.4180733803254026e-12,nan
evaluation,tri,separable,3.0,constant,yy,gll,4.0375977934821165e-12,4.037597793482107e-12,nan
evaluation,tri,separable,3.0,constant,xxx,gll,3.1934976233554353e-10,3.1934976233554276e-10,0.09010051216369229
evaluation,tri,separable,3.0,constant,xxy,gll,1.0496972986077965e-10,1.0496972986077939e-10,0.06740695203302396
evaluation,tri,separable,3.0,constant,xyy,gll,1.1090141284909931e-10,1.1090141284909904e-10,0.10129532493220886
evaluation,tri,separable,3.0,constant,yyy,gll,1.9094059029809408e-10,1.9094059029809362e-10,0.16035930395114084
