family,map,field,p,n,amplitude,derivative,rate
quad,coupled,sine,1.0,8.0,0.4,x,1.001951462375824
quad,coupled,sine,1.0,8.0,0.4,y,0.992915742615577
quad,coupled,shortwave,1.0,8.0,0.4,x,0.9401357339275184
quad,coupled,shortwave,1.0,8.0,0.4,y,1.001042980904244
quad,coupled,exponential,1.0,8.0,0.4,x,0.9993093495222058
quad,coupled,exponential,1.0,8.0,0.4,y,0.99897408085675
quad,coupled,sine,1.0,16.0,0.4,x,1.0005947821404462
quad,coupled,sine,1.0,16.0,0.4,y,0.9982030956484085
quad,coupled,shortwave,1.0,16.0,0.4,x,0.9856312400774476
quad,coupled,shortwave,1.0,16.0,0.4,y,1.0034402119017867
quad,coupled,exponential,1.0,16.0,0.4,x,0.9998280852973884
quad,coupled,exponential,1.0,16.0,0.4,y,0.9993991124775568
quad,coupled,sine,2.0,8.0,0.4,x,2.005926015852393
quad,coupled,sine,2.0,8.0,0.4,y,1.9866220325680013
quad,coupled,sine,2.0,8.0,0.4,xx,0.9981650442212613
quad,coupled,sine,2.0,8.0,0.4,xy,1.7789598596670808
quad,coupled,sine,2.0,8.0,0.4,yy,0.9880234517326988
quad,coupled,shortwave,2.0,8.0,0.4,x,1.9397193264031287
quad,coupled,shortwave,2.0,8.0,0.4,y,1.9971363160375846
quad,coupled,shortwave,2.0,8.0,0.4,xx,0.9403729574350398
quad,coupled,shortwave,2.0,8.0,0.4,xy,1.8860616098903094
quad,coupled,shortwave,2.0,8.0,0.4,yy,0.9649980618538881
quad,coupled,exponential,2.0,8.0,0.4,x,1.9985105934530751
quad,coupled,exponential,2.0,8.0,0.4,y,1.9976032053791242
quad,coupled,exponential,2.0,8.0,0.4,xx,0.9998053824264319
quad,coupled,exponential,2.0,8.0,0.4,xy,1.7432990485082216
quad,coupled,exponential,2.0,8.0,0.4,yy,0.997614545736618
quad,coupled,sine,2.0,16.0,0.4,x,2.001467141040221
quad,coupled,sine,2.0,16.0,0.4,y,1.9966756773155219
quad,coupled,sine,2.0,16.0,0.4,xx,0.9995153902088186
quad,coupled,sine,2.0,16.0,0.4,xy,1.48680978283669
quad,coupled,sine,2.0,16.0,0.4,yy,0.9970222873201102
quad,coupled,shortwave,2.0,16.0,0.4,x,1.9848428490167451
quad,coupled,shortwave,2.0,16.0,0.4,y,2.0002993365086414
quad,coupled,shortwave,2.0,16.0,0.4,xx,0.9848863725914718
quad,coupled,shortwave,2.0,16.0,0.4,xy,1.8020072294015552
quad,coupled,shortwave,2.0,16.0,0.4,yy,0.9912395992122051
quad,coupled,exponential,2.0,16.0,0.4,x,1.9996327187022571
quad,coupled,exponential,2.0,16.0,0.4,y,1.9993522346433068
quad,coupled,exponential,2.0,16.0,0.4,xx,0.9999599585523367
quad,coupled,exponential,2.0,16.0,0.4,xy,1.4395464469703299
quad,coupled,exponential,2.0,16.0,0.4,yy,0.9994186865507111
quad,coupled,sine,3.0,8.0,0.4,x,2.989210091494196
quad,coupled,sine,3.0,8.0,0.4,y,2.991248716844091
quad,coupled,sine,3.0,8.0,0.4,xx,1.9868826970337903
quad,coupled,sine,3.0,8.0,0.4,xy,2.5165186134350024
quad,coupled,sine,3.0,8.0,0.4,yy,1.991393894109106
quad,coupled,sine,3.0,8.0,0.4,xxx,0.9912546985720492
quad,coupled,sine,3.0,8.0,0.4,xxy,1.858465394600157
quad,coupled,sine,3.0,8.0,0.4,xyy,1.774098186290946
quad,coupled,sine,3.0,8.0,0.4,yyy,0.9921961449004836
quad,coupled,shortwave,3.0,8.0,0.4,x,2.9430849296004515
quad,coupled,shortwave,3.0,8.0,0.4,y,2.9883709617371093
quad,coupled,shortwave,3.0,8.0,0.4,xx,1.940039765550626
quad,coupled,shortwave,3.0,8.0,0.4,xy,2.8159429612017455
quad,coupled,shortwave,3.0,8.0,0.4,yy,1.9611316298192905
quad,coupled,shortwave,3.0,8.0,0.4,xxx,0.9429283916822475
quad,coupled,shortwave,3.0,8.0,0.4,xxy,1.8916903223323958
quad,coupled,shortwave,3.0,8.0,0.4,xyy,2.0421465108941255
quad,coupled,shortwave,3.0,8.0,0.4,yyy,0.9628400921583257
quad,coupled,exponential,3.0,8.0,0.4,x,2.9960298066536333
quad,coupled,exponential,3.0,8.0,0.4,y,2.9994770112877713
quad,coupled,exponential,3.0,8.0,0.4,xx,1.9960879462189804
quad,coupled,exponential,3.0,8.0,0.4,xy,2.8269460529110697
quad,coupled,exponential,3.0,8.0,0.4,yy,2.000786886378848
quad,coupled,exponential,3.0,8.0,0.4,xxx,0.9973364611389216
quad,coupled,exponential,3.0,8.0,0.4,xxy,1.9373763189446138
quad,coupled,exponential,3.0,8.0,0.4,xyy,2.078807489756102
quad,coupled,exponential,3.0,8.0,0.4,yyy,0.9997142221146674
quad,coupled,sine,3.0,16.0,0.4,x,2.9973450686135763
quad,coupled,sine,3.0,16.0,0.4,y,2.9978696957678768
quad,coupled,sine,3.0,16.0,0.4,xx,1.9967650541952977
quad,coupled,sine,3.0,16.0,0.4,xy,2.219798472338078
quad,coupled,sine,3.0,16.0,0.4,yy,1.9978831859918145
quad,coupled,sine,3.0,16.0,0.4,xxx,0.9978418962848382
quad,coupled,sine,3.0,16.0,0.4,xxy,1.590477963131797
quad,coupled,sine,3.0,16.0,0.4,xyy,1.4813465454679586
quad,coupled,sine,3.0,16.0,0.4,yyy,0.9980665548497821
quad,coupled,shortwave,3.0,16.0,0.4,x,2.9858127098467726
quad,coupled,shortwave,3.0,16.0,0.4,y,2.997016205640654
quad,coupled,shortwave,3.0,16.0,0.4,xx,1.9851223635793271
quad,coupled,shortwave,3.0,16.0,0.4,xy,2.5724380147865182
quad,coupled,shortwave,3.0,16.0,0.4,yy,1.9898442242719656
quad,coupled,shortwave,3.0,16.0,0.4,xxx,0.9858116966398128
quad,coupled,shortwave,3.0,16.0,0.4,xxy,1.779093141849679
quad,coupled,shortwave,3.0,16.0,0.4,xyy,1.948309306211281
quad,coupled,shortwave,3.0,16.0,0.4,yyy,0.9903748422467448
quad,coupled,exponential,3.0,16.0,0.4,x,2.9990109720299998
quad,coupled,exponential,3.0,16.0,0.4,y,2.999842072428644
quad,coupled,exponential,3.0,16.0,0.4,xx,1.9990235018128346
quad,coupled,exponential,3.0,16.0,0.4,xy,2.5620651463994424
quad,coupled,exponential,3.0,16.0,0.4,yy,2.0001453283914823
quad,coupled,exponential,3.0,16.0,0.4,xxx,0.9993369452450076
quad,coupled,exponential,3.0,16.0,0.4,xxy,1.8071590398444268
quad,coupled,exponential,3.0,16.0,0.4,xyy,1.8543809803308513
quad,coupled,exponential,3.0,16.0,0.4,yyy,0.9998548948246313
quad,coupled,sine,4.0,8.0,0.4,x,4.001013019111123
quad,coupled,sine,4.0,8.0,0.4,y,3.993697794275335
quad,coupled,sine,4.0,8.0,0.4,xx,2.9969219567710055
quad,coupled,sine,4.0,8.0,0.4,xy,3.37822704506402
quad,coupled,sine,4.0,8.0,0.4,yy,2.9933129320313347
quad,coupled,sine,4.0,8.0,0.4,xxx,1.997575213486069
quad,coupled,sine,4.0,8.0,0.4,xxy,2.8494294990432474
quad,coupled,sine,4.0,8.0,0.4,xyy,2.5912816911440495
quad,coupled,sine,4.0,8.0,0.4,yyy,1.993347006207909
quad,coupled,shortwave,4.0,8.0,0.4,x,3.949202691117978
quad,coupled,shortwave,4.0,8.0,0.4,y,3.9891603098508455
quad,coupled,shortwave,4.0,8.0,0.4,xx,2.9485477331183483
quad,coupled,shortwave,4.0,8.0,0.4,xy,3.6628735536222443
quad,coupled,shortwave,4.0,8.0,0.4,yy,2.9631157044845495
quad,coupled,shortwave,4.0,8.0,0.4,xxx,1.948297288692688
quad,coupled,shortwave,4.0,8.0,0.4,xxy,2.812777727064685
quad,coupled,shortwave,4.0,8.0,0.4,xyy,2.928071573066279
quad,coupled,shortwave,4.0,8.0,0.4,yyy,1.9615112672574988
quad,coupled,exponential,4.0,8.0,0.4,x,4.0000812859639865
quad,coupled,exponential,4.0,8.0,0.4,y,4.001122970665807
quad,coupled,exponential,4.0,8.0,0.4,xx,3.000794648274886
quad,coupled,exponential,4.0,8.0,0.4,xy,3.8211567554876718
quad,coupled,exponential,4.0,8.0,0.4,yy,3.000194667335009
quad,coupled,exponential,4.0,8.0,0.4,xxx,2.002581553790726
quad,coupled,exponential,4.0,8.0,0.4,xxy,2.928018823897079
quad,coupled,exponential,4.0,8.0,0.4,xyy,3.08217868853355
quad,coupled,exponential,4.0,8.0,0.4,yyy,1.9981280645666972
quad,coupled,sine,4.0,16.0,0.4,x,4.000334806289593
quad,coupled,sine,4.0,16.0,0.4,y,3.99816921679041
quad,coupled,sine,4.0,16.0,0.4,xx,2.999255033643276
quad,coupled,sine,4.0,16.0,0.4,xy,3.1416202945150147
quad,coupled,sine,4.0,16.0,0.4,yy,2.998127459137801
quad,coupled,sine,4.0,16.0,0.4,xxx,1.9994040246228786
quad,coupled,sine,4.0,16.0,0.4,xxy,2.612808398184308
quad,coupled,sine,4.0,16.0,0.4,xyy,2.283910668822277
quad,coupled,sine,4.0,16.0,0.4,yyy,1.9981810038585557
quad,coupled,shortwave,4.0,16.0,0.4,x,3.9872063091696144
quad,coupled,shortwave,4.0,16.0,0.4,y,3.998004330842349
quad,coupled,shortwave,4.0,16.0,0.4,xx,2.9869466498646644
quad,coupled,shortwave,4.0,16.0,0.4,xy,3.3971823556335856
quad,coupled,shortwave,4.0,16.0,0.4,yy,2.9909691564971763
quad,coupled,shortwave,4.0,16.0,0.4,xxx,1.986802494141554
quad,coupled,shortwave,4.0,16.0,0.4,xxy,2.6124675554085037
quad,coupled,shortwave,4.0,16.0,0.4,xyy,2.847446126350046
quad,coupled,shortwave,4.0,16.0,0.4,yyy,1.9905006657271411
quad,coupled,exponential,4.0,16.0,0.4,x,4.000011981310073
quad,coupled,exponential,4.0,16.0,0.4,y,4.0003284158193475
quad,coupled,exponential,4.0,16.0,0.4,xx,3.0001958036057728
quad,coupled,exponential,4.0,16.0,0.4,xy,3.549732072949741
quad,coupled,exponential,4.0,16.0,0.4,yy,3.0000527093803813
quad,coupled,exponential,4.0,16.0,0.4,xxx,2.000650375546116
quad,coupled,exponential,4.0,16.0,0.4,xxy,2.7774977085014463
quad,coupled,exponential,4.0,16.0,0.4,xyy,2.872123279521896
quad,coupled,exponential,4.0,16.0,0.4,yyy,1.9995272674520372
quad,coupled,sine,1.0,8.0,1.2,x,0.9817265302583218
quad,coupled,sine,1.0,8.0,1.2,y,0.9894708263211478
quad,coupled,shortwave,1.0,8.0,1.2,x,0.9208971387659088
quad,coupled,shortwave,1.0,8.0,1.2,y,0.954365446185618
quad,coupled,exponential,1.0,8.0,1.2,x,0.9925071937477098
quad,coupled,exponential,1.0,8.0,1.2,y,0.9974019349065021
quad,coupled,sine,1.0,16.0,1.2,x,0.995573621301723
quad,coupled,sine,1.0,16.0,1.2,y,0.9973192295416781
quad,coupled,shortwave,1.0,16.0,1.2,x,0.979877771601419
quad,coupled,shortwave,1.0,16.0,1.2,y,0.9902349185333654
quad,coupled,exponential,1.0,16.0,1.2,x,0.9982426401145197
quad,coupled,exponential,1.0,16.0,1.2,y,0.9993130398599088
quad,coupled,sine,2.0,8.0,1.2,x,2.0052927216269807
quad,coupled,sine,2.0,8.0,1.2,y,1.9786252233464623
quad,coupled,sine,2.0,8.0,1.2,xx,1.002809391556195
quad,coupled,sine,2.0,8.0,1.2,xy,1.3844001815674614
quad,coupled,sine,2.0,8.0,1.2,yy,0.9815658321404366
quad,coupled,shortwave,2.0,8.0,1.2,x,1.9066415477403118
quad,coupled,shortwave,2.0,8.0,1.2,y,1.963502124571441
quad,coupled,shortwave,2.0,8.0,1.2,xx,0.9165985925284751
quad,coupled,shortwave,2.0,8.0,1.2,xy,1.6447229050183858
quad,coupled,shortwave,2.0,8.0,1.2,yy,0.9408405965098494
quad,coupled,exponential,2.0,8.0,1.2,x,1.9979748297825575
quad,coupled,exponential,2.0,8.0,1.2,y,2.0010024292269133
quad,coupled,exponential,2.0,8.0,1.2,xx,0.9975166900700205
quad,coupled,exponential,2.0,8.0,1.2,xy,1.7027789220077651
quad,coupled,exponential,2.0,8.0,1.2,yy,1.004560268307161
quad,coupled,sine,2.0,16.0,1.2,x,2.001182381780264
quad,coupled,sine,2.0,16.0,1.2,y,1.9940533088180195
quad,coupled,sine,2.0,16.0,1.2,xx,1.000575535917303
quad,coupled,sine,2.0,16.0,1.2,xy,1.1460378661275343
quad,coupled,sine,2.0,16.0,1.2,yy,0.9950765732883923
quad,coupled,shortwave,2.0,16.0,1.2,x,1.9773744461437088
quad,coupled,shortwave,2.0,16.0,1.2,y,1.992410155923892
quad,coupled,shortwave,2.0,16.0,1.2,xx,0.9791014678442072
quad,coupled,shortwave,2.0,16.0,1.2,xy,1.4127530392545378
quad,coupled,shortwave,2.0,16.0,1.2,yy,0.9864060125701686
quad,coupled,exponential,2.0,16.0,1.2,x,1.999490222936617
quad,coupled,exponential,2.0,16.0,1.2,y,2.0002337531881547
quad,coupled,exponential,2.0,16.0,1.2,xx,0.9993987398893821
quad,coupled,exponential,2.0,16.0,1.2,xy,1.3865988239927571
quad,coupled,exponential,2.0,16.0,1.2,yy,1.0011517759950697
quad,coupled,sine,3.0,8.0,1.2,x,2.9513564819203353
quad,coupled,sine,3.0,8.0,1.2,y,2.952321484235669
quad,coupled,sine,3.0,8.0,1.2,xx,1.968596195574386
quad,coupled,sine,3.0,8.0,1.2,xy,2.191787418905767
quad,coupled,sine,3.0,8.0,1.2,yy,1.9644219712340971
quad,coupled,sine,3.0,8.0,1.2,xxx,0.9920667433970044
quad,coupled,sine,3.0,8.0,1.2,xxy,1.591802364524762
quad,coupled,sine,3.0,8.0,1.2,xyy,1.4010551685065782
quad,coupled,sine,3.0,8.0,1.2,yyy,0.977124881667104
quad,coupled,shortwave,3.0,8.0,1.2,x,2.911587384347281
quad,coupled,shortwave,3.0,8.0,1.2,y,2.9213946542836187
quad,coupled,shortwave,3.0,8.0,1.2,xx,1.9129763165246734
quad,coupled,shortwave,3.0,8.0,1.2,xy,2.4631064121265656
quad,coupled,shortwave,3.0,8.0,1.2,yy,1.911061751235777
quad,coupled,shortwave,3.0,8.0,1.2,xxx,0.9234878107548262
quad,coupled,shortwave,3.0,8.0,1.2,xxy,1.6516198962961668
quad,coupled,shortwave,3.0,8.0,1.2,xyy,1.9523083875260963
quad,coupled,shortwave,3.0,8.0,1.2,yyy,0.9210690859736332
quad,coupled,exponential,3.0,8.0,1.2,x,3.0016969167752845
quad,coupled,exponential,3.0,8.0,1.2,y,2.9860119199223663
quad,coupled,exponential,3.0,8.0,1.2,xx,2.0067005383895045
quad,coupled,exponential,3.0,8.0,1.2,xy,2.497569534618374
quad,coupled,exponential,3.0,8.0,1.2,yy,1.9894036157567816
quad,coupled,exponential,3.0,8.0,1.2,xxx,1.019708314856924
quad,coupled,exponential,3.0,8.0,1.2,xxy,1.7629607699979704
quad,coupled,exponential,3.0,8.0,1.2,xyy,1.8823411075002456
quad,coupled,exponential,3.0,8.0,1.2,yyy,0.9990583389283589
quad,coupled,sine,3.0,16.0,1.2,x,2.987615175273437
quad,coupled,sine,3.0,16.0,1.2,y,2.9896236311622135
quad,coupled,sine,3.0,16.0,1.2,xx,1.9921155401469028
quad,coupled,sine,3.0,16.0,1.2,xy,2.0520073968898744
quad,coupled,sine,3.0,16.0,1.2,yy,1.992109969448477
quad,coupled,sine,3.0,16.0,1.2,xxx,0.9979127171550599
quad,coupled,sine,3.0,16.0,1.2,xxy,1.2634457155632957
quad,coupled,sine,3.0,16.0,1.2,xyy,1.1401980429762757
quad,coupled,sine,3.0,16.0,1.2,yyy,0.9948465117874984
quad,coupled,shortwave,3.0,16.0,1.2,x,2.977072497433944
quad,coupled,shortwave,3.0,16.0,1.2,y,2.9799091607032255
quad,coupled,shortwave,3.0,16.0,1.2,xx,1.9775399343551165
quad,coupled,shortwave,3.0,16.0,1.2,xy,2.2003993224626184
quad,coupled,shortwave,3.0,16.0,1.2,yy,1.976128031216787
quad,coupled,shortwave,3.0,16.0,1.2,xxx,0.9801889268616265
quad,coupled,shortwave,3.0,16.0,1.2,xxy,1.3796839047494385
quad,coupled,shortwave,3.0,16.0,1.2,xyy,1.6655214135257101
quad,coupled,shortwave,3.0,16.0,1.2,yyy,0.9780667127310464
quad,coupled,exponential,3.0,16.0,1.2,x,3.000365565677899
quad,coupled,exponential,3.0,16.0,1.2,y,2.996604610262835
quad,coupled,exponential,3.0,16.0,1.2,xx,2.0014244493148667
quad,coupled,exponential,3.0,16.0,1.2,xy,2.20828042780194
quad,coupled,exponential,3.0,16.0,1.2,yy,1.9979922932583083
quad,coupled,exponential,3.0,16.0,1.2,xxx,1.0042834241470948
quad,coupled,exponential,3.0,16.0,1.2,xxy,1.464151257813911
quad,coupled,exponential,3.0,16.0,1.2,xyy,1.636122897890174
quad,coupled,exponential,3.0,16.0,1.2,yyy,1.001267704929226
quad,coupled,sine,4.0,8.0,1.2,x,3.969466691869193
quad,coupled,sine,4.0,8.0,1.2,y,4.013929829945382
quad,coupled,sine,4.0,8.0,1.2,xx,2.983902436996576
quad,coupled,sine,4.0,8.0,1.2,xy,3.0782506852671925
quad,coupled,sine,4.0,8.0,1.2,yy,3.0132771091048345
quad,coupled,sine,4.0,8.0,1.2,xxx,2.0049407865070257
quad,coupled,sine,4.0,8.0,1.2,xxy,2.512021419197531
quad,coupled,sine,4.0,8.0,1.2,xyy,2.1670193436155483
quad,coupled,sine,4.0,8.0,1.2,yyy,2.015153965742782
quad,coupled,shortwave,4.0,8.0,1.2,x,3.898297665781465
quad,coupled,shortwave,4.0,8.0,1.2,y,3.936233977586746
quad,coupled,shortwave,4.0,8.0,1.2,xx,2.911093249752793
quad,coupled,shortwave,4.0,8.0,1.2,xy,3.3732809254116254
quad,coupled,shortwave,4.0,8.0,1.2,yy,2.918711783460463
quad,coupled,shortwave,4.0,8.0,1.2,xxx,1.9258760919008462
quad,coupled,shortwave,4.0,8.0,1.2,xxy,2.5288920985449668
quad,coupled,shortwave,4.0,8.0,1.2,xyy,2.7112473067513956
quad,coupled,shortwave,4.0,8.0,1.2,yyy,1.9202029677071
quad,coupled,exponential,4.0,8.0,1.2,x,3.993531648420136
quad,coupled,exponential,4.0,8.0,1.2,y,4.006605486008025
quad,coupled,exponential,4.0,8.0,1.2,xx,2.9951231540256384
quad,coupled,exponential,4.0,8.0,1.2,xy,3.482515854173514
quad,coupled,exponential,4.0,8.0,1.2,yy,3.011788695703056
quad,coupled,exponential,4.0,8.0,1.2,xxx,2.002131295686216
quad,coupled,exponential,4.0,8.0,1.2,xxy,2.807063553419589
quad,coupled,exponential,4.0,8.0,1.2,xyy,2.4478743111432464
quad,coupled,exponential,4.0,8.0,1.2,yyy,2.0212631972578508
quad,coupled,sine,4.0,16.0,1.2,x,3.993618319520234
quad,coupled,sine,4.0,16.0,1.2,y,4.002132211664039
quad,coupled,sine,4.0,16.0,1.2,xx,2.996656035774081
quad,coupled,sine,4.0,16.0,1.2,xy,3.029627605880349
quad,coupled,sine,4.0,16.0,1.2,yy,3.002107733770877
quad,coupled,sine,4.0,16.0,1.2,xxx,2.0014943616079672
quad,coupled,sine,4.0,16.0,1.2,xxy,2.223646830930173
quad,coupled,sine,4.0,16.0,1.2,xyy,2.0626978016908093
quad,coupled,sine,4.0,16.0,1.2,yyy,2.0027688792284595
quad,coupled,shortwave,4.0,16.0,1.2,x,3.9691013361224536
quad,coupled,shortwave,4.0,16.0,1.2,y,3.982646070738101
quad,coupled,shortwave,4.0,16.0,1.2,xx,2.9740691878884027
quad,coupled,shortwave,4.0,16.0,1.2,xy,3.1501355673241207
quad,coupled,shortwave,4.0,16.0,1.2,yy,2.979203613133624
quad,coupled,shortwave,4.0,16.0,1.2,xxx,1.9790381492089935
quad,coupled,shortwave,4.0,16.0,1.2,xxy,2.2587750419837413
quad,coupled,shortwave,4.0,16.0,1.2,xyy,2.527575596767927
quad,coupled,shortwave,4.0,16.0,1.2,yyy,1.9802204494749878
quad,coupled,exponential,4.0,16.0,1.2,x,3.9985620163386644
quad,coupled,exponential,4.0,16.0,1.2,y,4.001598565710175
quad,coupled,exponential,4.0,16.0,1.2,xx,2.999121725996691
quad,coupled,exponential,4.0,16.0,1.2,xy,3.2012067540465887
quad,coupled,exponential,4.0,16.0,1.2,yy,3.0028205610945347
quad,coupled,exponential,4.0,16.0,1.2,xxx,2.0012579433739046
quad,coupled,exponential,4.0,16.0,1.2,xxy,2.5404845827286886
quad,coupled,exponential,4.0,16.0,1.2,xyy,2.1412072509812763
quad,coupled,exponential,4.0,16.0,1.2,yyy,2.0052305456433492
tri,coupled,sine,1.0,4.0,0.4,x,0.9236731302530032
tri,coupled,sine,1.0,4.0,0.4,y,0.9297438675585155
tri,coupled,shortwave,1.0,4.0,0.4,x,0.5549258511339958
tri,coupled,shortwave,1.0,4.0,0.4,y,0.538963060657238
tri,coupled,exponential,1.0,4.0,0.4,x,0.9791286955320923
tri,coupled,exponential,1.0,4.0,0.4,y,0.9330577138468856
tri,coupled,sine,1.0,8.0,0.4,x,0.9802551736252892
tri,coupled,sine,1.0,8.0,0.4,y,0.9822529287349685
tri,coupled,shortwave,1.0,8.0,0.4,x,0.8736608619689565
tri,coupled,shortwave,1.0,8.0,0.4,y,0.8676873739124896
tri,coupled,exponential,1.0,8.0,0.4,x,0.9938783946418982
tri,coupled,exponential,1.0,8.0,0.4,y,0.9806249992497504
tri,coupled,sine,2.0,4.0,0.4,x,1.912300458874184
tri,coupled,sine,2.0,4.0,0.4,y,1.9259853054960325
tri,coupled,sine,2.0,4.0,0.4,xx,0.9083345744343225
tri,coupled,sine,2.0,4.0,0.4,xy,0.9405762926040631
tri,coupled,sine,2.0,4.0,0.4,yy,0.9417873151926368
tri,coupled,shortwave,2.0,4.0,0.4,x,1.4609801332968209
tri,coupled,shortwave,2.0,4.0,0.4,y,1.4427042141869364
tri,coupled,shortwave,2.0,4.0,0.4,xx,0.4968081722091483
tri,coupled,shortwave,2.0,4.0,0.4,xy,0.591342842382341
tri,coupled,shortwave,2.0,4.0,0.4,yy,0.4442209720825564
tri,coupled,exponential,2.0,4.0,0.4,x,1.815265166830499
tri,coupled,exponential,2.0,4.0,0.4,y,1.7674819779477704
tri,coupled,exponential,2.0,4.0,0.4,xx,0.8380358716421734
tri,coupled,exponential,2.0,4.0,0.4,xy,0.8389943534267895
tri,coupled,exponential,2.0,4.0,0.4,yy,0.8001685504613525
tri,coupled,sine,2.0,8.0,0.4,x,1.9789052678535908
tri,coupled,sine,2.0,8.0,0.4,y,1.9809904066263404
tri,coupled,sine,2.0,8.0,0.4,xx,0.9785093644652892
tri,coupled,sine,2.0,8.0,0.4,xy,0.9876488937604194
tri,coupled,sine,2.0,8.0,0.4,yy,0.984587587197318
tri,coupled,shortwave,2.0,8.0,0.4,x,1.8668748371275983
tri,coupled,shortwave,2.0,8.0,0.4,y,1.8612070107929715
tri,coupled,shortwave,2.0,8.0,0.4,xx,0.8728176081649464
tri,coupled,shortwave,2.0,8.0,0.4,xy,0.8953939426785741
tri,coupled,shortwave,2.0,8.0,0.4,yy,0.8640468719814701
tri,coupled,exponential,2.0,8.0,0.4,x,1.952812298053936
tri,coupled,exponential,2.0,8.0,0.4,y,1.9427995530373647
tri,coupled,exponential,2.0,8.0,0.4,xx,0.9593678214989019
tri,coupled,exponential,2.0,8.0,0.4,xy,0.957691088617071
tri,coupled,exponential,2.0,8.0,0.4,yy,0.950864563812263
tri,coupled,sine,3.0,4.0,0.4,x,2.9155438035619636
tri,coupled,sine,3.0,4.0,0.4,y,2.9095209249863685
tri,coupled,sine,3.0,4.0,0.4,xx,1.9211606089770539
tri,coupled,sine,3.0,4.0,0.4,xy,1.947174403522833
tri,coupled,sine,3.0,4.0,0.4,yy,1.9084694858700513
tri,coupled,sine,3.0,4.0,0.4,xxx,0.9292098313655103
tri,coupled,sine,3.0,4.0,0.4,xxy,0.9639240222311947
tri,coupled,sine,3.0,4.0,0.4,xyy,0.958470014129136
tri,coupled,sine,3.0,4.0,0.4,yyy,0.9109172192285339
tri,coupled,shortwave,3.0,4.0,0.4,x,2.5360857492566367
tri,coupled,shortwave,3.0,4.0,0.4,y,2.5065268982060007
tri,coupled,shortwave,3.0,4.0,0.4,xx,1.5445064806697864
tri,coupled,shortwave,3.0,4.0,0.4,xy,1.6054301083841216
tri,coupled,shortwave,3.0,4.0,0.4,yy,1.5098027468078312
tri,coupled,shortwave,3.0,4.0,0.4,xxx,0.6083459416833619
tri,coupled,shortwave,3.0,4.0,0.4,xxy,0.6690468481547839
tri,coupled,shortwave,3.0,4.0,0.4,xyy,0.6477564412706915
tri,coupled,shortwave,3.0,4.0,0.4,yyy,0.5999554915763912
tri,coupled,exponential,3.0,4.0,0.4,x,2.83506150279475
tri,coupled,exponential,3.0,4.0,0.4,y,2.835577844182458
tri,coupled,exponential,3.0,4.0,0.4,xx,1.806850957880302
tri,coupled,exponential,3.0,4.0,0.4,xy,1.8383455095069554
tri,coupled,exponential,3.0,4.0,0.4,yy,1.8230962507387316
tri,coupled,exponential,3.0,4.0,0.4,xxx,0.8132183790759395
tri,coupled,exponential,3.0,4.0,0.4,xxy,0.8314250144676072
tri,coupled,exponential,3.0,4.0,0.4,xyy,0.8635773655024748
tri,coupled,exponential,3.0,4.0,0.4,yyy,0.7759718299148658
tri,coupled,sine,3.0,8.0,0.4,x,2.96769963790991
tri,coupled,sine,3.0,8.0,0.4,y,2.969287585038476
tri,coupled,sine,3.0,8.0,0.4,xx,1.9731665911289529
tri,coupled,sine,3.0,8.0,0.4,xy,1.9779853265549443
tri,coupled,sine,3.0,8.0,0.4,yy,1.9722228042943957
tri,coupled,sine,3.0,8.0,0.4,xxx,0.9855563198816164
tri,coupled,sine,3.0,8.0,0.4,xxy,0.9851108596504962
tri,coupled,sine,3.0,8.0,0.4,xyy,0.9824623732593921
tri,coupled,sine,3.0,8.0,0.4,yyy,0.9788126503536245
tri,coupled,shortwave,3.0,8.0,0.4,x,2.8759322749541356
tri,coupled,shortwave,3.0,8.0,0.4,y,2.871299826013886
tri,coupled,shortwave,3.0,8.0,0.4,xx,1.874583766915755
tri,coupled,shortwave,3.0,8.0,0.4,xy,1.895488408511154
tri,coupled,shortwave,3.0,8.0,0.4,yy,1.8641259480532675
tri,coupled,shortwave,3.0,8.0,0.4,xxx,0.8809812464890963
tri,coupled,shortwave,3.0,8.0,0.4,xxy,0.9099124757455745
tri,coupled,shortwave,3.0,8.0,0.4,xyy,0.8996089787606638
tri,coupled,shortwave,3.0,8.0,0.4,yyy,0.8665259636237312
tri,coupled,exponential,3.0,8.0,0.4,x,2.9568306187147395
tri,coupled,exponential,3.0,8.0,0.4,y,2.9571988527037365
tri,coupled,exponential,3.0,8.0,0.4,xx,1.9512459747431996
tri,coupled,exponential,3.0,8.0,0.4,xy,1.955991670961419
tri,coupled,exponential,3.0,8.0,0.4,yy,1.9546108449835378
tri,coupled,exponential,3.0,8.0,0.4,xxx,0.9554306722281141
tri,coupled,exponential,3.0,8.0,0.4,xxy,0.9554720847036913
tri,coupled,exponential,3.0,8.0,0.4,xyy,0.9634247405804607
tri,coupled,exponential,3.0,8.0,0.4,yyy,0.9476681793010721
tri,coupled,sine,4.0,4.0,0.4,x,3.7095828973233553
tri,coupled,sine,4.0,4.0,0.4,y,3.734571170741924
tri,coupled,sine,4.0,4.0,0.4,xx,2.758446436140804
tri,coupled,sine,4.0,4.0,0.4,xy,2.787697802351129
tri,coupled,sine,4.0,4.0,0.4,yy,2.7735365010958426
tri,coupled,sine,4.0,4.0,0.4,xxx,1.9002671157096596
tri,coupled,sine,4.0,4.0,0.4,xxy,1.7952643893313338
tri,coupled,sine,4.0,4.0,0.4,xyy,1.8069937054851375
tri,coupled,sine,4.0,4.0,0.4,yyy,1.8762362529524292
tri,coupled,shortwave,4.0,4.0,0.4,x,3.494256895387411
tri,coupled,shortwave,4.0,4.0,0.4,y,3.49876288658175
tri,coupled,shortwave,4.0,4.0,0.4,xx,2.460154053227534
tri,coupled,shortwave,4.0,4.0,0.4,xy,2.543813089155762
tri,coupled,shortwave,4.0,4.0,0.4,yy,2.4594395531995534
tri,coupled,shortwave,4.0,4.0,0.4,xxx,1.406921118293406
tri,coupled,shortwave,4.0,4.0,0.4,xxy,1.5517402182728035
tri,coupled,shortwave,4.0,4.0,0.4,xyy,1.503237567549309
tri,coupled,shortwave,4.0,4.0,0.4,yyy,1.3857686750052354
tri,coupled,exponential,4.0,4.0,0.4,x,3.852798099784734
tri,coupled,exponential,4.0,4.0,0.4,y,3.8553005090076193
tri,coupled,exponential,4.0,4.0,0.4,xx,2.828475322599171
tri,coupled,exponential,4.0,4.0,0.4,xy,2.831742512508694
tri,coupled,exponential,4.0,4.0,0.4,yy,2.832052825801044
tri,coupled,exponential,4.0,4.0,0.4,xxx,1.7865404464670096
tri,coupled,exponential,4.0,4.0,0.4,xxy,1.8215605039488632
tri,coupled,exponential,4.0,4.0,0.4,xyy,1.838023470108475
tri,coupled,exponential,4.0,4.0,0.4,yyy,1.7506367629251727
tri,coupled,sine,4.0,8.0,0.4,x,3.9554302099996312
tri,coupled,sine,4.0,8.0,0.4,y,3.9577534093509397
tri,coupled,sine,4.0,8.0,0.4,xx,2.96031917533255
tri,coupled,sine,4.0,8.0,0.4,xy,2.972823974009574
tri,coupled,sine,4.0,8.0,0.4,yy,2.963498525583035
tri,coupled,sine,4.0,8.0,0.4,xxx,1.9714733753639766
tri,coupled,sine,4.0,8.0,0.4,xxy,1.9773812588547153
tri,coupled,sine,4.0,8.0,0.4,xyy,1.9758243709387295
tri,coupled,sine,4.0,8.0,0.4,yyy,1.975684332251269
tri,coupled,shortwave,4.0,8.0,0.4,x,3.875834998839665
tri,coupled,shortwave,4.0,8.0,0.4,y,3.871902149483868
tri,coupled,shortwave,4.0,8.0,0.4,xx,2.8740490553925464
tri,coupled,shortwave,4.0,8.0,0.4,xy,2.8917845870212826
tri,coupled,shortwave,4.0,8.0,0.4,yy,2.867788261671264
tri,coupled,shortwave,4.0,8.0,0.4,xxx,1.8709129217542768
tri,coupled,shortwave,4.0,8.0,0.4,xxy,1.8976472947156657
tri,coupled,shortwave,4.0,8.0,0.4,xyy,1.8846197193692695
tri,coupled,shortwave,4.0,8.0,0.4,yyy,1.8641052663218796
tri,coupled,exponential,4.0,8.0,0.4,x,3.9560825810706515
tri,coupled,exponential,4.0,8.0,0.4,y,3.9564440156993133
tri,coupled,exponential,4.0,8.0,0.4,xx,2.9514027179413547
tri,coupled,exponential,4.0,8.0,0.4,xy,2.949944015564585
tri,coupled,exponential,4.0,8.0,0.4,yy,2.950610666971112
tri,coupled,exponential,4.0,8.0,0.4,xxx,1.9466703173843711
tri,coupled,exponential,4.0,8.0,0.4,xxy,1.947801658350774
tri,coupled,exponential,4.0,8.0,0.4,xyy,1.9539588254460496
tri,coupled,exponential,4.0,8.0,0.4,yyy,1.937709348661038
tri,coupled,sine,1.0,4.0,1.2,x,0.8822524941743793
tri,coupled,sine,1.0,4.0,1.2,y,0.9023953500743939
tri,coupled,shortwave,1.0,4.0,1.2,x,0.5631920293495705
tri,coupled,shortwave,1.0,4.0,1.2,y,0.5501673474424938
tri,coupled,exponential,1.0,4.0,1.2,x,0.8621603366204531
tri,coupled,exponential,1.0,4.0,1.2,y,0.742495730957583
tri,coupled,sine,1.0,8.0,1.2,x,0.9660685349734318
tri,coupled,sine,1.0,8.0,1.2,y,0.9729741696573468
tri,coupled,shortwave,1.0,8.0,1.2,x,0.8530571504391968
tri,coupled,shortwave,1.0,8.0,1.2,y,0.8407327829784222
tri,coupled,exponential,1.0,8.0,1.2,x,0.9623086058399137
tri,coupled,exponential,1.0,8.0,1.2,y,0.9363388157038735
tri,coupled,sine,2.0,4.0,1.2,x,1.7852893415663835
tri,coupled,sine,2.0,4.0,1.2,y,1.804082665834017
tri,coupled,sine,2.0,4.0,1.2,xx,0.959782705080124
tri,coupled,sine,2.0,4.0,1.2,xy,0.8835398040803736
tri,coupled,sine,2.0,4.0,1.2,yy,0.9198534002318699
tri,coupled,shortwave,2.0,4.0,1.2,x,1.260942768108903
tri,coupled,shortwave,2.0,4.0,1.2,y,1.2009238526179413
tri,coupled,shortwave,2.0,4.0,1.2,xx,0.36701287522036974
tri,coupled,shortwave,2.0,4.0,1.2,xy,0.5224534476110446
tri,coupled,shortwave,2.0,4.0,1.2,yy,0.2594095793812089
tri,coupled,exponential,2.0,4.0,1.2,x,1.7592699359396344
tri,coupled,exponential,2.0,4.0,1.2,y,1.7495679969013629
tri,coupled,exponential,2.0,4.0,1.2,xx,0.8409962238266245
tri,coupled,exponential,2.0,4.0,1.2,xy,0.7884147269446985
tri,coupled,exponential,2.0,4.0,1.2,yy,0.832477064564934
tri,coupled,sine,2.0,8.0,1.2,x,1.9572633485070488
tri,coupled,sine,2.0,8.0,1.2,y,1.9579729060825786
tri,coupled,sine,2.0,8.0,1.2,xx,0.9769765247134456
tri,coupled,sine,2.0,8.0,1.2,xy,0.9914805779498542
tri,coupled,sine,2.0,8.0,1.2,yy,0.9784603665218107
tri,coupled,shortwave,2.0,8.0,1.2,x,1.825905397950282
tri,coupled,shortwave,2.0,8.0,1.2,y,1.814883013246042
tri,coupled,shortwave,2.0,8.0,1.2,xx,0.8489383384291145
tri,coupled,shortwave,2.0,8.0,1.2,xy,0.8822070171673665
tri,coupled,shortwave,2.0,8.0,1.2,yy,0.8389332333108127
tri,coupled,exponential,2.0,8.0,1.2,x,1.9379603458004113
tri,coupled,exponential,2.0,8.0,1.2,y,1.938326117173603
tri,coupled,exponential,2.0,8.0,1.2,xx,0.9561179561614209
tri,coupled,exponential,2.0,8.0,1.2,xy,0.9452487663976968
tri,coupled,exponential,2.0,8.0,1.2,yy,0.9560990081604805
tri,coupled,sine,3.0,4.0,1.2,x,2.9251047647760706
tri,coupled,sine,3.0,4.0,1.2,y,2.9269224614222296
tri,coupled,sine,3.0,4.0,1.2,xx,1.8221649054359879
tri,coupled,sine,3.0,4.0,1.2,xy,2.0173485765704533
tri,coupled,sine,3.0,4.0,1.2,yy,1.948908137902967
tri,coupled,sine,3.0,4.0,1.2,xxx,0.7387294648463771
tri,coupled,sine,3.0,4.0,1.2,xxy,0.9274214414466146
tri,coupled,sine,3.0,4.0,1.2,xyy,1.0728824464855478
tri,coupled,sine,3.0,4.0,1.2,yyy,0.9420190205176643
tri,coupled,shortwave,3.0,4.0,1.2,x,2.460499762877632
tri,coupled,shortwave,3.0,4.0,1.2,y,2.4300796402066727
tri,coupled,shortwave,3.0,4.0,1.2,xx,1.557883760771367
tri,coupled,shortwave,3.0,4.0,1.2,xy,1.5570263314379416
tri,coupled,shortwave,3.0,4.0,1.2,yy,1.5093106848296203
tri,coupled,shortwave,3.0,4.0,1.2,xxx,0.7080725959864117
tri,coupled,shortwave,3.0,4.0,1.2,xxy,0.6467974125584911
tri,coupled,shortwave,3.0,4.0,1.2,xyy,0.6711154793715914
tri,coupled,shortwave,3.0,4.0,1.2,yyy,0.6797558533072353
tri,coupled,exponential,3.0,4.0,1.2,x,2.806359548077735
tri,coupled,exponential,3.0,4.0,1.2,y,2.822777829164966
tri,coupled,exponential,3.0,4.0,1.2,xx,1.7222065489097669
tri,coupled,exponential,3.0,4.0,1.2,xy,1.7505049260514847
tri,coupled,exponential,3.0,4.0,1.2,yy,1.759178999137956
tri,coupled,exponential,3.0,4.0,1.2,xxx,0.7402843894855791
tri,coupled,exponential,3.0,4.0,1.2,xxy,0.7113511763658932
tri,coupled,exponential,3.0,4.0,1.2,xyy,0.7727344613720738
tri,coupled,exponential,3.0,4.0,1.2,yyy,0.4910985398915446
tri,coupled,sine,3.0,8.0,1.2,x,2.9368373536325705
tri,coupled,sine,3.0,8.0,1.2,y,2.938074741657267
tri,coupled,sine,3.0,8.0,1.2,xx,1.9542359050819584
tri,coupled,sine,3.0,8.0,1.2,xy,1.9681625153323608
tri,coupled,sine,3.0,8.0,1.2,yy,1.954370335121815
tri,coupled,sine,3.0,8.0,1.2,xxx,1.0171098678601194
tri,coupled,sine,3.0,8.0,1.2,xxy,0.9805064755052364
tri,coupled,sine,3.0,8.0,1.2,xyy,0.9924927937450466
tri,coupled,sine,3.0,8.0,1.2,yyy,0.98828695004832
tri,coupled,shortwave,3.0,8.0,1.2,x,2.8101208375787436
tri,coupled,shortwave,3.0,8.0,1.2,y,2.800872581022576
tri,coupled,shortwave,3.0,8.0,1.2,xx,1.8305016810007158
tri,coupled,shortwave,3.0,8.0,1.2,xy,1.8820241630877546
tri,coupled,shortwave,3.0,8.0,1.2,yy,1.8218011085524024
tri,coupled,shortwave,3.0,8.0,1.2,xxx,0.8833515846335388
tri,coupled,shortwave,3.0,8.0,1.2,xxy,0.9236346991153248
tri,coupled,shortwave,3.0,8.0,1.2,xyy,0.9092501582018584
tri,coupled,shortwave,3.0,8.0,1.2,yyy,0.8630817023394233
tri,coupled,exponential,3.0,8.0,1.2,x,2.9454211040406983
tri,coupled,exponential,3.0,8.0,1.2,y,2.949029351717016
tri,coupled,exponential,3.0,8.0,1.2,xx,1.931597684326505
tri,coupled,exponential,3.0,8.0,1.2,xy,1.933600826352534
tri,coupled,exponential,3.0,8.0,1.2,yy,1.9390806720448335
tri,coupled,exponential,3.0,8.0,1.2,xxx,0.9326616009200465
tri,coupled,exponential,3.0,8.0,1.2,xxy,0.9303180190851212
tri,coupled,exponential,3.0,8.0,1.2,xyy,0.9455298038536579
tri,coupled,exponential,3.0,8.0,1.2,yyy,0.9126798486107456
tri,coupled,sine,4.0,4.0,1.2,x,3.3131377145010275
tri,coupled,sine,4.0,4.0,1.2,y,3.248504400451324
tri,coupled,sine,4.0,4.0,1.2,xx,2.663704810856718
tri,coupled,sine,4.0,4.0,1.2,xy,2.4953553443585967
tri,coupled,sine,4.0,4.0,1.2,yy,2.29311449608666
tri,coupled,sine,4.0,4.0,1.2,xxx,2.2158803676352
tri,coupled,sine,4.0,4.0,1.2,xxy,1.6617100590456002
tri,coupled,sine,4.0,4.0,1.2,xyy,1.5081442941425267
tri,coupled,sine,4.0,4.0,1.2,yyy,1.638245407170049
tri,coupled,shortwave,4.0,4.0,1.2,x,3.117027852603465
tri,coupled,shortwave,4.0,4.0,1.2,y,3.0414448533423433
tri,coupled,shortwave,4.0,4.0,1.2,xx,2.147003437493248
tri,coupled,shortwave,4.0,4.0,1.2,xy,2.4044373314068355
tri,coupled,shortwave,4.0,4.0,1.2,yy,2.0383856955168898
tri,coupled,shortwave,4.0,4.0,1.2,xxx,1.2219696896455443
tri,coupled,shortwave,4.0,4.0,1.2,xxy,1.5754209450433925
tri,coupled,shortwave,4.0,4.0,1.2,xyy,1.3575111910588793
tri,coupled,shortwave,4.0,4.0,1.2,yyy,1.169226117393019
tri,coupled,exponential,4.0,4.0,1.2,x,3.782850601084339
tri,coupled,exponential,4.0,4.0,1.2,y,3.769381840073602
tri,coupled,exponential,4.0,4.0,1.2,xx,2.767162424638622
tri,coupled,exponential,4.0,4.0,1.2,xy,2.6922504960249953
tri,coupled,exponential,4.0,4.0,1.2,yy,2.718712510588257
tri,coupled,exponential,4.0,4.0,1.2,xxx,1.7701748327110027
tri,coupled,exponential,4.0,4.0,1.2,xxy,1.6742072662621483
tri,coupled,exponential,4.0,4.0,1.2,xyy,1.6913427048844336
tri,coupled,exponential,4.0,4.0,1.2,yyy,1.7553378631928045
tri,coupled,sine,4.0,8.0,1.2,x,3.9366244489454947
tri,coupled,sine,4.0,8.0,1.2,y,3.9299893758503224
tri,coupled,sine,4.0,8.0,1.2,xx,2.9689441033742523
tri,coupled,sine,4.0,8.0,1.2,xy,2.9839210889947347
tri,coupled,sine,4.0,8.0,1.2,yy,2.94234383740079
tri,coupled,sine,4.0,8.0,1.2,xxx,2.030461532845292
tri,coupled,sine,4.0,8.0,1.2,xxy,2.010000981922086
tri,coupled,sine,4.0,8.0,1.2,xyy,1.9849329363608081
tri,coupled,sine,4.0,8.0,1.2,yyy,1.9669134158148622
tri,coupled,shortwave,4.0,8.0,1.2,x,3.798863305534541
tri,coupled,shortwave,4.0,8.0,1.2,y,3.781507520283233
tri,coupled,shortwave,4.0,8.0,1.2,xx,2.8277700083743063
tri,coupled,shortwave,4.0,8.0,1.2,xy,2.865374562375553
tri,coupled,shortwave,4.0,8.0,1.2,yy,2.780877557026178
tri,coupled,shortwave,4.0,8.0,1.2,xxx,1.862493931019481
tri,coupled,shortwave,4.0,8.0,1.2,xxy,1.9182786795747342
tri,coupled,shortwave,4.0,8.0,1.2,xyy,1.859757329954616
tri,coupled,shortwave,4.0,8.0,1.2,yyy,1.8085203844237516
tri,coupled,exponential,4.0,8.0,1.2,x,3.9135703530415853
tri,coupled,exponential,4.0,8.0,1.2,y,3.9094210491911032
tri,coupled,exponential,4.0,8.0,1.2,xx,2.9177511769130158
tri,coupled,exponential,4.0,8.0,1.2,xy,2.8998706440749022
tri,coupled,exponential,4.0,8.0,1.2,yy,2.9010953274810163
tri,coupled,exponential,4.0,8.0,1.2,xxx,1.9485811317206998
tri,coupled,exponential,4.0,8.0,1.2,xxy,1.9030521334182728
tri,coupled,exponential,4.0,8.0,1.2,xyy,1.912546854461557
tri,coupled,exponential,4.0,8.0,1.2,yyy,1.9406493159712614
tri,coupled,sine,3.0,16.0,1.2,x,2.9840371799530607
tri,coupled,sine,3.0,16.0,1.2,y,2.9842306544339374
tri,coupled,sine,3.0,16.0,1.2,xx,1.9889780864990023
tri,coupled,sine,3.0,16.0,1.2,xy,1.992582336538295
tri,coupled,sine,3.0,16.0,1.2,yy,1.988258152439307
tri,coupled,sine,3.0,16.0,1.2,xxx,1.005490413944927
tri,coupled,sine,3.0,16.0,1.2,xxy,0.9969610086225043
tri,coupled,sine,3.0,16.0,1.2,xyy,0.9987082767734383
tri,coupled,sine,3.0,16.0,1.2,yyy,0.9973774450290899
tri,coupled,shortwave,3.0,16.0,1.2,x,2.9515687529689876
tri,coupled,shortwave,3.0,16.0,1.2,y,2.948426018275145
tri,coupled,shortwave,3.0,16.0,1.2,xx,1.9561720714151203
tri,coupled,shortwave,3.0,16.0,1.2,xy,1.9688077657276568
tri,coupled,shortwave,3.0,16.0,1.2,yy,1.9515971236938399
tri,coupled,shortwave,3.0,16.0,1.2,xxx,0.9672881657953587
tri,coupled,shortwave,3.0,16.0,1.2,xxy,0.980522498497881
tri,coupled,shortwave,3.0,16.0,1.2,xyy,0.9740795538740398
tri,coupled,shortwave,3.0,16.0,1.2,yyy,0.9643294486363726
tri,coupled,exponential,3.0,16.0,1.2,x,2.9858374927125753
tri,coupled,exponential,3.0,16.0,1.2,y,2.986720024765551
tri,coupled,exponential,3.0,16.0,1.2,xx,1.9832002183753035
tri,coupled,exponential,3.0,16.0,1.2,xy,1.9838959015313544
tri,coupled,exponential,3.0,16.0,1.2,yy,1.9850623031197105
tri,coupled,exponential,3.0,16.0,1.2,xxx,0.983711590842233
tri,coupled,exponential,3.0,16.0,1.2,xxy,0.9836247444704919
tri,coupled,exponential,3.0,16.0,1.2,xyy,0.9873658054000397
tri,coupled,exponential,3.0,16.0,1.2,yyy,0.9804204753513298
quad,separable,represented_quadratic,2.0,8.0,0.3,x,2.9661404876924107
quad,separable,represented_quadratic,2.0,8.0,0.3,y,2.9860570349479096
quad,separable,represented_quadratic,2.0,8.0,0.3,xx,1.9648360415377257
quad,separable,represented_quadratic,2.0,8.0,0.3,xy,2.967616695898871
quad,separable,represented_quadratic,2.0,8.0,0.3,yy,1.9855307599191165
quad,separable,represented_quadratic,2.0,16.0,0.3,x,2.991121623535327
quad,separable,represented_quadratic,2.0,16.0,0.3,y,2.996445040492118
quad,separable,represented_quadratic,2.0,16.0,0.3,xx,1.9906132217633252
quad,separable,represented_quadratic,2.0,16.0,0.3,xy,2.9915098405971317
quad,separable,represented_quadratic,2.0,16.0,0.3,yy,1.9962819270744243
quad,separable,represented_quadratic,3.0,8.0,0.3,x,3.9416316369889
quad,separable,represented_quadratic,3.0,8.0,0.3,y,3.9759925460525496
quad,separable,represented_quadratic,3.0,8.0,0.3,xx,2.9371924064197827
quad,separable,represented_quadratic,3.0,8.0,0.3,xy,3.9427062649331814
quad,separable,represented_quadratic,3.0,8.0,0.3,yy,2.9739258817911596
quad,separable,represented_quadratic,3.0,8.0,0.3,xxx,1.9768317906146131
quad,separable,represented_quadratic,3.0,8.0,0.3,xxy,2.937193405115962
quad,separable,represented_quadratic,3.0,8.0,0.3,xyy,2.974393530028174
quad,separable,represented_quadratic,3.0,8.0,0.3,yyy,1.9911706141594414
quad,separable,represented_quadratic,3.0,16.0,0.3,x,3.984428305154248
quad,separable,represented_quadratic,3.0,16.0,0.3,y,3.993832627351485
quad,separable,represented_quadratic,3.0,16.0,0.3,xx,2.98288402653798
quad,separable,represented_quadratic,3.0,16.0,0.3,xy,3.984711444915931
quad,separable,represented_quadratic,3.0,16.0,0.3,yy,2.993237448512241
quad,separable,represented_quadratic,3.0,16.0,0.3,xxx,1.9943066336841604
quad,separable,represented_quadratic,3.0,16.0,0.3,xxy,2.9828704304077873
quad,separable,represented_quadratic,3.0,16.0,0.3,xyy,2.993222563366983
quad,separable,represented_quadratic,3.0,16.0,0.3,yyy,1.997817357851366
quad,separable,represented_quadratic,4.0,8.0,0.3,x,4.9109710552751995
quad,separable,represented_quadratic,4.0,8.0,0.3,y,4.963127988356543
quad,separable,represented_quadratic,4.0,8.0,0.3,xx,3.9035746674383676
quad,separable,represented_quadratic,4.0,8.0,0.3,xy,4.911630840557867
quad,separable,represented_quadratic,4.0,8.0,0.3,yy,3.959461160604287
quad,separable,represented_quadratic,4.0,8.0,0.3,xxx,2.939015940143652
quad,separable,represented_quadratic,4.0,8.0,0.3,xxy,3.9035622237454137
quad,separable,represented_quadratic,4.0,8.0,0.3,xyy,3.9605008859791972
quad,separable,represented_quadratic,4.0,8.0,0.3,yyy,2.9747269760857695
quad,separable,represented_quadratic,4.0,16.0,0.3,x,4.975810810209627
quad,separable,represented_quadratic,4.0,16.0,0.3,y,4.990446380882595
quad,separable,represented_quadratic,4.0,16.0,0.3,xx,3.9731791820886837
quad,separable,represented_quadratic,4.0,16.0,0.3,xy,4.913798002905058
quad,separable,represented_quadratic,4.0,16.0,0.3,yy,3.989338323125043
quad,separable,represented_quadratic,4.0,16.0,0.3,xxx,2.9832956147940655
quad,separable,represented_quadratic,4.0,16.0,0.3,xxy,3.961747657908236
quad,separable,represented_quadratic,4.0,16.0,0.3,xyy,3.3262597069733664
quad,separable,represented_quadratic,4.0,16.0,0.3,yyy,2.993398473144058
quad,separable,represented_quadratic,2.0,8.0,0.7,x,2.5399935827810225
quad,separable,represented_quadratic,2.0,8.0,0.7,y,2.8620315230134237
quad,separable,represented_quadratic,2.0,8.0,0.7,xx,1.579544847997281
quad,separable,represented_quadratic,2.0,8.0,0.7,xy,2.544215046925335
quad,separable,represented_quadratic,2.0,8.0,0.7,yy,1.8629173384356583
quad,separable,represented_quadratic,2.0,16.0,0.7,x,2.8137733436165613
quad,separable,represented_quadratic,2.0,16.0,0.7,y,2.9587728309594397
quad,separable,represented_quadratic,2.0,16.0,0.7,xx,1.8182006141379112
quad,separable,represented_quadratic,2.0,16.0,0.7,xy,2.815144793533937
quad,separable,represented_quadratic,2.0,16.0,0.7,yy,1.9569185862821885
quad,separable,represented_quadratic,3.0,8.0,0.7,x,3.3027269483598536
quad,separable,represented_quadratic,3.0,8.0,0.7,y,3.771939970131332
quad,separable,represented_quadratic,3.0,8.0,0.7,xx,2.34786375204109
quad,separable,represented_quadratic,3.0,8.0,0.7,xy,3.304146132411372
quad,separable,represented_quadratic,3.0,8.0,0.7,yy,2.7682871341134474
quad,separable,represented_quadratic,3.0,8.0,0.7,xxx,1.5529360067800333
quad,separable,represented_quadratic,3.0,8.0,0.7,xxy,2.347865409729338
quad,separable,represented_quadratic,3.0,8.0,0.7,xyy,2.784857653940138
quad,separable,represented_quadratic,3.0,8.0,0.7,yyy,1.887706484407086
quad,separable,represented_quadratic,3.0,16.0,0.7,x,3.697350123445404
quad,separable,represented_quadratic,3.0,16.0,0.7,y,3.928482746145618
quad,separable,represented_quadratic,3.0,16.0,0.7,xx,2.6984022730994166
quad,separable,represented_quadratic,3.0,16.0,0.7,xy,3.6977752202045115
quad,separable,represented_quadratic,3.0,16.0,0.7,yy,2.923234707766163
quad,separable,represented_quadratic,3.0,16.0,0.7,xxx,1.8413919038302478
quad,separable,represented_quadratic,3.0,16.0,0.7,xxy,2.698402466111283
quad,separable,represented_quadratic,3.0,16.0,0.7,xyy,2.9333556838338706
quad,separable,represented_quadratic,3.0,16.0,0.7,yyy,1.9708387784980717
quad,separable,represented_quadratic,4.0,8.0,0.7,x,4.05344960152344
quad,separable,represented_quadratic,4.0,8.0,0.7,y,4.668006974721742
quad,separable,represented_quadratic,4.0,8.0,0.7,xx,3.10728976680985
quad,separable,represented_quadratic,4.0,8.0,0.7,xy,4.053886104043112
quad,separable,represented_quadratic,4.0,8.0,0.7,yy,3.661890352913099
quad,separable,represented_quadratic,4.0,8.0,0.7,xxx,2.2877119705814506
quad,separable,represented_quadratic,4.0,8.0,0.7,xxy,3.1072900010415165
quad,separable,represented_quadratic,4.0,8.0,0.7,xyy,3.6882833941450066
quad,separable,represented_quadratic,4.0,8.0,0.7,yyy,2.770262657484209
quad,separable,represented_quadratic,4.0,16.0,0.7,x,4.566226558506252
quad,separable,represented_quadratic,4.0,16.0,0.7,y,4.891088806578526
quad,separable,represented_quadratic,4.0,16.0,0.7,xx,3.566516897128756
quad,separable,represented_quadratic,4.0,16.0,0.7,xy,4.566344334720558
quad,separable,represented_quadratic,4.0,16.0,0.7,yy,3.882677124299197
quad,separable,represented_quadratic,4.0,16.0,0.7,xxx,2.696257710266176
quad,separable,represented_quadratic,4.0,16.0,0.7,xxy,3.5665181607608707
quad,separable,represented_quadratic,4.0,16.0,0.7,xyy,3.905750366041032
quad,separable,represented_quadratic,4.0,16.0,0.7,yyy,2.9253809200598244
tri,separable,represented_quadratic,2.0,4.0,0.3,x,2.8939332493768304
tri,separable,represented_quadratic,2.0,4.0,0.3,y,2.9528878152567883
tri,separable,represented_quadratic,2.0,4.0,0.3,xx,1.8981929967508402
tri,separable,represented_quadratic,2.0,4.0,0.3,xy,1.9379724527633346
tri,separable,represented_quadratic,2.0,4.0,0.3,yy,1.9536068249456318
tri,separable,represented_quadratic,2.0,8.0,0.3,x,2.9692677123844353
tri,separable,represented_quadratic,2.0,8.0,0.3,y,2.9874041918278893
tri,separable,represented_quadratic,2.0,8.0,0.3,xx,1.9692063357013934
tri,separable,represented_quadratic,2.0,8.0,0.3,xy,1.982726033475572
tri,separable,represented_quadratic,2.0,8.0,0.3,yy,1.9873068054160394
tri,separable,represented_quadratic,3.0,4.0,0.3,x,3.8202312127851474
tri,separable,represented_quadratic,3.0,4.0,0.3,y,3.918895255450643
tri,separable,represented_quadratic,3.0,4.0,0.3,xx,2.8215743894874996
tri,separable,represented_quadratic,3.0,4.0,0.3,xy,2.8770075907976436
tri,separable,represented_quadratic,3.0,4.0,0.3,yy,2.9169954780029106
tri,separable,represented_quadratic,3.0,4.0,0.3,xxx,1.9240419511572213
tri,separable,represented_quadratic,3.0,4.0,0.3,xxy,1.8707235033758343
tri,separable,represented_quadratic,3.0,4.0,0.3,xyy,2.901563451002783
tri,separable,represented_quadratic,3.0,4.0,0.3,yyy,1.9708251390860394
tri,separable,represented_quadratic,3.0,8.0,0.3,x,3.9455913514471974
tri,separable,represented_quadratic,3.0,8.0,0.3,y,3.9777922014967984
tri,separable,represented_quadratic,3.0,8.0,0.3,xx,2.943280532664981
tri,separable,represented_quadratic,3.0,8.0,0.3,xy,2.964241264068066
tri,separable,represented_quadratic,3.0,8.0,0.3,yy,2.9766201555661977
tri,separable,represented_quadratic,3.0,8.0,0.3,xxx,1.9822305474721236
tri,separable,represented_quadratic,3.0,8.0,0.3,xxy,1.9598993525789856
tri,separable,represented_quadratic,3.0,8.0,0.3,xyy,2.9725047900897064
tri,separable,represented_quadratic,3.0,8.0,0.3,yyy,1.993218658036959
tri,separable,represented_quadratic,4.0,4.0,0.3,x,4.732706665366822
tri,separable,represented_quadratic,4.0,4.0,0.3,y,4.876549053614227
tri,separable,represented_quadratic,4.0,4.0,0.3,xx,3.7326081432207845
tri,separable,represented_quadratic,4.0,4.0,0.3,xy,3.8005255248086565
tri,separable,represented_quadratic,4.0,4.0,0.3,yy,3.8721928347892094
tri,separable,represented_quadratic,4.0,4.0,0.3,xxx,2.829876911927682
tri,separable,represented_quadratic,4.0,4.0,0.3,xxy,2.7923325661097143
tri,separable,represented_quadratic,4.0,4.0,0.3,xyy,3.8438262396152254
tri,separable,represented_quadratic,4.0,4.0,0.3,yyy,2.92356090415281
tri,separable,represented_quadratic,4.0,8.0,0.3,x,4.915662094721173
tri,separable,represented_quadratic,4.0,8.0,0.3,y,4.9653528048482976
tri,separable,represented_quadratic,4.0,8.0,0.3,xx,3.9111500284330254
tri,separable,represented_quadratic,4.0,8.0,0.3,xy,3.9394618208345404
tri,separable,represented_quadratic,4.0,8.0,0.3,yy,3.962980582260252
tri,separable,represented_quadratic,4.0,8.0,0.3,xxx,2.948241061178895
tri,separable,represented_quadratic,4.0,8.0,0.3,xxy,2.9330602362412623
tri,separable,represented_quadratic,4.0,8.0,0.3,xyy,3.954859665574896
tri,separable,represented_quadratic,4.0,8.0,0.3,yyy,2.9788256121848415
tri,separable,represented_quadratic,2.0,4.0,0.7,x,2.1772833252596637
tri,separable,represented_quadratic,2.0,4.0,0.7,y,2.655958599584965
tri,separable,represented_quadratic,2.0,4.0,0.7,xx,1.2924808005870931
tri,separable,represented_quadratic,2.0,4.0,0.7,xy,1.4468887991921366
tri,separable,represented_quadratic,2.0,4.0,0.7,yy,1.6919013244120857
tri,separable,represented_quadratic,2.0,8.0,0.7,x,2.563610098212572
tri,separable,represented_quadratic,2.0,8.0,0.7,y,2.871689995705819
tri,separable,represented_quadratic,2.0,8.0,0.7,xx,1.6183768169202564
tri,separable,represented_quadratic,2.0,8.0,0.7,xy,1.7282391901837852
tri,separable,represented_quadratic,2.0,8.0,0.7,yy,1.8776921647202955
tri,separable,represented_quadratic,3.0,4.0,0.7,x,2.8018604028520406
tri,separable,represented_quadratic,3.0,4.0,0.7,y,3.4589076872401474
tri,separable,represented_quadratic,3.0,4.0,0.7,xx,1.9336530611858034
tri,separable,represented_quadratic,3.0,4.0,0.7,xy,2.063387179291187
tri,separable,represented_quadratic,3.0,4.0,0.7,yy,2.5032987332601366
tri,separable,represented_quadratic,3.0,4.0,0.7,xxx,1.1579976926519868
tri,separable,represented_quadratic,3.0,4.0,0.7,xxy,1.238960388946718
tri,separable,represented_quadratic,3.0,4.0,0.7,xyy,2.219556490505611
tri,separable,represented_quadratic,3.0,4.0,0.7,yyy,1.6885828738060433
tri,separable,represented_quadratic,3.0,8.0,0.7,x,3.327591977327118
tri,separable,represented_quadratic,3.0,8.0,0.7,y,3.783263760499672
tri,separable,represented_quadratic,3.0,8.0,0.7,xx,2.3932966250311662
tri,separable,represented_quadratic,3.0,8.0,0.7,xy,2.504643953742551
tri,separable,represented_quadratic,3.0,8.0,0.7,yy,2.7879785296345307
tri,separable,represented_quadratic,3.0,8.0,0.7,xxx,1.595032270973037
tri,separable,represented_quadratic,3.0,8.0,0.7,xxy,1.5623296599644263
tri,separable,represented_quadratic,3.0,8.0,0.7,xyy,2.623609332266089
tri,separable,represented_quadratic,3.0,8.0,0.7,yyy,1.9055409698266315
tri,separable,represented_quadratic,4.0,4.0,0.7,x,3.4202534183826834
tri,separable,represented_quadratic,4.0,4.0,0.7,y,4.246740652276886
tri,separable,represented_quadratic,4.0,4.0,0.7,xx,2.5679855472733863
tri,separable,represented_quadratic,4.0,4.0,0.7,xy,2.6816880260927136
tri,separable,represented_quadratic,4.0,4.0,0.7,yy,3.3018962851266234
tri,separable,represented_quadratic,4.0,4.0,0.7,xxx,1.7543152013525496
tri,separable,represented_quadratic,4.0,4.0,0.7,xxy,1.8244271915331605
tri,separable,represented_quadratic,4.0,4.0,0.7,xyy,2.834166585535027
tri,separable,represented_quadratic,4.0,4.0,0.7,yyy,2.4717833196863443
tri,separable,represented_quadratic,4.0,8.0,0.7,x,4.079079057759552
tri,separable,represented_quadratic,4.0,8.0,0.7,y,4.6805065276207
tri,separable,represented_quadratic,4.0,8.0,0.7,xx,3.1573092451805977
tri,separable,represented_quadratic,4.0,8.0,0.7,xy,3.265797968576144
tri,separable,represented_quadratic,4.0,8.0,0.7,yy,3.6854069529637576
tri,separable,represented_quadratic,4.0,8.0,0.7,xxx,2.3393896238246663
tri,separable,represented_quadratic,4.0,8.0,0.7,xxy,2.3271483255211556
tri,separable,represented_quadratic,4.0,8.0,0.7,xyy,3.398959347138177
tri,separable,represented_quadratic,4.0,8.0,0.7,yyy,2.7972139795919793
