family,n,p,amplitude,basis,map,extra,field,derivative,method,q,error_l2,relative_l2,sampled_linf,truth_l2,face_rms,face_relative_l2,jump_rms,jump_mean_abs,input_error_l2,reconstruction_l2,mean_defect,solve_residual,assembly_order,elements
quad,16,2,0.69999999999999996,gll,separable,0,represented_quadratic,x,recursive,2,0.00043776494979530864,0.00021769585636396323,0.0092583158544830013,2.0109016180051422,0.0014173617222130342,0.00056380736370481251,0.0018917713614896997,0.0006094977508597153,1.1403559424224573e-15,0,6.9146820969159004e-18,8.6736173798840355e-19,40,256
quad,16,2,0.69999999999999996,gll,separable,0,represented_quadratic,x,physical_k,2,0.012276199268467611,0.0061048234078432267,0.23708617829124101,2.0109016180051422,0.035846523872064877,0.01425926339448076,0.010203758330099675,0.0041397761558755256,1.1403559424224573e-15,2.735858711501979e-05,6.9146820969159004e-18,8.6736173798840355e-19,40,256
quad,16,2,0.69999999999999996,gll,separable,0,represented_quadratic,x,physical_k1,3,0.0013026319169577043,0.00064778500613567726,0.03550476968143812,2.0109016180051422,0.0049766777153155512,0.0019796552275304189,0.006614350508253897,0.0021851749312420672,1.1403559424224573e-15,1.6426395802174841e-06,6.9146820969159004e-18,8.6736173798840355e-19,40,256
quad,16,2,0.69999999999999996,gll,separable,0,represented_quadratic,x,physical_k2,4,0.00014983225269397056,7.450998664102096e-05,0.0052073984091975944,2.0109016180051422,0.00070485251308868228,0.000280380816680127,0.00035205149475716133,9.302054603481277e-05,1.1403559424224573e-15,1.3095483973233695e-07,6.9146820969159004e-18,8.6736173798840355e-19,40,256
quad,16,2,0.69999999999999996,gll,separable,0,represented_quadratic,x,oracle_k2,4,0.00014983225263994125,7.4509986614152749e-05,0.0052073984037406262,2.0109016180051422,0.00070485251283407019,0.00028038081657884577,0.00035205149523433047,9.3020546302020142e-05,1.1403559424224573e-15,1.3095483973219957e-07,6.9146820969159004e-18,8.6736173798840355e-19,40,256
quad,16,2,0.69999999999999996,gll,separable,0,represented_quadratic,y,recursive,2,4.5859068919637733e-05,2.6079761873675468e-05,0.00056174134012465515,1.7584159372991519,0.00011616857011316945,5.8245477087900214e-05,0.00018958639602597324,8.6300239451408595e-05,1.1403559424224573e-15,0,6.9146820969159004e-18,8.6736173798840355e-19,40,256
quad,16,2,0.69999999999999996,gll,separable,0,represented_quadratic,y,physical_k,2,0.0030658915007606216,0.0017435530671256845,0.036446527004040163,1.7584159372991519,0.0070717309075472475,0.0035456779759454439,0.0018444267296877296,0.0012383115434760812,1.1403559424224573e-15,2.735858711501979e-05,6.9146820969159004e-18,8.6736173798840355e-19,40,256
quad,16,2,0.69999999999999996,gll,separable,0,represented_quadratic,y,physical_k1,3,0.00013820455654408616,7.8596055468174478e-05,0.0026074492743406452,1.7584159372991519,0.00041331765071492076,0.00020723233256024669,0.00067749245942242764,0.00033716374087755296,1.1403559424224573e-15,1.6426395802174841e-06,6.9146820969159004e-18,8.6736173798840355e-19,40,256
quad,16,2,0.69999999999999996,gll,separable,0,represented_quadratic,y,physical_k2,4,6.7973607451389944e-06,3.8656159791064199e-06,0.00018708658632426989,1.7584159372991519,2.5052176846445677e-05,1.2560850074079174e-05,8.7366278934232655e-06,3.6414630055967217e-06,1.1403559424224573e-15,1.3095483973233695e-07,6.9146820969159004e-18,8.6736173798840355e-19,40,256
quad,16,2,0.69999999999999996,gll,separable,0,represented_quadratic,y,oracle_k2,4,6.7973607127414902e-06,3.8656159606821649e-06,0.0001870865826649748,1.7584159372991519,2.5052176727409196e-05,1.2560850014395762e-05,8.7366282030339942e-06,3.6414631606791256e-06,1.1403559424224573e-15,1.3095483973219957e-07,6.9146820969159004e-18,8.6736173798840355e-19,40,256
quad,16,2,0.69999999999999996,gll,separable,0,represented_quadratic,xx,recursive,2,0.26144349586755966,0.013911685289471966,6.4914637466119132,18.793085843123112,0.8327510973023835,0.030374377892937256,0.21658841178535018,0.055886599228183627,1.1403559424224573e-15,0,6.9146820969159004e-18,8.6736173798840355e-19,40,256
quad,16,2,0.69999999999999996,gll,separable,0,represented_quadratic,xx,physical_k,2,3.7411963761666098,0.19907302118431031,61.164039690035409,18.793085843123112,8.4274507159902878,0.30738905484581336,9.9037213501015913,3.303577642642638,1.1403559424224573e-15,2.735858711501979e-05,6.9146820969159004e-18,8.6736173798840355e-19,40,256
quad,16,2,0.69999999999999996,gll,separable,0,represented_quadratic,xx,physical_k1,3,0.69031008998533361,0.03673213094154712,15.972644748959425,18.793085843123112,2.1072739944797987,0.076862266335803939,0.81160897535766197,0.21862549852685265,1.1403559424224573e-15,1.6426395802174841e-06,6.9146820969159004e-18,8.6736173798840355e-19,40,256
quad,16,2,0.69999999999999996,gll,separable,0,represented_quadratic,xx,physical_k2,4,0.12107297898566377,0.0064424214307501598,3.5921810731846051,18.793085843123112,0.4650526019245651,0.016962671699514108,0.50719801289782995,0.13050126612672086,1.1403559424224573e-15,1.3095483973233695e-07,6.9146820969159004e-18,8.6736173798840355e-19,40,256
quad,16,2,0.69999999999999996,gll,separable,0,represented_quadratic,xx,oracle_k2,4,0.1210729789638277,0.0064424214295882394,3.5921810716299092,18.793085843123112,0.4650526018526997,0.016962671696892837,0.50719801289394184,0.13050126612106497,1.1403559424224573e-15,1.3095483973219957e-07,6.9146820969159004e-18,8.6736173798840355e-19,40,256
quad,16,2,0.69999999999999996,gll,separable,0,represented_quadratic,xy,recursive,2,0.0001607668816748899,0.00013808674909513693,0.0057563206440605086,1.1642455393321423,0.00052154032655770028,0.00037750105688442358,0.00069449123233834267,0.00023929478199784815,1.1403559424224573e-15,0,6.9146820969159004e-18,8.6736173798840355e-19,40,256
quad,16,2,0.69999999999999996,gll,separable,0,represented_quadratic,xy,physical_k,2,0.05758537943778707,0.04946154182460543,1.1698707753344433,1.1642455393321423,0.11296189001959255,0.081764018425026605,0.17412974475061208,0.11526349115337924,1.1403559424224573e-15,2.735858711501979e-05,6.9146820969159004e-18,8.6736173798840355e-19,40,256
quad,16,2,0.69999999999999996,gll,separable,0,represented_quadratic,xy,physical_k1,3,0.0048207874407547036,0.0041406965093635662,0.19070506013475264,1.1642455393321423,0.013983630813514312,0.010121624623017956,0.0058765141744447505,0.0026973029826555233,1.1403559424224573e-15,1.6426395802174841e-06,6.9146820969159004e-18,8.6736173798840355e-19,40,256
quad,16,2,0.69999999999999996,gll,separable,0,represented_quadratic,xy,physical_k2,4,0.00049807500482544566,0.00042780924469864088,0.029555930962023247,1.1642455393321423,0.0018956407496070623,0.0013721017340557965,0.0024953316379058305,0.00089294128951364923,1.1403559424224573e-15,1.3095483973233695e-07,6.9146820969159004e-18,8.6736173798840355e-19,40,256
quad,16,2,0.69999999999999996,gll,separable,0,represented_quadratic,xy,oracle_k2,4,0.00049807500419854522,0.00042780924416018027,0.029555930700164268,1.1642455393321423,0.0018956407472276889,0.0013721017323335596,0.002495331633946891,0.00089294128868091952,1.1403559424224573e-15,1.3095483973219957e-07,6.9146820969159004e-18,8.6736173798840355e-19,40,256
quad,16,2,0.69999999999999996,gll,separable,0,represented_quadratic,yy,recursive,2,0.016149657700132568,0.0024881788164751919,0.2225500703600396,6.4905534896444959,0.039050377565241275,0.0051689365791688386,0.0068827607816927651,0.0024956156430140848,1.1403559424224573e-15,0,6.9146820969159004e-18,8.6736173798840355e-19,40,256
quad,16,2,0.69999999999999996,gll,separable,0,represented_quadratic,yy,physical_k,2,0.55194502563438519,0.085038206142973582,5.0026053351207835,6.4905534896444959,0.96931225488655193,0.12830384450314267,1.4735490145067902,0.71109678024315326,1.1403559424224573e-15,2.735858711501979e-05,6.9146820969159004e-18,8.6736173798840355e-19,40,256
quad,16,2,0.69999999999999996,gll,separable,0,represented_quadratic,yy,physical_k1,3,0.043621978016179661,0.0067208410015844348,0.61097218503843109,6.4905534896444959,0.10382883303901845,0.013743392164932595,0.027340963879455161,0.011669833687223024,1.1403559424224573e-15,1.6426395802174841e-06,6.9146820969159004e-18,8.6736173798840355e-19,40,256
quad,16,2,0.69999999999999996,gll,separable,0,represented_quadratic,yy,physical_k2,4,0.003297827546156326,0.00050809650539324904,0.063625872442344189,6.4905534896444959,0.0099031412859613907,0.0013108377545431474,0.014723129142674124,0.005465215824909584,1.1403559424224573e-15,1.3095483973233695e-07,6.9146820969159004e-18,8.6736173798840355e-19,40,256
quad,16,2,0.69999999999999996,gll,separable,0,represented_quadratic,yy,oracle_k2,4,0.0032978275384174605,0.00050809650420092145,0.063625871731808559,6.4905534896444959,0.0099031412665603821,0.0013108377519751161,0.014723129132952099,0.0054652158182784327,1.1403559424224573e-15,1.3095483973219957e-07,6.9146820969159004e-18,8.6736173798840355e-19,40,256
quad,16,2,0.69999999999999996,gll,separable,0,constant,x,recursive,2,1.3943632834100691e-13,nan,2.7405274186405764e-12,0,2.6422048523764375e-13,nan,3.5961841037786852e-13,2.3020800446387845e-13,1.2508356571223479e-15,0,6.9146820969159004e-18,8.6736173798840355e-19,40,256
quad,16,2,0.69999999999999996,gll,separable,0,constant,x,physical_k,2,8.2694328964037531e-14,nan,9.4148164284652054e-13,0,1.3985686199916496e-13,nan,1.9231526928326843e-13,1.2092047211603108e-13,1.2508356571223479e-15,8.7444626974352172e-16,6.9146820969159004e-18,8.6736173798840355e-19,40,256
quad,16,2,0.69999999999999996,gll,separable,0,constant,x,physical_k1,3,9.5670383808820586e-14,nan,1.4136137431014209e-12,0,1.6676860900492925e-13,nan,2.2775456103473827e-13,1.5353316419010678e-13,1.2508356571223479e-15,7.5251453829372595e-16,6.9146820969159004e-18,8.6736173798840355e-19,40,256
quad,16,2,0.69999999999999996,gll,separable,0,constant,x,physical_k2,4,1.3601241956441389e-13,nan,2.6271963614096975e-12,0,2.5410124627468302e-13,nan,3.5475732403756598e-13,2.2778698996885908e-13,1.2508356571223479e-15,4.0445310864151676e-16,6.9146820969159004e-18,8.6736173798840355e-19,40,256
quad,16,2,0.69999999999999996,gll,separable,0,constant,x,oracle_k2,4,4.7471620703655811e-15,nan,8.9331222737045735e-14,0,1.2451846811791505e-14,nan,1.651324751431749e-14,1.0351981915190425e-14,1.2508356571223479e-15,1.253676921411656e-15,6.9146820969159004e-18,8.6736173798840355e-19,40,256
quad,16,2,0.69999999999999996,gll,separable,0,constant,y,recursive,2,1.2073860274537936e-13,nan,1.6489007788388691e-12,0,2.1228441728855968e-13,nan,2.9218848705380808e-13,2.0498860734097564e-13,1.2508356571223479e-15,0,6.9146820969159004e-18,8.6736173798840355e-19,40,256
quad,16,2,0.69999999999999996,gll,separable,0,constant,y,physical_k,2,7.4936019439743277e-14,nan,5.6634958858533868e-13,0,1.1249626065250474e-13,nan,1.598943504128981e-13,1.0961368408025343e-13,1.2508356571223479e-15,8.7444626974352172e-16,6.9146820969159004e-18,8.6736173798840355e-19,40,256
quad,16,2,0.69999999999999996,gll,separable,0,constant,y,physical_k1,3,8.9645373147261646e-14,nan,1.1530641707875724e-12,0,1.4377105982867397e-13,nan,1.99830167858469e-13,1.4157390232422222e-13,1.2508356571223479e-15,7.5251453829372595e-16,6.9146820969159004e-18,8.6736173798840355e-19,40,256
quad,16,2,0.69999999999999996,gll,separable,0,constant,y,physical_k2,4,1.2423453807579279e-13,nan,1.9372208970145943e-12,0,2.2205092840767744e-13,nan,3.1006232765232719e-13,2.1345674145967097e-13,1.2508356571223479e-15,4.0445310864151676e-16,6.9146820969159004e-18,8.6736173798840355e-19,40,256
quad,16,2,0.69999999999999996,gll,separable,0,constant,y,oracle_k2,4,1.261711904075807e-14,nan,1.9306256032908223e-13,0,2.7238826119766676e-14,nan,3.8630110079855753e-14,2.5990406640279475e-14,1.2508356571223479e-15,1.253676921411656e-15,6.9146820969159004e-18,8.6736173798840355e-19,40,256
quad,16,2,0.69999999999999996,gll,separable,0,constant,xx,recursive,2,1.4568640765584403e-11,nan,3.1603553276589093e-10,0,2.3192207491192831e-11,nan,2.9717206323777444e-11,1.5001638431243906e-11,1.2508356571223479e-15,0,6.9146820969159004e-18,8.6736173798840355e-19,40,256
quad,16,2,0.69999999999999996,gll,separable,0,constant,xx,physical_k,2,7.9315672151525516e-12,nan,8.1921341488890992e-11,0,1.0004090967795651e-11,nan,1.2861413228044046e-11,6.5922883402753653e-12,1.2508356571223479e-15,8.7444626974352172e-16,6.9146820969159004e-18,8.6736173798840355e-19,40,256
quad,16,2,0.69999999999999996,gll,separable,0,constant,xx,physical_k1,3,8.9442185400588311e-12,nan,1.4849128277208265e-10,0,1.213793586307495e-11,nan,1.4882909749453585e-11,8.0917380126342142e-12,1.2508356571223479e-15,7.5251453829372595e-16,6.9146820969159004e-18,8.6736173798840355e-19,40,256
quad,16,2,0.69999999999999996,gll,separable,0,constant,xx,physical_k2,4,1.3543666643846462e-11,nan,2.6061100271871251e-10,0,2.0866353976118918e-11,nan,2.7091463215810561e-11,1.3815023061140068e-11,1.2508356571223479e-15,4.0445310864151676e-16,6.9146820969159004e-18,8.6736173798840355e-19,40,256
quad,16,2,0.69999999999999996,gll,separable,0,constant,xx,oracle_k2,4,1.3379859824599232e-12,nan,3.272919689075009e-11,0,3.5634154540673088e-12,nan,4.3066994459119986e-12,1.9126384871987012e-12,1.2508356571223479e-15,1.253676921411656e-15,6.9146820969159004e-18,8.6736173798840355e-19,40,256
quad,16,2,0.69999999999999996,gll,separable,0,constant,xy,recursive,2,1.3356546762902592e-11,nan,3.5922782430886644e-10,0,2.7650358997158573e-11,nan,3.7678324268894996e-11,2.2005994949062969e-11,1.2508356571223479e-15,0,6.9146820969159004e-18,8.6736173798840355e-19,40,256
quad,16,2,0.69999999999999996,gll,separable,0,constant,xy,physical_k,2,5.6925159963190961e-13,nan,7.5310610014512971e-12,0,7.0529107604427103e-13,nan,9.195225578784809e-13,5.6509711832833543e-13,1.2508356571223479e-15,8.7444626974352172e-16,6.9146820969159004e-18,8.6736173798840355e-19,40,256
quad,16,2,0.69999999999999996,gll,separable,0,constant,xy,physical_k1,3,3.8019256430061153e-12,nan,6.9827648727497186e-11,0,6.3786680906327895e-12,nan,8.7788948568863928e-12,5.6862647754527061e-12,1.2508356571223479e-15,7.5251453829372595e-16,6.9146820969159004e-18,8.6736173798840355e-19,40,256
quad,16,2,0.69999999999999996,gll,separable,0,constant,xy,physical_k2,4,1.2977103443991914e-11,nan,3.5644933971598164e-10,0,2.6466435353353554e-11,nan,3.6918883003959508e-11,2.1611206950932476e-11,1.2508356571223479e-15,4.0445310864151676e-16,6.9146820969159004e-18,8.6736173798840355e-19,40,256
quad,16,2,0.69999999999999996,gll,separable,0,constant,xy,oracle_k2,4,2.4417868017039679e-13,nan,4.5121154122878162e-12,0,4.8961430849330143e-13,nan,6.5055503186800455e-13,4.319699044378342e-13,1.2508356571223479e-15,1.253676921411656e-15,6.9146820969159004e-18,8.6736173798840355e-19,40,256
quad,16,2,0.69999999999999996,gll,separable,0,constant,yy,recursive,2,8.4718948328141928e-12,nan,1.0912309174250008e-10,0,1.2812744357373971e-11,nan,1.8547961329037965e-11,1.181593702746444e-11,1.2508356571223479e-15,0,6.9146820969159004e-18,8.6736173798840355e-19,40,256
quad,16,2,0.69999999999999996,gll,separable,0,constant,yy,physical_k,2,5.0481735659940617e-12,nan,3.1407393839595145e-11,0,5.5705648352360503e-12,nan,7.3371874908346618e-12,5.0965825441641288e-12,1.2508356571223479e-15,8.7444626974352172e-16,6.9146820969159004e-18,8.6736173798840355e-19,40,256
quad,16,2,0.69999999999999996,gll,separable,0,constant,yy,physical_k1,3,6.3710650255455076e-12,nan,7.0196221401455641e-11,0,8.2599107005074617e-12,nan,1.0863594645830319e-11,7.5067427767422164e-12,1.2508356571223479e-15,7.5251453829372595e-16,6.9146820969159004e-18,8.6736173798840355e-19,40,256
quad,16,2,0.69999999999999996,gll,separable,0,constant,yy,physical_k2,4,1.0042171913620438e-11,nan,1.253743592179466e-10,0,1.6843718148516147e-11,nan,2.3372623378244373e-11,1.5511695971979166e-11,1.2508356571223479e-15,4.0445310864151676e-16,6.9146820969159004e-18,8.6736173798840355e-19,40,256
quad,16,2,0.69999999999999996,gll,separable,0,constant,yy,oracle_k2,4,2.2070867641865471e-12,nan,3.938751432096483e-11,0,4.4710229611561625e-12,nan,6.1181378031627638e-12,3.7516593622714076e-12,1.2508356571223479e-15,1.253676921411656e-15,6.9146820969159004e-18,8.6736173798840355e-19,40,256
