family,n,p,amplitude,basis,map,extra,field,derivative,method,error_l2,relative_l2,sampled_linf,truth_l2,face_rms,face_relative_l2,jump_rms,jump_mean_abs,input_error_l2,operator_error_l2,operator_relative_l2,inverse_residual,representation_residual,first_derivative_residual,geometry_residual,min_jacobian,elements,geometry_derivative_residual,geometry_jacobian_residual,fe_inverse_residual,method_agreement,fe_first_residual,face_geometry_residual,initialization_seconds,evaluation_seconds,reused_inverse_residual,reused_first_residual,reused_geometry_residual
tri,8,2,0.69999999999999996,gll,separable,0,represented_quadratic,x,recursive,0.0024561969259044507,0.0012214406234060458,0.11472350969333078,2.0109016180051613,0.0069347864086300136,0.0027105287361102416,0.0076890422085445134,0.0028579281114202363,7.2323191161576417e-15,0.0024561969259056598,0.0012214406234066332,1.7763568394002505e-15,5.3290705182007514e-15,7.1357625887013257e-12,7.2830630415410269e-14,0.0023922744343842159,128,1.2415948464583848e-11,1.8548222337143458e-12,3.6577944821705033e-15,1.1041347280915659e-09,9.6269890326027957e-12,1.3589129821411916e-13,0.32456461095716804,5.045770701370202,1.0040938358660592e-15,8.7260868078116883e-12,1.6244925878459285e-12
tri,8,2,0.69999999999999996,gll,separable,0,represented_quadratic,x,direct,4.4618791517761186e-13,2.218845075176953e-13,1.482369782479509e-11,2.0109016180051613,8.4306097430862665e-13,3.2951858391959712e-13,1.1583389741954353e-12,5.1016292909878676e-13,7.2323191161576417e-15,0,0,1.7763568394002505e-15,5.3290705182007514e-15,7.1357625887013257e-12,7.2830630415410269e-14,0.0023922744343842159,128,1.2415948464583848e-11,1.8548222337143458e-12,3.6577944821705033e-15,1.1041347280915659e-09,9.6269890326027957e-12,1.3589129821411916e-13,0.32456461095716804,5.045770701370202,1.0040938358660592e-15,8.7260868078116883e-12,1.6244925878459285e-12
tri,8,2,0.69999999999999996,gll,separable,0,represented_quadratic,x,fe_geometry,1.2094920784196314e-12,6.0146755444926341e-13,3.7543301800724294e-11,2.0109016180051613,3.0878360122131008e-12,1.2069107468232918e-12,3.7085029903946684e-12,1.7211447508476198e-12,7.2323191161576417e-15,1.1180504081676748e-12,5.5599458380106212e-13,1.7763568394002505e-15,5.3290705182007514e-15,7.1357625887013257e-12,7.2830630415410269e-14,0.0023922744343842159,128,1.2415948464583848e-11,1.8548222337143458e-12,3.6577944821705033e-15,1.1041347280915659e-09,9.6269890326027957e-12,1.3589129821411916e-13,0.32456461095716804,5.045770701370202,1.0040938358660592e-15,8.7260868078116883e-12,1.6244925878459285e-12
tri,8,2,0.69999999999999996,gll,separable,0,represented_quadratic,x,reused,1.2239509076417158e-12,6.0865777653304081e-13,4.4730441572937707e-11,2.0109016180051613,2.6518481702420927e-12,1.0365006570782831e-12,2.0994861002635533e-12,9.8539688428690258e-13,7.2323191161576417e-15,1.1467181373443387e-12,5.7025074080047926e-13,1.7763568394002505e-15,5.3290705182007514e-15,7.1357625887013257e-12,7.2830630415410269e-14,0.0023922744343842159,128,1.2415948464583848e-11,1.8548222337143458e-12,3.6577944821705033e-15,1.1041347280915659e-09,9.6269890326027957e-12,1.3589129821411916e-13,0.32456461095716804,5.045770701370202,1.0040938358660592e-15,8.7260868078116883e-12,1.6244925878459285e-12
tri,8,2,0.69999999999999996,gll,separable,0,represented_quadratic,x,reused_centered,4.7020974068057854e-13,2.3383030600325057e-13,1.1876721828230075e-11,2.0109016180051613,9.7830721941080655e-13,3.8238089462382659e-13,1.3194997571456581e-12,5.7939046846610063e-13,7.2323191161576417e-15,1.3736345906941579e-13,6.8309388107052411e-14,1.7763568394002505e-15,5.3290705182007514e-15,7.1357625887013257e-12,7.2830630415410269e-14,0.0023922744343842159,128,1.2415948464583848e-11,1.8548222337143458e-12,3.6577944821705033e-15,1.1041347280915659e-09,9.6269890326027957e-12,1.3589129821411916e-13,0.32456461095716804,5.045770701370202,1.0040938358660592e-15,8.7260868078116883e-12,1.6244925878459285e-12
tri,8,2,0.69999999999999996,gll,separable,0,represented_quadratic,y,recursive,0.00029571961301086918,0.00016817386986669422,0.0093074255941170136,1.7584159372991548,0.00069360253791439454,0.0003462236636281515,0.00089847534455095421,0.00048371870735319789,7.2323191161576417e-15,0.00029571961301081085,0.00016817386986666235,1.7763568394002505e-15,5.3290705182007514e-15,7.1357625887013257e-12,7.2830630415410269e-14,0.0023922744343842159,128,1.2415948464583848e-11,1.8548222337143458e-12,3.6577944821705033e-15,1.1041347280915659e-09,9.6269890326027957e-12,1.3589129821411916e-13,0.32456461095716804,5.045770701370202,1.0040938358660592e-15,8.7260868078116883e-12,1.6244925878459285e-12
tri,8,2,0.69999999999999996,gll,separable,0,represented_quadratic,y,direct,4.2724940360102006e-13,2.4297402823660443e-13,5.9978688682349457e-12,1.7584159372991548,6.844322558270781e-13,3.4164615924023329e-13,8.8455837447996864e-13,4.6103507644246527e-13,7.2323191161576417e-15,0,0,1.7763568394002505e-15,5.3290705182007514e-15,7.1357625887013257e-12,7.2830630415410269e-14,0.0023922744343842159,128,1.2415948464583848e-11,1.8548222337143458e-12,3.6577944821705033e-15,1.1041347280915659e-09,9.6269890326027957e-12,1.3589129821411916e-13,0.32456461095716804,5.045770701370202,1.0040938358660592e-15,8.7260868078116883e-12,1.6244925878459285e-12
tri,8,2,0.69999999999999996,gll,separable,0,represented_quadratic,y,fe_geometry,7.8328845972778032e-13,4.4545118314320726e-13,2.2784441000567313e-11,1.7584159372991548,1.7495001843077001e-12,8.7329317616178741e-13,2.7838399837916701e-12,1.4891510517523621e-12,7.2323191161576417e-15,7.0789116060386019e-13,4.0257321694385554e-13,1.7763568394002505e-15,5.3290705182007514e-15,7.1357625887013257e-12,7.2830630415410269e-14,0.0023922744343842159,128,1.2415948464583848e-11,1.8548222337143458e-12,3.6577944821705033e-15,1.1041347280915659e-09,9.6269890326027957e-12,1.3589129821411916e-13,0.32456461095716804,5.045770701370202,1.0040938358660592e-15,8.7260868078116883e-12,1.6244925878459285e-12
tri,8,2,0.69999999999999996,gll,separable,0,represented_quadratic,y,reused,5.4572830618637522e-13,3.1035222930508044e-13,1.659916648577564e-11,1.7584159372991548,1.071365840628915e-12,5.3479072833839352e-13,1.5407690167199152e-12,8.130346994189132e-13,7.2323191161576417e-15,4.8035722555690783e-13,2.7317611002475217e-13,1.7763568394002505e-15,5.3290705182007514e-15,7.1357625887013257e-12,7.2830630415410269e-14,0.0023922744343842159,128,1.2415948464583848e-11,1.8548222337143458e-12,3.6577944821705033e-15,1.1041347280915659e-09,9.6269890326027957e-12,1.3589129821411916e-13,0.32456461095716804,5.045770701370202,1.0040938358660592e-15,8.7260868078116883e-12,1.6244925878459285e-12
tri,8,2,0.69999999999999996,gll,separable,0,represented_quadratic,y,reused_centered,4.3773923782603601e-13,2.4893953048354595e-13,8.3417717178235762e-12,1.7584159372991548,7.8830292830680884e-13,3.9349499600716387e-13,1.0151150215800322e-12,5.3211577410846817e-13,7.2323191161576417e-15,1.4612558324415858e-13,8.3100693154886808e-14,1.7763568394002505e-15,5.3290705182007514e-15,7.1357625887013257e-12,7.2830630415410269e-14,0.0023922744343842159,128,1.2415948464583848e-11,1.8548222337143458e-12,3.6577944821705033e-15,1.1041347280915659e-09,9.6269890326027957e-12,1.3589129821411916e-13,0.32456461095716804,5.045770701370202,1.0040938358660592e-15,8.7260868078116883e-12,1.6244925878459285e-12
tri,8,2,0.69999999999999996,gll,separable,0,represented_quadratic,xx,recursive,0.758320864240837,0.040351056264572853,27.230134994617572,18.793085843123826,2.2125413800226186,0.075401686394100415,0.99032700471873525,0.30186280265088905,7.2323191161576417e-15,0.75832086424184353,0.040351056264624818,1.7763568394002505e-15,5.3290705182007514e-15,7.1357625887013257e-12,7.2830630415410269e-14,0.0023922744343842159,128,1.2415948464583848e-11,1.8548222337143458e-12,3.6577944821705033e-15,1.1041347280915659e-09,9.6269890326027957e-12,1.3589129821411916e-13,0.32456461095716804,5.045770701370202,1.0040938358660592e-15,8.7260868078116883e-12,1.6244925878459285e-12
tri,8,2,0.69999999999999996,gll,separable,0,represented_quadratic,xx,direct,2.6444514519810626e-11,1.4071406229161866e-12,9.7350039141019806e-10,18.793085843123826,4.1350261024973759e-11,1.4091846788815274e-12,5.3364458797105726e-11,1.7421851254244965e-11,7.2323191161576417e-15,0,0,1.7763568394002505e-15,5.3290705182007514e-15,7.1357625887013257e-12,7.2830630415410269e-14,0.0023922744343842159,128,1.2415948464583848e-11,1.8548222337143458e-12,3.6577944821705033e-15,1.1041347280915659e-09,9.6269890326027957e-12,1.3589129821411916e-13,0.32456461095716804,5.045770701370202,1.0040938358660592e-15,8.7260868078116883e-12,1.6244925878459285e-12
tri,8,2,0.69999999999999996,gll,separable,0,represented_quadratic,xx,fe_geometry,2.7943809731815212e-10,1.4869197089332473e-11,1.3938660003987025e-08,18.793085843123826,7.3923537874852487e-10,2.5192565754069876e-11,9.7269926651268017e-10,2.9186724193490626e-10,7.2323191161576417e-15,2.7635115242676727e-10,1.4704937482519407e-11,1.7763568394002505e-15,5.3290705182007514e-15,7.1357625887013257e-12,7.2830630415410269e-14,0.0023922744343842159,128,1.2415948464583848e-11,1.8548222337143458e-12,3.6577944821705033e-15,1.1041347280915659e-09,9.6269890326027957e-12,1.3589129821411916e-13,0.32456461095716804,5.045770701370202,1.0040938358660592e-15,8.7260868078116883e-12,1.6244925878459285e-12
tri,8,2,0.69999999999999996,gll,separable,0,represented_quadratic,xx,reused,3.6822506008517768e-10,1.9593645405494012e-11,2.9141403956600698e-08,18.793085843123826,1.0945791020918369e-09,3.7302402989914246e-11,1.0126835656629529e-09,3.137010977197338e-10,7.2323191161576417e-15,3.6810860096920727e-10,1.958744849259971e-11,1.7763568394002505e-15,5.3290705182007514e-15,7.1357625887013257e-12,7.2830630415410269e-14,0.0023922744343842159,128,1.2415948464583848e-11,1.8548222337143458e-12,3.6577944821705033e-15,1.1041347280915659e-09,9.6269890326027957e-12,1.3589129821411916e-13,0.32456461095716804,5.045770701370202,1.0040938358660592e-15,8.7260868078116883e-12,1.6244925878459285e-12
tri,8,2,0.69999999999999996,gll,separable,0,represented_quadratic,xx,reused_centered,3.8756661774720529e-11,2.0622830171821489e-12,1.5099601569090737e-09,18.793085843123826,8.7782615487993093e-11,2.991563142566804e-12,7.651020353317035e-11,3.0294167789156982e-11,7.2323191161576417e-15,2.9124433330902481e-11,1.5497419409467355e-12,1.7763568394002505e-15,5.3290705182007514e-15,7.1357625887013257e-12,7.2830630415410269e-14,0.0023922744343842159,128,1.2415948464583848e-11,1.8548222337143458e-12,3.6577944821705033e-15,1.1041347280915659e-09,9.6269890326027957e-12,1.3589129821411916e-13,0.32456461095716804,5.045770701370202,1.0040938358660592e-15,8.7260868078116883e-12,1.6244925878459285e-12
tri,8,2,0.69999999999999996,gll,separable,0,represented_quadratic,xy,recursive,0.011245041137544801,0.009658650823773169,0.56278047787771257,1.1642455393321596,0.026192310208026672,0.018747513335334854,0.036059921150452638,0.012553061741009867,7.2323191161576417e-15,0.011245041138568512,0.0096586508246296436,1.7763568394002505e-15,5.3290705182007514e-15,7.1357625887013257e-12,7.2830630415410269e-14,0.0023922744343842159,128,1.2415948464583848e-11,1.8548222337143458e-12,3.6577944821705033e-15,1.1041347280915659e-09,9.6269890326027957e-12,1.3589129821411916e-13,0.32456461095716804,5.045770701370202,1.0040938358660592e-15,8.7260868078116883e-12,1.6244925878459285e-12
tri,8,2,0.69999999999999996,gll,separable,0,represented_quadratic,xy,direct,1.1091086626347397e-11,9.5264153923316919e-12,1.5086421001342387e-10,1.1642455393321596,1.5023240275076463e-11,1.0753094903046163e-11,1.6990206840788959e-11,8.7301113459924293e-12,7.2323191161576417e-15,0,0,1.7763568394002505e-15,5.3290705182007514e-15,7.1357625887013257e-12,7.2830630415410269e-14,0.0023922744343842159,128,1.2415948464583848e-11,1.8548222337143458e-12,3.6577944821705033e-15,1.1041347280915659e-09,9.6269890326027957e-12,1.3589129821411916e-13,0.32456461095716804,5.045770701370202,1.0040938358660592e-15,8.7260868078116883e-12,1.6244925878459285e-12
tri,8,2,0.69999999999999996,gll,separable,0,represented_quadratic,xy,fe_geometry,1.0841522816174381e-10,9.3120587109084825e-11,4.9368003018912532e-09,1.1642455393321596,2.6468076897221038e-10,1.8944897210298585e-10,2.901812835494822e-10,1.0535842327006763e-10,7.2323191161576417e-15,1.0878045096228666e-10,9.3434286228340533e-11,1.7763568394002505e-15,5.3290705182007514e-15,7.1357625887013257e-12,7.2830630415410269e-14,0.0023922744343842159,128,1.2415948464583848e-11,1.8548222337143458e-12,3.6577944821705033e-15,1.1041347280915659e-09,9.6269890326027957e-12,1.3589129821411916e-13,0.32456461095716804,5.045770701370202,1.0040938358660592e-15,8.7260868078116883e-12,1.6244925878459285e-12
tri,8,2,0.69999999999999996,gll,separable,0,represented_quadratic,xy,reused,1.1964996087988657e-10,1.0277038377018029e-10,8.5074152167408101e-09,1.1642455393321596,3.1972548341493985e-10,2.2884799837667922e-10,3.8419391864458111e-10,1.548113038335363e-10,7.2323191161576417e-15,1.1991012168312994e-10,1.0299384247727513e-10,1.7763568394002505e-15,5.3290705182007514e-15,7.1357625887013257e-12,7.2830630415410269e-14,0.0023922744343842159,128,1.2415948464583848e-11,1.8548222337143458e-12,3.6577944821705033e-15,1.1041347280915659e-09,9.6269890326027957e-12,1.3589129821411916e-13,0.32456461095716804,5.045770701370202,1.0040938358660592e-15,8.7260868078116883e-12,1.6244925878459285e-12
tri,8,2,0.69999999999999996,gll,separable,0,represented_quadratic,xy,reused_centered,2.0443711343266987e-11,1.7559621791631698e-11,6.2108096443580507e-10,1.1642455393321596,4.5314224654429924e-11,3.2434291753651604e-11,3.5137678619262553e-11,1.724283228555522e-11,7.2323191161576417e-15,1.6169438329344852e-11,1.3888340374129199e-11,1.7763568394002505e-15,5.3290705182007514e-15,7.1357625887013257e-12,7.2830630415410269e-14,0.0023922744343842159,128,1.2415948464583848e-11,1.8548222337143458e-12,3.6577944821705033e-15,1.1041347280915659e-09,9.6269890326027957e-12,1.3589129821411916e-13,0.32456461095716804,5.045770701370202,1.0040938358660592e-15,8.7260868078116883e-12,1.6244925878459285e-12
tri,8,2,0.69999999999999996,gll,separable,0,represented_quadratic,yy,recursive,0.052567927033405432,0.0080991439508626816,1.1532725294947745,6.4905534896445625,0.11532531367780058,0.015048128790797033,0.061348118628408881,0.027138143902602604,7.2323191161576417e-15,0.052567927029149399,0.0080991439502206605,1.7763568394002505e-15,5.3290705182007514e-15,7.1357625887013257e-12,7.2830630415410269e-14,0.0023922744343842159,128,1.2415948464583848e-11,1.8548222337143458e-12,3.6577944821705033e-15,1.1041347280915659e-09,9.6269890326027957e-12,1.3589129821411916e-13,0.32456461095716804,5.045770701370202,1.0040938358660592e-15,8.7260868078116883e-12,1.6244925878459285e-12
tri,8,2,0.69999999999999996,gll,separable,0,represented_quadratic,yy,direct,1.6521367693554786e-11,2.5454481994353818e-12,1.9138468587698299e-10,6.4905534896445625,2.1086461252686265e-11,2.7514495695115966e-12,1.9971934896515081e-11,9.4337912038456816e-12,7.2323191161576417e-15,0,0,1.7763568394002505e-15,5.3290705182007514e-15,7.1357625887013257e-12,7.2830630415410269e-14,0.0023922744343842159,128,1.2415948464583848e-11,1.8548222337143458e-12,3.6577944821705033e-15,1.1041347280915659e-09,9.6269890326027957e-12,1.3589129821411916e-13,0.32456461095716804,5.045770701370202,1.0040938358660592e-15,8.7260868078116883e-12,1.6244925878459285e-12
tri,8,2,0.69999999999999996,gll,separable,0,represented_quadratic,yy,fe_geometry,1.0082335942706646e-10,1.5533861570962535e-11,2.0486154994614481e-09,6.4905534896445625,2.0704691985545244e-10,2.7016347203939382e-11,7.9876909899726762e-11,3.712328963730367e-11,7.2323191161576417e-15,1.0216655921711532e-10,1.5740808450356533e-11,1.7763568394002505e-15,5.3290705182007514e-15,7.1357625887013257e-12,7.2830630415410269e-14,0.0023922744343842159,128,1.2415948464583848e-11,1.8548222337143458e-12,3.6577944821705033e-15,1.1041347280915659e-09,9.6269890326027957e-12,1.3589129821411916e-13,0.32456461095716804,5.045770701370202,1.0040938358660592e-15,8.7260868078116883e-12,1.6244925878459285e-12
tri,8,2,0.69999999999999996,gll,separable,0,represented_quadratic,yy,reused,5.2430302324418175e-11,8.0779401029617552e-12,2.0469990147375938e-09,6.4905534896445625,1.1110766171190831e-10,1.4497791939732196e-11,1.2604318129480095e-10,6.070933110886233e-11,7.2323191161576417e-15,5.1786338903609803e-11,7.9787246166787803e-12,1.7763568394002505e-15,5.3290705182007514e-15,7.1357625887013257e-12,7.2830630415410269e-14,0.0023922744343842159,128,1.2415948464583848e-11,1.8548222337143458e-12,3.6577944821705033e-15,1.1041347280915659e-09,9.6269890326027957e-12,1.3589129821411916e-13,0.32456461095716804,5.045770701370202,1.0040938358660592e-15,8.7260868078116883e-12,1.6244925878459285e-12
tri,8,2,0.69999999999999996,gll,separable,0,represented_quadratic,yy,reused_centered,2.7826886369064264e-11,4.2872902000516642e-12,8.0858342244027881e-10,6.4905534896445625,5.8250141181612844e-11,7.600721807113123e-12,2.8675252284740984e-11,1.4901244638651523e-11,7.2323191161576417e-15,1.9153504610983705e-11,2.950981706194213e-12,1.7763568394002505e-15,5.3290705182007514e-15,7.1357625887013257e-12,7.2830630415410269e-14,0.0023922744343842159,128,1.2415948464583848e-11,1.8548222337143458e-12,3.6577944821705033e-15,1.1041347280915659e-09,9.6269890326027957e-12,1.3589129821411916e-13,0.32456461095716804,5.045770701370202,1.0040938358660592e-15,8.7260868078116883e-12,1.6244925878459285e-12
tri,8,2,0.69999999999999996,gll,separable,0,constant,x,recursive,3.4670034193219995e-13,nan,3.6602341196350911e-12,0,5.3486768359332482e-13,nan,7.3850799590210979e-13,5.1160766811361189e-13,5.5737957192766232e-15,5.6978488710419992e-14,nan,1.7763568394002505e-15,5.3290705182007514e-15,7.1357625887013257e-12,7.2830630415410269e-14,0.0023922744343842159,128,1.2415948464583848e-11,1.8548222337143458e-12,3.6577944821705033e-15,1.1041347280915659e-09,9.6269890326027957e-12,1.3589129821411916e-13,0.32456461095716804,5.045770701370202,1.0040938358660592e-15,8.7260868078116883e-12,1.6244925878459285e-12
tri,8,2,0.69999999999999996,gll,separable,0,constant,x,direct,3.4224463189487585e-13,nan,3.6769301078714513e-12,0,5.2709319631850158e-13,nan,7.4097911186117032e-13,5.0993629305857609e-13,5.5737957192766232e-15,0,nan,1.7763568394002505e-15,5.3290705182007514e-15,7.1357625887013257e-12,7.2830630415410269e-14,0.0023922744343842159,128,1.2415948464583848e-11,1.8548222337143458e-12,3.6577944821705033e-15,1.1041347280915659e-09,9.6269890326027957e-12,1.3589129821411916e-13,0.32456461095716804,5.045770701370202,1.0040938358660592e-15,8.7260868078116883e-12,1.6244925878459285e-12
tri,8,2,0.69999999999999996,gll,separable,0,constant,x,fe_geometry,3.4224463189487252e-13,nan,3.6769301078682549e-12,0,5.2709319631847946e-13,nan,7.4097911186109984e-13,5.0993629305856529e-13,5.5737957192766232e-15,1.2408319581765349e-25,nan,1.7763568394002505e-15,5.3290705182007514e-15,7.1357625887013257e-12,7.2830630415410269e-14,0.0023922744343842159,128,1.2415948464583848e-11,1.8548222337143458e-12,3.6577944821705033e-15,1.1041347280915659e-09,9.6269890326027957e-12,1.3589129821411916e-13,0.32456461095716804,5.045770701370202,1.0040938358660592e-15,8.7260868078116883e-12,1.6244925878459285e-12
tri,8,2,0.69999999999999996,gll,separable,0,constant,x,reused,3.421956633074787e-13,nan,3.6829083370859125e-12,0,5.2712174971416919e-13,nan,7.4123296016965526e-13,5.1003341367167897e-13,5.5737957192766232e-15,1.7103955985050932e-15,nan,1.7763568394002505e-15,5.3290705182007514e-15,7.1357625887013257e-12,7.2830630415410269e-14,0.0023922744343842159,128,1.2415948464583848e-11,1.8548222337143458e-12,3.6577944821705033e-15,1.1041347280915659e-09,9.6269890326027957e-12,1.3589129821411916e-13,0.32456461095716804,5.045770701370202,1.0040938358660592e-15,8.7260868078116883e-12,1.6244925878459285e-12
tri,8,2,0.69999999999999996,gll,separable,0,constant,x,reused_centered,3.4217218642649808e-13,nan,3.6828414603774898e-12,0,5.2707789032907493e-13,nan,7.4113561886660289e-13,5.1002800361741486e-13,5.5737957192766232e-15,1.8500964601305727e-15,nan,1.7763568394002505e-15,5.3290705182007514e-15,7.1357625887013257e-12,7.2830630415410269e-14,0.0023922744343842159,128,1.2415948464583848e-11,1.8548222337143458e-12,3.6577944821705033e-15,1.1041347280915659e-09,9.6269890326027957e-12,1.3589129821411916e-13,0.32456461095716804,5.045770701370202,1.0040938358660592e-15,8.7260868078116883e-12,1.6244925878459285e-12
tri,8,2,0.69999999999999996,gll,separable,0,constant,y,recursive,3.4321954677415805e-13,nan,3.4276772527150566e-12,0,4.8998800715785321e-13,nan,6.9013348413999952e-13,5.0744421753893005e-13,5.5737957192766232e-15,4.810823305535991e-14,nan,1.7763568394002505e-15,5.3290705182007514e-15,7.1357625887013257e-12,7.2830630415410269e-14,0.0023922744343842159,128,1.2415948464583848e-11,1.8548222337143458e-12,3.6577944821705033e-15,1.1041347280915659e-09,9.6269890326027957e-12,1.3589129821411916e-13,0.32456461095716804,5.045770701370202,1.0040938358660592e-15,8.7260868078116883e-12,1.6244925878459285e-12
tri,8,2,0.69999999999999996,gll,separable,0,constant,y,direct,3.3944717422251381e-13,nan,3.4311456660050214e-12,0,4.8346476371283213e-13,nan,6.821048222292046e-13,4.9489765316173744e-13,5.5737957192766232e-15,0,nan,1.7763568394002505e-15,5.3290705182007514e-15,7.1357625887013257e-12,7.2830630415410269e-14,0.0023922744343842159,128,1.2415948464583848e-11,1.8548222337143458e-12,3.6577944821705033e-15,1.1041347280915659e-09,9.6269890326027957e-12,1.3589129821411916e-13,0.32456461095716804,5.045770701370202,1.0040938358660592e-15,8.7260868078116883e-12,1.6244925878459285e-12
tri,8,2,0.69999999999999996,gll,separable,0,constant,y,fe_geometry,3.3944717422252441e-13,nan,3.4311456660074779e-12,0,4.834647637128602e-13,nan,6.8210482222923752e-13,4.9489765316175471e-13,5.5737957192766232e-15,8.0045915159456538e-26,nan,1.7763568394002505e-15,5.3290705182007514e-15,7.1357625887013257e-12,7.2830630415410269e-14,0.0023922744343842159,128,1.2415948464583848e-11,1.8548222337143458e-12,3.6577944821705033e-15,1.1041347280915659e-09,9.6269890326027957e-12,1.3589129821411916e-13,0.32456461095716804,5.045770701370202,1.0040938358660592e-15,8.7260868078116883e-12,1.6244925878459285e-12
tri,8,2,0.69999999999999996,gll,separable,0,constant,y,reused,3.3946573963331494e-13,nan,3.4339222665591284e-12,0,4.8348776817248154e-13,nan,6.8235609697911742e-13,4.9503319409737152e-13,5.5737957192766232e-15,1.3379067101375699e-15,nan,1.7763568394002505e-15,5.3290705182007514e-15,7.1357625887013257e-12,7.2830630415410269e-14,0.0023922744343842159,128,1.2415948464583848e-11,1.8548222337143458e-12,3.6577944821705033e-15,1.1041347280915659e-09,9.6269890326027957e-12,1.3589129821411916e-13,0.32456461095716804,5.045770701370202,1.0040938358660592e-15,8.7260868078116883e-12,1.6244925878459285e-12
tri,8,2,0.69999999999999996,gll,separable,0,constant,y,reused_centered,3.3950008479949023e-13,nan,3.4339541308897666e-12,0,4.8353240898874385e-13,nan,6.8244034464984797e-13,4.9506471191119766e-13,5.5737957192766232e-15,1.4838881016672401e-15,nan,1.7763568394002505e-15,5.3290705182007514e-15,7.1357625887013257e-12,7.2830630415410269e-14,0.0023922744343842159,128,1.2415948464583848e-11,1.8548222337143458e-12,3.6577944821705033e-15,1.1041347280915659e-09,9.6269890326027957e-12,1.3589129821411916e-13,0.32456461095716804,5.045770701370202,1.0040938358660592e-15,8.7260868078116883e-12,1.6244925878459285e-12
tri,8,2,0.69999999999999996,gll,separable,0,constant,xx,recursive,1.475787455518203e-11,nan,2.1102746664158053e-10,0,2.133187659103343e-11,nan,2.9016944104742527e-11,1.5064658559583456e-11,5.5737957192766232e-15,5.9891609598699332e-12,0.43020635683129355,1.7763568394002505e-15,5.3290705182007514e-15,7.1357625887013257e-12,7.2830630415410269e-14,0.0023922744343842159,128,1.2415948464583848e-11,1.8548222337143458e-12,3.6577944821705033e-15,1.1041347280915659e-09,9.6269890326027957e-12,1.3589129821411916e-13,0.32456461095716804,5.045770701370202,1.0040938358660592e-15,8.7260868078116883e-12,1.6244925878459285e-12
tri,8,2,0.69999999999999996,gll,separable,0,constant,xx,direct,1.3921600331486031e-11,nan,2.5939000527348338e-10,0,1.9296452556366292e-11,nan,2.5277110727956932e-11,1.3940294605142116e-11,5.5737957192766232e-15,0,0,1.7763568394002505e-15,5.3290705182007514e-15,7.1357625887013257e-12,7.2830630415410269e-14,0.0023922744343842159,128,1.2415948464583848e-11,1.8548222337143458e-12,3.6577944821705033e-15,1.1041347280915659e-09,9.6269890326027957e-12,1.3589129821411916e-13,0.32456461095716804,5.045770701370202,1.0040938358660592e-15,8.7260868078116883e-12,1.6244925878459285e-12
tri,8,2,0.69999999999999996,gll,separable,0,constant,xx,fe_geometry,1.3921600331485771e-11,nan,2.593900052723458e-10,0,1.9296452556363814e-11,nan,2.5277110727963372e-11,1.3940294605150286e-11,5.5737957192766232e-15,3.6044175731975762e-23,2.5890827831377852e-12,1.7763568394002505e-15,5.3290705182007514e-15,7.1357625887013257e-12,7.2830630415410269e-14,0.0023922744343842159,128,1.2415948464583848e-11,1.8548222337143458e-12,3.6577944821705033e-15,1.1041347280915659e-09,9.6269890326027957e-12,1.3589129821411916e-13,0.32456461095716804,5.045770701370202,1.0040938358660592e-15,8.7260868078116883e-12,1.6244925878459285e-12
tri,8,2,0.69999999999999996,gll,separable,0,constant,xx,reused,1.3935096698724902e-11,nan,2.6011397348009928e-10,0,1.932416657349289e-11,nan,2.5275271203617031e-11,1.3933442132979326e-11,5.5737957192766232e-15,9.7369123705586028e-14,0.0069941042256018125,1.7763568394002505e-15,5.3290705182007514e-15,7.1357625887013257e-12,7.2830630415410269e-14,0.0023922744343842159,128,1.2415948464583848e-11,1.8548222337143458e-12,3.6577944821705033e-15,1.1041347280915659e-09,9.6269890326027957e-12,1.3589129821411916e-13,0.32456461095716804,5.045770701370202,1.0040938358660592e-15,8.7260868078116883e-12,1.6244925878459285e-12
tri,8,2,0.69999999999999996,gll,separable,0,constant,xx,reused_centered,1.3925978538856322e-11,nan,2.5948165436942398e-10,0,1.9303404771453675e-11,nan,2.5283501375103296e-11,1.3936572638137167e-11,5.5737957192766232e-15,6.9475405937100717e-14,0.0049904755403709193,1.7763568394002505e-15,5.3290705182007514e-15,7.1357625887013257e-12,7.2830630415410269e-14,0.0023922744343842159,128,1.2415948464583848e-11,1.8548222337143458e-12,3.6577944821705033e-15,1.1041347280915659e-09,9.6269890326027957e-12,1.3589129821411916e-13,0.32456461095716804,5.045770701370202,1.0040938358660592e-15,8.7260868078116883e-12,1.6244925878459285e-12
tri,8,2,0.69999999999999996,gll,separable,0,constant,xy,recursive,9.2892356754968868e-12,nan,9.671936136296882e-11,0,1.1810913743515817e-11,nan,1.6552426772447631e-11,1.0792992906009242e-11,5.5737957192766232e-15,3.2810926886802232e-12,0.38338762470978327,1.7763568394002505e-15,5.3290705182007514e-15,7.1357625887013257e-12,7.2830630415410269e-14,0.0023922744343842159,128,1.2415948464583848e-11,1.8548222337143458e-12,3.6577944821705033e-15,1.1041347280915659e-09,9.6269890326027957e-12,1.3589129821411916e-13,0.32456461095716804,5.045770701370202,1.0040938358660592e-15,8.7260868078116883e-12,1.6244925878459285e-12
tri,8,2,0.69999999999999996,gll,separable,0,constant,xy,direct,8.5581601418771527e-12,nan,1.0366869306679378e-10,0,1.0241687856644963e-11,nan,1.4430051645254565e-11,9.4206214352119994e-12,5.5737957192766232e-15,0,0,1.7763568394002505e-15,5.3290705182007514e-15,7.1357625887013257e-12,7.2830630415410269e-14,0.0023922744343842159,128,1.2415948464583848e-11,1.8548222337143458e-12,3.6577944821705033e-15,1.1041347280915659e-09,9.6269890326027957e-12,1.3589129821411916e-13,0.32456461095716804,5.045770701370202,1.0040938358660592e-15,8.7260868078116883e-12,1.6244925878459285e-12
tri,8,2,0.69999999999999996,gll,separable,0,constant,xy,fe_geometry,8.5581601418776648e-12,nan,1.0366869306626135e-10,0,1.0241687856646542e-11,nan,1.4430051645256204e-11,9.4206214352146408e-12,5.5737957192766232e-15,1.2401392434029361e-23,1.4490722571719991e-12,1.7763568394002505e-15,5.3290705182007514e-15,7.1357625887013257e-12,7.2830630415410269e-14,0.0023922744343842159,128,1.2415948464583848e-11,1.8548222337143458e-12,3.6577944821705033e-15,1.1041347280915659e-09,9.6269890326027957e-12,1.3589129821411916e-13,0.32456461095716804,5.045770701370202,1.0040938358660592e-15,8.7260868078116883e-12,1.6244925878459285e-12
tri,8,2,0.69999999999999996,gll,separable,0,constant,xy,reused,8.5606259046131912e-12,nan,1.0440734016589175e-10,0,1.0250023120307776e-11,nan,1.4434749631505575e-11,9.4106718616075474e-12,5.5737957192766232e-15,4.3119783940929361e-14,0.0050384408828638072,1.7763568394002505e-15,5.3290705182007514e-15,7.1357625887013257e-12,7.2830630415410269e-14,0.0023922744343842159,128,1.2415948464583848e-11,1.8548222337143458e-12,3.6577944821705033e-15,1.1041347280915659e-09,9.6269890326027957e-12,1.3589129821411916e-13,0.32456461095716804,5.045770701370202,1.0040938358660592e-15,8.7260868078116883e-12,1.6244925878459285e-12
tri,8,2,0.69999999999999996,gll,separable,0,constant,xy,reused_centered,8.5567677791183869e-12,nan,1.0366869306686494e-10,0,1.0241614189527523e-11,nan,1.4427614697101558e-11,9.4133652119229268e-12,5.5737957192766232e-15,1.8514031160728549e-14,0.0021633190842193883,1.7763568394002505e-15,5.3290705182007514e-15,7.1357625887013257e-12,7.2830630415410269e-14,0.0023922744343842159,128,1.2415948464583848e-11,1.8548222337143458e-12,3.6577944821705033e-15,1.1041347280915659e-09,9.6269890326027957e-12,1.3589129821411916e-13,0.32456461095716804,5.045770701370202,1.0040938358660592e-15,8.7260868078116883e-12,1.6244925878459285e-12
tri,8,2,0.69999999999999996,gll,separable,0,constant,yy,recursive,1.1402388941517481e-11,nan,1.0973832980077779e-10,0,1.3237929199232237e-11,nan,1.8741076302750843e-11,1.1346609730820498e-11,5.5737957192766232e-15,3.1474316916513006e-12,0.28375310141808385,1.7763568394002505e-15,5.3290705182007514e-15,7.1357625887013257e-12,7.2830630415410269e-14,0.0023922744343842159,128,1.2415948464583848e-11,1.8548222337143458e-12,3.6577944821705033e-15,1.1041347280915659e-09,9.6269890326027957e-12,1.3589129821411916e-13,0.32456461095716804,5.045770701370202,1.0040938358660592e-15,8.7260868078116883e-12,1.6244925878459285e-12
tri,8,2,0.69999999999999996,gll,separable,0,constant,yy,direct,1.1092149040562739e-11,nan,1.0356448208043595e-10,0,1.261249716218024e-11,nan,1.7827898177422551e-11,1.1017065013406457e-11,5.5737957192766232e-15,0,0,1.7763568394002505e-15,5.3290705182007514e-15,7.1357625887013257e-12,7.2830630415410269e-14,0.0023922744343842159,128,1.2415948464583848e-11,1.8548222337143458e-12,3.6577944821705033e-15,1.1041347280915659e-09,9.6269890326027957e-12,1.3589129821411916e-13,0.32456461095716804,5.045770701370202,1.0040938358660592e-15,8.7260868078116883e-12,1.6244925878459285e-12
tri,8,2,0.69999999999999996,gll,separable,0,constant,yy,fe_geometry,1.1092149040564955e-11,nan,1.0356448208064695e-10,0,1.2612497162188612e-11,nan,1.7827898177433983e-11,1.1017065013407971e-11,5.5737957192766232e-15,1.4310615964808163e-23,1.2901572015013369e-12,1.7763568394002505e-15,5.3290705182007514e-15,7.1357625887013257e-12,7.2830630415410269e-14,0.0023922744343842159,128,1.2415948464583848e-11,1.8548222337143458e-12,3.6577944821705033e-15,1.1041347280915659e-09,9.6269890326027957e-12,1.3589129821411916e-13,0.32456461095716804,5.045770701370202,1.0040938358660592e-15,8.7260868078116883e-12,1.6244925878459285e-12
tri,8,2,0.69999999999999996,gll,separable,0,constant,yy,reused,1.1092963069637308e-11,nan,1.0380776373306816e-10,0,1.2612886837701246e-11,nan,1.7817404581957786e-11,1.1014187128375807e-11,5.5737957192766232e-15,3.8088272531230111e-14,0.0034338046118877045,1.7763568394002505e-15,5.3290705182007514e-15,7.1357625887013257e-12,7.2830630415410269e-14,0.0023922744343842159,128,1.2415948464583848e-11,1.8548222337143458e-12,3.6577944821705033e-15,1.1041347280915659e-09,9.6269890326027957e-12,1.3589129821411916e-13,0.32456461095716804,5.045770701370202,1.0040938358660592e-15,8.7260868078116883e-12,1.6244925878459285e-12
tri,8,2,0.69999999999999996,gll,separable,0,constant,yy,reused_centered,1.1094949216037222e-11,nan,1.0369317466678577e-10,0,1.2615424408468065e-11,nan,1.7829802094263877e-11,1.1015648920555424e-11,5.5737957192766232e-15,1.4027394194669471e-14,0.0012646236670074366,1.7763568394002505e-15,5.3290705182007514e-15,7.1357625887013257e-12,7.2830630415410269e-14,0.0023922744343842159,128,1.2415948464583848e-11,1.8548222337143458e-12,3.6577944821705033e-15,1.1041347280915659e-09,9.6269890326027957e-12,1.3589129821411916e-13,0.32456461095716804,5.045770701370202,1.0040938358660592e-15,8.7260868078116883e-12,1.6244925878459285e-12
