dimension,n,order,method,scaled_evaluation_error,absolute_evaluation_error,absolute_representation_error,absolute_total_error
2,8,1,recursive,1.286758356390772e-08,1.286758356390772e-08,6.19741788994775e-18,1.2867583557710301e-08
2,8,1,direct,1.3627595775374624e-15,1.3627595775374624e-15,6.19741788994775e-18,1.3565621596475146e-15
2,8,1,fe_geometry,6.980919119229846e-16,6.980919119229846e-16,6.19741788994775e-18,7.042893298129323e-16
2,8,1,reused,3.9131443099045035e-16,3.9131443099045035e-16,6.19741788994775e-18,3.851170131005026e-16
2,8,1,reused_centered,4.436973579508892e-17,4.436973579508892e-17,6.19741788994775e-18,3.8172317905141164e-17
2,8,3,recursive,5.8329445968811695e-05,0.00010595701002076149,1.090506276893018e-13,0.00010595701004267259
2,8,3,direct,1.2340728561151926e-12,1.2340728561151926e-12,1.090506276893018e-13,1.3431234838044943e-12
2,8,3,fe_geometry,2.3706081664239654e-12,2.9199324405639677e-12,1.090506276893018e-13,2.8980213369133635e-12
2,8,3,reused,5.092090393748079e-13,9.249919383178744e-13,1.090506276893018e-13,9.469030419684786e-13
2,8,3,reused_centered,8.003918201969307e-14,1.453933304260895e-13,1.090506276893018e-13,1.6730443407669374e-13
2,8,5,recursive,0.006763284913637774,0.8153063959895841,8.299232553879749e-11,0.8153063960352027
2,8,5,direct,7.931471682902384e-10,4.346527484116646e-09,8.299232553879749e-11,4.429519809655443e-09
2,8,5,fe_geometry,7.609765840295075e-10,4.170229396876689e-09,8.299232553879749e-11,4.253221722415487e-09
2,8,5,reused,9.244187084480084e-12,1.1143763647311833e-09,8.299232553879749e-11,1.1599950003116039e-09
2,8,5,reused_centered,3.849454157702143e-11,2.1095401918117626e-10,8.299232553879749e-11,1.2796169364237877e-10
2,32,1,recursive,2.2829211841962326e-12,2.2829211841962326e-12,4.211369418341793e-18,2.2829253955656508e-12
2,32,1,direct,1.6210354086530216e-15,1.6210354086530216e-15,4.211369418341793e-18,1.6252467780713636e-15
2,32,1,fe_geometry,3.2361903240820382e-15,3.2361903240820382e-15,4.211369418341793e-18,3.2319789546636963e-15
2,32,1,reused,8.230626097036905e-16,8.230626097036905e-16,4.211369418341793e-18,8.272739791220322e-16
2,32,1,reused_centered,1.6386768883250374e-16,1.6386768883250374e-16,4.211369418341793e-18,1.6807905825084553e-16
2,32,3,recursive,2.253982147355827e-07,3.0732807890922274e-07,1.3678980855132573e-12,3.073267110111372e-07
2,32,3,direct,3.044398224045359e-11,3.044398224045359e-11,1.3678980855132573e-12,3.15050034120252e-11
2,32,3,fe_geometry,1.0869706762074659e-10,1.4820730063961908e-10,1.3678980855132573e-12,1.4957519872513234e-10
2,32,3,reused,2.1981472078926202e-11,2.997150440405259e-11,1.3678980855132573e-12,2.8603606318539332e-11
2,32,3,reused_centered,5.486694948626521e-12,7.481050460406016e-12,1.3678980855132573e-12,6.113152374892759e-12
2,32,5,recursive,0.00037435615858276986,0.035215823971733985,1.8622099498128498e-07,0.035215975325923465
2,32,5,direct,3.192273424542765e-07,1.4596044307192637e-06,1.8622099498128498e-07,1.2733834357379786e-06
2,32,5,fe_geometry,2.545309383675426e-07,1.1637928084108575e-06,1.8622099498128498e-07,9.775718134295724e-07
2,32,5,reused,1.8198242435277407e-08,4.1626520322967645e-07,1.8622099498128498e-07,5.676193927072771e-07
2,32,5,reused_centered,9.28746811360499e-09,8.876579608074191e-08,1.8622099498128498e-07,2.401199855583425e-07
3,8,1,recursive,1.834362439654779e-15,1.834362439654779e-15,3.933314193262759e-17,1.8736955815874067e-15
3,8,1,direct,8.512884486215715e-14,8.512884486215715e-14,3.933314193262759e-17,8.516817800408977e-14
3,8,1,fe_geometry,8.512884486215715e-14,8.512884486215715e-14,3.933314193262759e-17,8.516817800408977e-14
3,8,1,reused,8.077227782361577e-17,8.077227782361577e-17,3.933314193262759e-17,4.143913589098818e-17
3,8,1,reused_centered,5.526170632893073e-16,5.526170632893073e-16,3.933314193262759e-17,5.132839213566797e-16
3,8,3,recursive,1.0361742933561918e-11,1.8897104782224522e-11,1.5372952864895424e-13,1.9050834310873475e-11
3,8,3,direct,6.516883885543427e-11,1.4921863876624473e-10,1.5372952864895424e-13,1.4906490923759578e-10
3,8,3,fe_geometry,6.514641235033684e-11,1.4920265155469013e-10,1.5372952864895424e-13,1.4904892202604117e-10
3,8,3,reused,3.257913424783055e-13,7.884790721685169e-13,1.5372952864895424e-13,9.422086008174712e-13
3,8,3,reused_centered,7.334929076345091e-13,7.334929076345091e-13,1.5372952864895424e-13,7.446290157041707e-13
3,8,5,recursive,2.3468248862469453e-08,1.2235618501699693e-07,1.3189825179457772e-09,1.236751675349427e-07
3,8,5,direct,5.4255200411344904e-08,1.796457371196996e-07,1.3189825179457772e-09,1.7832675460175382e-07
3,8,5,fe_geometry,5.4253074417519474e-08,1.7964008119952294e-07,1.3189825179457772e-09,1.7832109868157717e-07
3,8,5,reused,1.004587103602296e-09,4.202008796255271e-09,1.3189825179457772e-09,5.520991314201048e-09
3,8,5,reused_centered,1.4577041891216127e-09,1.4577041891216127e-09,1.3189825179457772e-09,1.4772669097310274e-09
3,32,1,recursive,7.923539312904978e-15,7.923539312904978e-15,3.6975390298916977e-16,7.553785409915808e-15
3,32,1,direct,1.793836076784526e-13,1.793836076784526e-13,3.6975390298916977e-16,1.7901385377546341e-13
3,32,1,fe_geometry,1.7942524104187603e-13,1.7942524104187603e-13,3.6975390298916977e-16,1.7905548713888686e-13
3,32,1,reused,2.491226551835832e-16,2.491226551835832e-16,3.6975390298916977e-16,1.2063124780558662e-16
3,32,1,reused_centered,6.806891279399855e-16,6.806891279399855e-16,3.6975390298916977e-16,1.0504430309291553e-15
3,32,3,recursive,6.664170762416145e-10,1.1089601128994227e-09,1.6267406215026832e-11,1.0956002498599938e-09
3,32,3,direct,3.5238345142508905e-09,5.863883234807373e-09,1.6267406215026832e-11,5.850523371767944e-09
3,32,3,fe_geometry,3.5236777278888217e-09,5.863622332396586e-09,1.6267406215026832e-11,5.8502624693571575e-09
3,32,3,reused,1.928414192820973e-11,3.209003036129065e-11,1.6267406215026832e-11,4.544989340071955e-11
3,32,3,reused_centered,2.365124260340269e-11,2.365124260340269e-11,1.6267406215026832e-11,3.9918648818429524e-11
3,32,5,recursive,1.8204691970857903e-05,0.00015677716253507983,1.374231901216939e-06,0.00015612715482769016
3,32,5,direct,2.182564834231203e-05,8.45488832699613e-05,1.374231901216939e-06,8.389887556257161e-05
3,32,5,fe_geometry,2.183441902238313e-05,8.454882507651124e-05,1.374231901216939e-06,8.389881736912155e-05
3,32,5,reused,3.9659690589104323e-07,2.741382824480609e-06,1.374231901216939e-06,3.3913905318702864e-06
3,32,5,reused_centered,7.640337122748906e-07,7.640337122748906e-07,1.374231901216939e-06,2.1382656134918297e-06
