dimension,n,dx,dy,dz,order,method,value,stored_reference,ideal_reference,representation_error,total_error,element_scaled_error,absolute_error,scaled_error,relative_error,step_sensitivity
2,8,1,0,0,1,recursive,0.0479718556296674092376264297854504548013210296630859375,0.04797186849725097314534618526455897298667124596908765253773338840189106697017916702499472,0.0479718684972509669479282953168086373532723034629686152761445143256681320113205119529616528,6.1974178899477503356333989425061190372615888740762229349588586550720330672E-18,1.28675835577103018655313581825519512737998826777761445143256681320113205119529616528E-8,1.60844794548846496943488856477316877703825021437971667355023638337127239587812434E-9,1.286758356390771975547910851818535021630600171503773338840189106697017916702499472E-8,1.286758356390771975547910851818535021630600171503773338840189106697017916702499472E-8,2.68231861025907221952655386026901287868433154084899506049695374650983290863637406435554962E-7,9.197149383999342452449867320436393886186440825951263239749107028826936E-20
2,8,1,0,0,1,direct,0.047971868497249610385768647802251507528126239776611328125,0.04797186849725097314534618526455897298667124596908765253773338840189106697017916702499472,0.0479718684972509669479282953168086373532723034629686152761445143256681320113205119529616528,6.1974178899477503356333989425061190372615888740762229349588586550720330672E-18,1.3565621596475145571298251460636863572871511445143256681320113205119529616528E-15,1.7034494719218278843318231812577405954055159167355023638337127239587812434E-16,1.36275957753746230746545854500619247632441273338840189106697017916702499472E-15,1.36275957753746230746545854500619247632441273338840189106697017916702499472E-15,2.84074733844389491452088155921070037875772372162966429756790291330409552881695542103910098E-14,9.197149383999342452449867320436393886186440825951263239749107028826936E-20
2,8,1,0,0,1,fe_geometry,0.04797186849725167123725810824907966889441013336181640625,0.04797186849725097314534618526455897298667124596908765253773338840189106697017916702499472,0.0479718684972509669479282953168086373532723034629686152761445143256681320113205119529616528,6.1974178899477503356333989425061190372615888740762229349588586550720330672E-18,7.042893298129322710315411378298988477909738554856743318679886794880470383472E-16,8.726148899037306508698846736092409109421403332644976361662872760412187566E-17,6.9809191192298452069590773888739272875371226661159810893302982083297500528E-16,6.9809191192298452069590773888739272875371226661159810893302982083297500528E-16,1.45521100968370381934152029403646633803076978543577971912296534234532206267046257697272399E-14,9.197149383999342452449867320436393886186440825951263239749107028826936E-20
2,8,1,0,0,1,reused,0.047971868497250581830915194814224378205835819244384765625,0.04797186849725097314534618526455897298667124596908765253773338840189106697017916702499472,0.0479718684972509669479282953168086373532723034629686152761445143256681320113205119529616528,6.1974178899477503356333989425061190372615888740762229349588586550720330672E-18,3.851170131005025842591474364842185838496511445143256681320113205119529616528E-16,4.891430387380629182434760442834058786086409167355023638337127239587812434E-17,3.9131443099045033459478083542672470288691273338840189106697017916702499472E-16,3.9131443099045033459478083542672470288691273338840189106697017916702499472E-16,8.15716467272636252094160146905638626736211630757064424380288247341407101853189361370227256E-15,9.197149383999342452449867320436393886186440825951263239749107028826936E-20
2,8,1,0,0,1,reused_centered,0.047971868497250928775610390175643260590732097625732421875,0.04797186849725097314534618526455897298667124596908765253773338840189106697017916702499472,0.0479718684972509669479282953168086373532723034629686152761445143256681320113205119529616528,6.1974178899477503356333989425061190372615888740762229349588586550720330672E-18,3.81723179051411653767625402058372361934011445143256681320113205119529616528E-17,5.54621697438611446404949239354291940383284167355023638337127239587812434E-18,4.436973579508891571239593914834335523066273338840189106697017916702499472E-17,4.436973579508891571239593914834335523066273338840189106697017916702499472E-17,9.24911561400438726560453567966880010142430268739930410989972952118755207947014829170580685E-16,9.197149383999342452449867320436393886186440825951263239749107028826936E-20
2,8,3,0,0,3,recursive,1.8166328974067440515938187672873027622699737548828125,1.81652694039672329010565630279787004607749835641914640814877854959560170664439808,1.81652694039670137900200569855668823577662857713275963364495063209961656298713313321720211,2.191110365060424118181030086977928638677450382791749598514365726494678279789E-14,0.00010595701004267259181306873061452649334517775005286635504936790038343701286686678279789,2.0694728519679978156731345592327381342851262434783564691689532109041671016E-7,0.00010595701002076148816246448943271619247539846366609185122145040439829335560192,0.0000583294459688116920785537064237168203842294675840711263302212350853625519376366778224625790,0.0000583294459688116920785537064237168203842294675840711263302212350853625519376366778224625790,6.47001212400729026387631571603242936733431286896435852715201115882914845390569894327678535E-18
2,8,3,0,0,3,direct,1.81652694039735873587915193638764321804046630859375,1.81652694039672329010565630279787004607749835641914640814877854959560170664439808,1.81652694039670137900200569855668823577662857713275963364495063209961656298713313321720211,2.191110365060424118181030086977928638677450382791749598514365726494678279789E-14,6.5735687714623783095498226383773146099036635504936790038343701286686678279789E-13,1.24110502635865935502572649017178159102264033441689532109041671016E-15,6.3544577349563358977317196296795217460359185122145040439829335560192E-13,3.49813569710589813478891987079461591150538288777652865401749979530687257838904974475090338E-13,3.49813569710589813478891987079461591150538288777652865401749979530687257838904974475090338E-13,6.47001212400729026387631571603242936733431286896435852715201115882914845390569894327678535E-18
2,8,3,0,0,3,fe_geometry,1.816526940393803357665092335082590579986572265625,1.81652694039672329010565630279787004607749835641914640814877854959560170664439808,1.81652694039670137900200569855668823577662857713275963364495063209961656298713313321720211,2.191110365060424118181030086977928638677450382791749598514365726494678279789E-14,2.89802133691336347409765579005631150775963364495063209961656298713313321720211E-12,5.70299304797649944390520720884002108231720341558310467890958328984E-15,2.91993244056396771527946609092609079414640814877854959560170664439808E-12,1.60742589368163426529587458563824822298481134219366001309595765442546228827120834290562453E-12,1.60742589368163426529587458563824822298481134219366001309595765442546228827120834290562453E-12,6.47001212400729026387631571603242936733431286896435852715201115882914845390569894327678535E-18
2,8,3,0,0,3,reused,1.81652694039764828204397417721338570117950439453125,1.81652694039672329010565630279787004607749835641914640814877854959560170664439808,1.81652694039670137900200569855668823577662857713275963364495063209961656298713313321720211,2.191110365060424118181030086977928638677450382791749598514365726494678279789E-14,9.4690304196847865669746540287581739849036635504936790038343701286686678279789E-13,1.80662487952709846780401387110554318770232783441689532109041671016E-15,9.2499193831787441551565510200603811210359185122145040439829335560192E-13,5.09209039374807912324900956029242605242000686903220689131515827312277253350245704294254227E-13,5.09209039374807912324900956029242605242000686903220689131515827312277253350245704294254227E-13,6.47001212400729026387631571603242936733431286896435852715201115882914845390569894327678535E-18
2,8,3,0,0,3,reused_centered,1.8165269403968686834360823922907002270221710205078125,1.81652694039672329010565630279787004607749835641914640814877854959560170664439808,1.81652694039670137900200569855668823577662857713275963364495063209961656298713313321720211,2.191110365060424118181030086977928638677450382791749598514365726494678279789E-14,1.6730443407669373401199124554244337505286635504936790038343701286686678279789E-13,2.8397134848845604068394715756379704817596064691689532109041671016E-16,1.4539333042608949283018094467266408866609185122145040439829335560192E-13,8.00391820196930771651329422388429576383776195574625379695465853175207546996956257704164859E-14,8.00391820196930771651329422388429576383776195574625379695465853175207546996956257704164859E-14,6.47001212400729026387631571603242936733431286896435852715201115882914845390569894327678535E-18
2,8,5,0,0,5,recursive,119.733569838037709587297285906970500946044921875,120.548876234027293681484193119356586190589437762525801693024944146447597568,120.548876234072912317064613746531876844107898092308200666163476332076277630954518015907626,4.5618635580420627175290653518460329782398973138532185628680062954518015907626E-11,0.815306396035202729767327839561375898062976217308200666163476332076277630954518015907626,0.000024881176635424319280606299206118324113296993637872366120146000562976,0.815306395989584094186907212386085244544515887525801693024944146447597568,0.00676328491363777485118524223496674390596714192664983554031489482698778758905911678901111624,0.00676328491363777485118524223496674390596714192664983554031489482698778758905911678901111624,1.80046758823733960355859952563653847165963037117891942999599427977310114815410383435572963E-17
2,8,5,0,0,5,direct,120.548876234447789101977832615375518798828125,120.548876234027293681484193119356586190589437762525801693024944146447597568,120.548876234072912317064613746531876844107898092308200666163476332076277630954518015907626,4.5618635580420627175290653518460329782398973138532185628680062954518015907626E-11,3.74876784913218868843641954720226907691799333836523667923722369045481984092374E-10,1.2832501846119369385343402351034156417059274504853999437024E-14,4.20495420493639496018932608238687237474198306975055853552402432E-10,3.48817370704735267268464946306644639585870277216953197202663626621455034772940798278185112E-12,3.48817370704735267268464946306644639585870277216953197202663626621455034772940798278185112E-12,1.80046758823733960355859952563653847165963037117891942999599427977310114815410383435572963E-17
2,8,5,0,0,5,fe_geometry,120.54887623497955928542069159448146820068359375,120.548876234027293681484193119356586190589437762525801693024944146447597568,120.548876234072912317064613746531876844107898092308200666163476332076277630954518015907626,4.5618635580420627175290653518460329782398973138532185628680062954518015907626E-11,9.06646968356077847949591356575695657691799333836523667923722369045481984092374E-10,2.9060839963882399753566955874455443953680368254853999437024E-14,9.52265603936498475124882010094155987474198306975055853552402432E-10,7.89941502306350625459560984322424912913509654239103478236795814076366025420234920474818625E-12,7.89941502306350625459560984322424912913509654239103478236795814076366025420234920474818625E-12,1.80046758823733960355859952563653847165963037117891942999599427977310114815410383435572963E-17
2,8,5,0,0,5,reused,120.5488762329129173167530097998678684234619140625,120.548876234027293681484193119356586190589437762525801693024944146447597568,120.548876234072912317064613746531876844107898092308200666163476332076277630954518015907626,4.5618635580420627175290653518460329782398973138532185628680062954518015907626E-11,1.159995000311603946664008420645984029808200666163476332076277630954518015907626E-9,3.4008067771337381576193779514389761353326467682646000562976E-14,1.114376364731183319488717767127523700025801693024944146447597568E-9,9.24418708448008452457502712110522115659943357043639678362636083972948262042727193600270150E-12,9.24418708448008452457502712110522115659943357043639678362636083972948262042727193600270150E-12,1.80046758823733960355859952563653847165963037117891942999599427977310114815410383435572963E-17
2,8,5,0,0,5,reused_centered,120.5488762340875581458021770231425762176513671875,120.548876234027293681484193119356586190589437762525801693024944146447597568,120.548876234072912317064613746531876844107898092308200666163476332076277630954518015907626,4.5618635580420627175290653518460329782398973138532185628680062954518015907626E-11,1.4645828737563276610699373543469095191799333836523667923722369045481984092374E-11,1.839125497985348626281433931333295439886422942353999437024E-15,6.0264464317983903785990027061929424974198306975055853552402432E-11,4.99917263442502935970033357331007018899234421518947398554103711485918946896094593267563853E-13,4.99917263442502935970033357331007018899234421518947398554103711485918946896094593267563853E-13,1.80046758823733960355859952563653847165963037117891942999599427977310114815410383435572963E-17
2,8,2,1,0,3,recursive,0.75730183524388972049479207271360792219638824462890625,0.7573019465510430436750003602547925318604462399668573623217604465376639909064962048,0.757301946550933993047311058457110945140743541622648254217291138199777953450136563591429675,1.09050627689301797681586719702698344209108104469308337886037456359641208570325E-13,1.11307044272552518985743503022944355296993742004217291138199777953450136563591429675E-7,2.173967838343363443116038761907501132721444357662534383721438749822392504E-10,1.113071533231802082875411846096640579953379511123217604465376639909064962048E-7,1.113071533231802082875411846096640579953379511123217604465376639909064962048E-7,1.46978564930544483921384620692510093595770542687283400489164966600566671513191939196392551E-7,7.76587071126099901346734729221868458161888330194089693489693696E-20
2,8,2,1,0,3,direct,0.75730194655227711653111555278883315622806549072265625,0.7573019465510430436750003602547925318604462399668573623217604465376639909064962048,0.757301946550933993047311058457110945140743541622648254217291138199777953450136563591429675,1.09050627689301797681586719702698344209108104469308337886037456359641208570325E-13,1.343123483804494331722211087321949100007995782708861800222046549863436408570325E-12,2.4102985470999854180480944680063491324197024965616278561250177607496E-15,1.2340728561151925340406243676192507557988876782395534623360090935037952E-12,1.2340728561151925340406243676192507557988876782395534623360090935037952E-12,1.62956514470283956834950383370870652037561967394673741756820556485015997382771933438194998E-12,7.76587071126099901346734729221868458161888330194089693489693696E-20
2,8,2,1,0,3,fe_geometry,0.7573019465534136518414243255392648279666900634765625,0.7573019465510430436750003602547925318604462399668573623217604465376639909064962048,0.757301946550933993047311058457110945140743541622648254217291138199777953450136563591429675,1.09050627689301797681586719702698344209108104469308337886037456359641208570325E-13,2.479658794113267082153882825946521853914245782708861800222046549863436408570325E-12,4.6300940750468071962349533325074677923928470278116278561250177607496E-15,2.3706081664239652844722961062438235097051376782395534623360090935037952E-12,2.3706081664239652844722961062438235097051376782395534623360090935037952E-12,3.13033417809151702781556820774411859785303813331092711238058575688456948593927993027728918E-12,7.76587071126099901346734729221868458161888330194089693489693696E-20
2,8,2,1,0,3,reused,0.7573019465509656100721258553676307201385498046875,0.7573019465510430436750003602547925318604462399668573623217604465376639909064962048,0.757301946550933993047311058457110945140743541622648254217291138199777953450136563591429675,1.09050627689301797681586719702698344209108104469308337886037456359641208570325E-13,3.1617024814796910519774997806263064851745782708861800222046549863436408570325E-14,1.512375056142673577379135193289751549948482846883721438749822392504E-16,7.74336028745048871618117218964352793573623217604465376639909064962048E-14,7.74336028745048871618117218964352793573623217604465376639909064962048E-14,1.02249311819622757397552769835332052569651817747037405604466820468046489645355328049586802E-13,7.76587071126099901346734729221868458161888330194089693489693696E-20
2,8,2,1,0,3,reused_centered,0.75730194655107840873142777127213776111602783203125,0.7573019465510430436750003602547925318604462399668573623217604465376639909064962048,0.757301946550933993047311058457110945140743541622648254217291138199777953450136563591429675,1.09050627689301797681586719702698344209108104469308337886037456359641208570325E-13,1.44415684116712815026815975284290408601745782708861800222046549863436408570325E-13,6.90723758347871432524008898077970007668704653116278561250177607496E-17,3.53650564274110173452292555815920643926376782395534623360090935037952E-14,3.53650564274110173452292555815920643926376782395534623360090935037952E-14,4.66987528402284000526300380204829978081011523334565603943002279940967226536918112910075747E-14,7.76587071126099901346734729221868458161888330194089693489693696E-20
2,8,3,2,0,5,recursive,5.4801455967002947744504126603715121746063232421875,5.48010212718317370091355347521134917705559203748011082084130955967161434112,5.48010212726616602645235096794361201090591991598010225398560430189078566818810127058725314,8.299232553879749273226283385032787849999143314429474221917132706810127058725314E-11,0.00004346943412874799806169242790016370040332620739774601439569810921433181189872941274686,1.32658438479838674497025024911491548862319053311703975495728541216E-9,0.00004346951712107353685918516016299755073120470738917915869044032838565888,0.00000793224580714471017706536373844646225508545223842860809402889190779008010692999563936940585,0.00000793224580714471017706536373844646225508545223842860809402889190779008010692999563936940585,1.35313237458039844441995830138175598814323627026007091782012628240710277220094331002373323E-18
2,8,3,2,0,5,direct,5.4801021228366462167969075380824506282806396484375,5.48010212718317370091355347521134917705559203748011082084130955967161434112,5.48010212726616602645235096794361201090591991598010225398560430189078566818810127058725314,8.299232553879749273226283385032787849999143314429474221917132706810127058725314E-11,4.42951980965544342986116138262528026754260225398560430189078566818810127058725314E-9,1.3264549206898943899929499965743873257576326967899504271458784E-13,4.34652748411664593712889854877495238904261082084130955967161434112E-9,7.93147168290238368206248314146256320501308789204695529664790327439025538825177913808782886E-10,7.93147168290238368206248314146256320501308789204695529664790327439025538825177913808782886E-10,1.35313237458039844441995830138175598814323627026007091782012628240710277220094331002373323E-18
2,8,3,2,0,5,fe_geometry,5.480102123012944304036864195950329303741455078125,5.48010212718317370091355347521134917705559203748011082084130955967161434112,5.48010212726616602645235096794361201090591991598010225398560430189078566818810127058725314,8.299232553879749273226283385032787849999143314429474221917132706810127058725314E-11,4.25322172241548677199328270716446483785510225398560430189078566818810127058725314E-9,1.2726530141835599607119811625104177732406954409305754271458784E-13,4.17022939687668927926101987331413695935511082084130955967161434112E-9,7.60976584029507518346980847991427354448947644239015336619525182226431250355443833752583496E-10,7.60976584029507518346980847991427354448947644239015336619525182226431250355443833752583496E-10,1.35313237458039844441995830138175598814323627026007091782012628240710277220094331002373323E-18
2,8,3,2,0,5,reused,5.48010212720344913606140835327096283435821533203125,5.48010212718317370091355347521134917705559203748011082084130955967161434112,5.48010212726616602645235096794361201090591991598010225398560430189078566818810127058725314,8.299232553879749273226283385032787849999143314429474221917132706810127058725314E-11,6.271689039094261467264917654770458394885225398560430189078566818810127058725314E-11,6.1875717614303216734660819404978315890927670772370728541216E-16,2.027543514785487805961365730262329455113917915869044032838565888E-11,3.69982797351199197404336494685209789227446872148269518366274139314301330934802916656631800E-12,3.69982797351199197404336494685209789227446872148269518366274139314301330934802916656631800E-12,1.35313237458039844441995830138175598814323627026007091782012628240710277220094331002373323E-18
2,8,3,2,0,5,reused_centered,5.4801021273941277200947297387756407260894775390625,5.48010212718317370091355347521134917705559203748011082084130955967161434112,5.48010212726616602645235096794361201090591991598010225398560430189078566818810127058725314,8.299232553879749273226283385032787849999143314429474221917132706810127058725314E-11,1.2796169364237877083202871518355762308239774601439569810921433181189872941274686E-10,6.43780576114429515271885830791886906684537289912995728541216E-15,2.1095401918117626356429154903388550158238917915869044032838565888E-10,3.84945415770214305567553661733347954899406571551736492876797278006203416926989666098399989E-11,3.84945415770214305567553661733347954899406571551736492876797278006203416926989666098399989E-11,1.35313237458039844441995830138175598814323627026007091782012628240710277220094331002373323E-18
2,32,1,0,0,1,recursive,0.0347211727950286486166220356608391739428043365478515625,0.03472117279731156980081826815626628583106694942373353771884713875217257623345716247103616,0.0347211727973115740121876864980591401066821763255434326654231581905432530168396594103842318,4.2113694183417928542756152269018098949465760194383706767833824969393480718E-18,2.2829253955656508372199661638778397776918701654231581905432530168396594103842318E-12,7.134128700613226548209724650820665237131172558897308600539300729553632721988E-14,2.28292118419623249542711188826261287588197521884713875217257623345716247103616E-12,2.28292118419623249542711188826261287588197521884713875217257623345716247103616E-12,6.57501172994074985962046829921087502154499693635107863643643664679797475441535022976786954E-11,2.8035156232373383322710710967976482924304327626619864036609057887360E-22
2,32,1,0,0,1,direct,0.03472117279730994876540961513455840758979320526123046875,0.03472117279731156980081826815626628583106694942373353771884713875217257623345716247103616,0.0347211727973115740121876864980591401066821763255434326654231581905432530168396594103842318,4.2113694183417928542756152269018098949465760194383706767833824969393480718E-18,1.6252467780713635007325168889710643129639154231581905432530168396594103842318E-15,5.065735652040692837119503980450507822090527647308600539300729553632721988E-17,1.62103540865302170787824127374416250306896884713875217257623345716247103616E-15,1.62103540865302170787824127374416250306896884713875217257623345716247103616E-15,4.66872308178062772443274062722593350382019837810524405109287353106705400523584458896873904E-14,2.8035156232373383322710710967976482924304327626619864036609057887360E-22
2,32,1,0,0,1,fe_geometry,0.03472117279731480599114235019442276097834110260009765625,0.03472117279731156980081826815626628583106694942373353771884713875217257623345716247103616,0.0347211727973115740121876864980591401066821763255434326654231581905432530168396594103842318,4.2113694183417928542756152269018098949465760194383706767833824969393480718E-18,3.2319789546636963636208716589262745542235845768418094567469831603405896157682E-15,1.0113094762756369238984835231728676137870409852691399460699270446367278012E-16,3.23619032408203815647514727415317636411853115286124782742376654283752896384E-15,3.23619032408203815647514727415317636411853115286124782742376654283752896384E-15,9.32050983120193900102038736805512730351874287742622589649887949167478798243663182197274151E-14,2.8035156232373383322710710967976482924304327626619864036609057887360E-22
2,32,1,0,0,1,reused,0.034721172797310746738208564465821837075054645538330078125,0.03472117279731156980081826815626628583106694942373353771884713875217257623345716247103616,0.0347211727973115740121876864980591401066821763255434326654231581905432530168396594103842318,4.2113694183417928542756152269018098949465760194383706767833824969393480718E-18,8.272739791220322373030316275307872133545404231581905432530168396594103842318E-16,2.572070655324032638902362538449641885811230772308600539300729553632721988E-17,8.2306260970369044444875601230388540345959384713875217257623345716247103616E-16,8.2306260970369044444875601230388540345959384713875217257623345716247103616E-16,2.37049196036206319096544102800118779975737231469650255970279982018803710726108060717121009E-14,2.8035156232373383322710710967976482924304327626619864036609057887360E-22
2,32,1,0,0,1,reused_centered,0.034721172797311405933129435652517713606357574462890625,0.03472117279731156980081826815626628583106694942373353771884713875217257623345716247103616,0.0347211727973115740121876864980591401066821763255434326654231581905432530168396594103842318,4.2113694183417928542756152269018098949465760194383706767833824969393480718E-18,1.680790582508455414265003246018626528076654231581905432530168396594103842318E-16,5.12086527601574214288202216796752634102246397308600539300729553632721988E-18,1.6386768883250374857222470937496084291271884713875217257623345716247103616E-16,1.6386768883250374857222470937496084291271884713875217257623345716247103616E-16,4.71953207885857706796802228641615261618516001445803066815347624244501408934101665686294875E-15,2.8035156232373383322710710967976482924304327626619864036609057887360E-22
2,32,3,0,0,3,recursive,1.3634897177023044267940576901310123503208160400390625,1.363489410374225517571339502204585522546127500115323232942573083872170716607545344,1.36348941037559341565685275961873259803785942506170484155791406352804864801706432852105010,1.36789808551325741414707549173192494638160861534097965587793140951898452105010E-12,3.0732671101113720493051227975228295661497735765844208593647195135198293567147894990E-7,9.378908658118369085324903162468709977414664894624555264774408852642592E-12,3.07328078909222718187926426827774688539923739267057426916127829283392454656E-7,2.25398214735582694858515307972405495586951814525102707358035175963328290795035115720661425E-7,2.25398214735582694858515307972405495586951814525102707358035175963328290795035115720661425E-7,2.47059091088042615749193221700349852395592144738195551539692892372042559605403366645777281E-20
2,32,3,0,0,3,direct,1.363489410392074940858719855896197259426116943359375,1.363489410374225517571339502204585522546127500115323232942573083872170716607545344,1.36348941037559341565685275961873259803785942506170484155791406352804864801706432852105010,1.36789808551325741414707549173192494638160861534097965587793140951898452105010E-12,1.648152520186709627746466138825751829767015844208593647195135198293567147894990E-11,5.44721169658824270373893337402021583375603242719327274408852642592E-16,1.7849423287380353691611736879989443244051767057426916127829283392454656E-11,1.30909878372149380996731513706700474140050766230149856042816735705662518559951091028212981E-11,1.30909878372149380996731513706700474140050766230149856042816735705662518559951091028212981E-11,2.47059091088042615749193221700349852395592144738195551539692892372042559605403366645777281E-20
2,32,3,0,0,3,fe_geometry,1.3634894102260182169317204170511104166507720947265625,1.363489410374225517571339502204585522546127500115323232942573083872170716607545344,1.36348941037559341565685275961873259803785942506170484155791406352804864801706432852105010,1.36789808551325741414707549173192494638160861534097965587793140951898452105010E-12,1.4957519872513234256762218138708733033514234155791406352804864801706432852105010E-10,4.522927875964937901412204159404156658592551664507235225591147357408E-15,1.48207300639619085153475105895355405388760732942573083872170716607545344E-10,1.08697067620746587804165142465477809228885365970434932762215445263405994997197389453162563E-10,1.08697067620746587804165142465477809228885365970434932762215445263405994997197389453162563E-10,2.47059091088042615749193221700349852395592144738195551539692892372042559605403366645777281E-20
2,32,3,0,0,3,reused,1.3634894104041970219753920900984667241573333740234375,1.363489410374225517571339502204585522546127500115323232942573083872170716607545344,1.36348941037559341565685275961873259803785942506170484155791406352804864801706432852105010,1.36789808551325741414707549173192494638160861534097965587793140951898452105010E-12,2.860360631853933047973412611947394896173265844208593647195135198293567147894990E-11,9.14657727174456417659948779638851132449776216352139774408852642592E-16,2.9971504404052587893881201611205873908114267057426916127829283392454656E-11,2.19814720789262016550352933630092102410650976866521059920880702935894220143769542965516528E-11,2.19814720789262016550352933630092102410650976866521059920880702935894220143769542965516528E-11,2.47059091088042615749193221700349852395592144738195551539692892372042559605403366645777281E-20
2,32,3,0,0,3,reused_centered,1.3634894103817065680317455189651809632778167724609375,1.363489410374225517571339502204585522546127500115323232942573083872170716607545344,1.36348941037559341565685275961873259803785942506170484155791406352804864801706432852105010,1.36789808551325741414707549173192494638160861534097965587793140951898452105010E-12,6.11315237489275934644836523995734739923265844208593647195135198293567147894990E-12,2.28303541882507835711530784048134532031685396039639774408852642592E-16,7.481050460406016760595440731689272345614267057426916127829283392454656E-12,5.48669494862652105504041053700497665017880432498162351557763285139773335461873738261469819E-12,5.48669494862652105504041053700497665017880432498162351557763285139773335461873738261469819E-12,2.47059091088042615749193221700349852395592144738195551539692892372042559605403366645777281E-20
2,32,5,0,0,5,recursive,94.035158508998648585475166328251361846923828125,94.070374332970382569846172600195345859570503458258745698082474386119458816,94.0703744843245720474467459798135263272873339492081629095152158818912520660822394819845752,1.513541894776005733796181804677168304909494172114327414957717932500822394819845752E-7,0.0352159753259234619715796515621644803635058242081629095152158818912520660822394819845752,1.049513339153944980234094618081570048531154789291194024159740988E-9,0.035215823971733984371006271943984012646675333258745698082474386119458816,0.000374356158582769863658917606362265802317998288668301160784368843396337533136432949698704005,0.000374356158582769863658917606362265802317998288668301160784368843396337533136432949698704005,6.11443972661898658184202109844913465622497121866765401046234506561981831563598933145889821E-20
2,32,5,0,0,5,direct,94.070375032785904068077798001468181610107421875,94.070374332970382569846172600195345859570503458258745698082474386119458816,94.0703744843245720474467459798135263272873339492081629095152158818912520660822394819845752,1.513541894776005733796181804677168304909494172114327414957717932500822394819845752E-7,5.484613320206310520216546552828200879257918370904847841181087479339177605180154248E-7,2.0856127783603418630399490468220022869609035679755137134012E-14,6.99815521498231625401272835750536918416741254301917525613880541184E-7,7.43927646148374934682599763507259877689043284686302634744618787575228008031769790464559560E-9,7.43927646148374934682599763507259877689043284686302634744618787575228008031769790464559560E-9,6.11443972661898658184202109844913465622497121866765401046234506561981831563598933145889821E-20
2,32,5,0,0,5,fe_geometry,94.0703752526562055891190539114177227020263671875,94.070374332970382569846172600195345859570503458258745698082474386119458816,94.0703744843245720474467459798135263272873339492081629095152158818912520660822394819845752,1.513541894776005733796181804677168304909494172114327414957717932500822394819845752E-7,7.683316335416723079316041963747390332382918370904847841181087479339177605180154248E-7,2.7408773393013265171981524730993982068575658032355234790262E-14,9.19685823019272881311222376842455863729241254301917525613880541184E-7,9.77657237510253586694086462287769356136106645630076824306123392368142414564841355931133231E-9,9.77657237510253586694086462287769356136106645630076824306123392368142414564841355931133231E-9,6.11443972661898658184202109844913465622497121866765401046234506561981831563598933145889821E-20
2,32,5,0,0,5,reused,94.0703739167051793401697068475186824798583984375,94.070374332970382569846172600195345859570503458258745698082474386119458816,94.0703744843245720474467459798135263272873339492081629095152158818912520660822394819845752,1.513541894776005733796181804677168304909494172114327414957717932500822394819845752E-7,5.676193927072770391322948438474289355117081629095152158818912520660822394819845752E-7,1.2405669785430326037188668947807315141581259539666249584738E-14,4.16265203229676465752676663379712105020758745698082474386119458816E-7,4.42504036133915108863678144120173751608016826173983942137189674902981659140137082209331486E-9,4.42504036133915108863678144120173751608016826173983942137189674902981659140137082209331486E-9,6.11443972661898658184202109844913465622497121866765401046234506561981831563598933145889821E-20
2,32,5,0,0,5,reused_centered,94.0703742442045864891042583622038364410400390625,94.070374332970382569846172600195345859570503458258745698082474386119458816,94.0703744843245720474467459798135263272873339492081629095152158818912520660822394819845752,1.513541894776005733796181804677168304909494172114327414957717932500822394819845752E-7,2.401199855583424876176096898862472948867081629095152158818912520660822394819845752E-7,2.645426871798691577851519269303395283095799258294179272238E-15,8.8765796080741914237991509418530464395758745698082474386119458816E-8,9.43610533179633728342914226262799472945843757478445366415877158425337426393679116977642259E-10,9.43610533179633728342914226262799472945843757478445366415877158425337426393679116977642259E-10,6.11443972661898658184202109844913465622497121866765401046234506561981831563598933145889821E-20
2,32,2,1,0,3,recursive,0.63323217541449683398724346261587925255298614501953125,0.63323217543688681117646659918371771437366763529238805453261464573032252764525428736,0.633232175435825790004894988387052208245151110222469965246443209893198982295932821433488688,1.061021171571610796665506128516525069918089286171435837123545349321465926511312E-12,2.1328956017651525771172955692164965202938715246443209893198982295932821433488688E-11,6.8328787808908497826655462099247712014333509926192156159431541886152E-16,2.238997718922313656783846182068149027285680453261464573032252764525428736E-11,2.238997718922313656783846182068149027285680453261464573032252764525428736E-11,3.53582430863933698520952698966836443228129980756872882579720459462784980784589654257360252E-11,2.2846511083776740871692155209454276815000024283077375759253504E-22
2,32,2,1,0,3,direct,0.63323217546733079341692018715548329055309295654296875,0.63323217543688681117646659918371771437366763529238805453261464573032252764525428736,0.633232175435825790004894988387052208245151110222469965246443209893198982295932821433488688,1.061021171571610796665506128516525069918089286171435837123545349321465926511312E-12,3.1505003412025198768431082307941846320498784753556790106801017704067178566511312E-11,9.2907660645915490636491626524125125886781907554276593840568458113848E-16,3.044398224045358797176557617942532125058069546738535426967747235474571264E-11,3.044398224045358797176557617942532125058069546738535426967747235474571264E-11,4.80771246651345950421446499895530406275829989115897843312616439947676782861728949070596161E-11,2.2846511083776740871692155209454276815000024283077375759253504E-22
2,32,2,1,0,3,fe_geometry,0.63323217548372434659853524863137863576412200927734375,0.63323217543688681117646659918371771437366763529238805453261464573032252764525428736,0.633232175435825790004894988387052208245151110222469965246443209893198982295932821433488688,1.061021171571610796665506128516525069918089286171435837123545349321465926511312E-12,4.7898556593640260244326427518970899054873784753556790106801017704067178566511312E-11,1.42936814642543485863223026704267498733385301108964093840568458113848E-15,4.683753542206864944766092139045437398495569546738535426967747235474571264E-11,4.683753542206864944766092139045437398495569546738535426967747235474571264E-11,7.39658173398310965073767992236168897422354007791406947142656547382963351535771482297894387E-11,2.2846511083776740871692155209454276815000024283077375759253504E-22
2,32,2,1,0,3,reused,0.6332321754359522270050320003065280616283416748046875,0.63323217543688681117646659918371771437366763529238805453261464573032252764525428736,0.633232175435825790004894988387052208245151110222469965246443209893198982295932821433488688,1.061021171571610796665506128516525069918089286171435837123545349321465926511312E-12,1.26437000137011919475853383190564582217534753556790106801017704067178566511312E-13,2.852124546614376456267250809710572777406477455489031159431541886152E-17,9.3458417143459887718965274532596048770055453261464573032252764525428736E-13,9.3458417143459887718965274532596048770055453261464573032252764525428736E-13,1.47589495241583363605498453889859059835193469962189421593849530142448530860609960305211340E-12,2.2846511083776740871692155209454276815000024283077375759253504E-22
2,32,2,1,0,3,reused_centered,0.63323217543798648865305267463554628193378448486328125,0.63323217543688681117646659918371771437366763529238805453261464573032252764525428736,0.633232175435825790004894988387052208245151110222469965246443209893198982295932821433488688,1.061021171571610796665506128516525069918089286171435837123545349321465926511312E-12,2.160698648157686248494073688633374640811284753556790106801017704067178566511312E-12,3.355949330401841588832298462270659090860581870682843840568458113848E-17,1.09967747658607545182856756011684957089319546738535426967747235474571264E-12,1.09967747658607545182856756011684957089319546738535426967747235474571264E-12,1.73661023435420561863449582420415833384213247780689713546190080350356277334871641775500120E-12,2.2846511083776740871692155209454276815000024283077375759253504E-22
2,32,3,2,0,5,recursive,4.572303659256800045795898768119513988494873046875,4.57230392452465268418052423122909793219985960026606595431117913407541477376,4.57230373830365770289555000619268760061860465482911103168160116501593104008348722983930053,1.8622099498128497422503641033158125494543695492262957796905948373367651277016069947E-7,7.904685765709965123807317361212373160795411103168160116501593104008348722983930053E-8,7.90559806342079119274346780609205325106951790911886629861818E-15,2.6526785263838462546310958394370498655339106595431117913407541477376E-7,5.80162336137710894591004940653743882723337212839317554047595567407433119203437074174847860E-8,5.80162336137710894591004940653743882723337212839317554047595567407433119203437074174847860E-8,4.44589290673293650973868487141390480556014694736709096151520764290486398898989645221915819E-21
2,32,3,2,0,5,direct,4.5723024649202219649168910109438002109527587890625,4.57230392452465268418052423122909793219985960026606595431117913407541477376,4.57230373830365770289555000619268760061860465482911103168160116501593104008348722983930053,1.8622099498128497422503641033158125494543695492262957796905948373367651277016069947E-7,0.00000127338343573797865899524888738966584586576661103168160116501593104008348722983930053,4.349960180280398229421035342577836217913638251883718905252443E-14,0.00000145960443071926363322028529772124710081120356595431117913407541477376,3.19227342454276482417364721829246373734465050203766924850209419277447048604017338971067059E-7,3.19227342454276482417364721829246373734465050203766924850209419277447048604017338971067059E-7,4.44589290673293650973868487141390480556014694736709096151520764290486398898989645221915819E-21
2,32,3,2,0,5,fe_geometry,4.572302760731844273323076777160167694091796875,4.57230392452465268418052423122909793219985960026606595431117913407541477376,4.57230373830365770289555000619268760061860465482911103168160116501593104008348722983930053,1.8622099498128497422503641033158125494543695492262957796905948373367651277016069947E-7,9.7757181342957247322903251990652680777982911103168160116501593104008348722983930053E-7,3.468372846874169848722424895280921646133858162028524813455568E-14,0.00000116379280841085744745406893023810806272526606595431117913407541477376,2.54530938367542583206581727112167380340681020539197789138380130784883562237122893448619766E-7,2.54530938367542583206581727112167380340681020539197789138380130784883562237122893448619766E-7,4.44589290673293650973868487141390480556014694736709096151520764290486398898989645221915819E-21
2,32,3,2,0,5,reused,4.57230384131675737791056235437281429767608642578125,4.57230392452465268418052423122909793219985960026606595431117913407541477376,4.57230373830365770289555000619268760061860465482911103168160116501593104008348722983930053,1.8622099498128497422503641033158125494543695492262957796905948373367651277016069947E-7,1.0301309967501501234818012669705748177095213896831839883498406895991651277016069947E-7,2.479788521119056996013411391810291206076288698742126796665055E-15,8.320789530626996187685628363452377317448481595431117913407541477376E-8,1.81982424352774072364617536124232258174249901963892646044261044763693639903911296273519584E-8,1.81982424352774072364617536124232258174249901963892646044261044763693639903911296273519584E-8,4.44589290673293650973868487141390480556014694736709096151520764290486398898989645221915819E-21
2,32,3,2,0,5,reused_centered,4.57230396698977958891418893472291529178619384765625,4.57230392452465268418052423122909793219985960026606595431117913407541477376,4.57230373830365770289555000619268760061860465482911103168160116501593104008348722983930053,1.8622099498128497422503641033158125494543695492262957796905948373367651277016069947E-7,2.2868612188601863892853022769116758919282713896831839883498406895991651277016069947E-7,1.265559402249266645416433136450837083083098651340270664272445E-15,4.246512690473366470349381735958633424739018404568882086592458522624E-8,9.28746811360498913948615500006966982262999015336456144435504602907966882153510868820388349E-9,9.28746811360498913948615500006966982262999015336456144435504602907966882153510868820388349E-9,4.44589290673293650973868487141390480556014694736709096151520764290486398898989645221915819E-21
3,8,1,0,0,1,recursive,0.1326688730590801501563191777677275240421295166015625,0.1326688730590819845187588325469951682166955277958148824319451642837418744029159921994048,0.132668873059082023851900765174584328599995135205132949658219742149322628212432632348035768,3.9333141932627589160383299607409318067226274577865580753809516640148630968E-17,1.873695581587406856804557865618603570449658219742149322628212432632348035768E-15,2.292953049568474084555218207513992815478039931455354677343003644990249256E-16,1.8343624396547792676441745660111942523824319451642837418744029159921994048E-15,1.8343624396547792676441745660111942523824319451642837418744029159921994048E-15,1.38266226082878910470174003621350828666643504124309842422185277572435124447431180995424573E-14,9.15527343772233125108892162682025281922244254292393707538656001274688E-20
3,8,1,0,0,1,direct,0.1326688730589968556738966753982822410762310028076171875,0.1326688730590819845187588325469951682166955277958148824319451642837418744029159921994048,0.132668873059082023851900765174584328599995135205132949658219742149322628212432632348035768,3.9333141932627589160383299607409318067226274577865580753809516640148630968E-17,8.5168178004089776302087523764132397515762158219742149322628212432632348035768E-14,1.06411056077696435891158925580656235247118664931455354677343003644990249256E-14,8.51288448621571487129271404645249881976949319451642837418744029159921994048E-14,8.51288448621571487129271404645249881976949319451642837418744029159921994048E-14,6.41664038438363488078077488515607934345152507527003185584432365266167285339765279013689788E-13,9.15527343772233125108892162682025281922244254292393707538656001274688E-20
3,8,1,0,0,1,fe_geometry,0.1326688730589968556738966753982822410762310028076171875,0.1326688730590819845187588325469951682166955277958148824319451642837418744029159921994048,0.132668873059082023851900765174584328599995135205132949658219742149322628212432632348035768,3.9333141932627589160383299607409318067226274577865580753809516640148630968E-17,8.5168178004089776302087523764132397515762158219742149322628212432632348035768E-14,1.06411056077696435891158925580656235247118664931455354677343003644990249256E-14,8.51288448621571487129271404645249881976949319451642837418744029159921994048E-14,8.51288448621571487129271404645249881976949319451642837418744029159921994048E-14,6.41664038438363488078077488515607934345152507527003185584432365266167285339765279013689788E-13,9.15527343772233125108892162682025281922244254292393707538656001274688E-20
3,8,1,0,0,1,reused,0.1326688730590820652910366561627597548067569732666015625,0.1326688730590819845187588325469951682166955277958148824319451642837418744029159921994048,0.132668873059082023851900765174584328599995135205132949658219742149322628212432632348035768,3.9333141932627589160383299607409318067226274577865580753809516640148630968E-17,4.1439135890988175426206761838061468612841780257850677371787567367651964232E-17,1.00965347279519705733237576806838483350085068544645322656996355009750744E-17,8.07722778236157645865900614454707866800680548357162581255970840078005952E-17,8.07722778236157645865900614454707866800680548357162581255970840078005952E-17,6.08826139554566865392844916968424881424847468577173669348534817936674269604275803515245376E-16,9.15527343772233125108892162682025281922244254292393707538656001274688E-20
3,8,1,0,0,1,reused_centered,0.132668873059082537135822121854289434850215911865234375,0.1326688730590819845187588325469951682166955277958148824319451642837418744029159921994048,0.132668873059082023851900765174584328599995135205132949658219742149322628212432632348035768,3.9333141932627589160383299607409318067226274577865580753809516640148630968E-17,5.13283921356679705106250220776660101425341780257850677371787567367651964232E-16,6.90771329111634117833291900480086774365710068544645322656996355009750744E-17,5.526170632893072942666335203840694194925680548357162581255970840078005952E-16,5.526170632893072942666335203840694194925680548357162581255970840078005952E-16,4.16538597597952026410261549297943403675117158418787924176360820602454635864638734484830256E-15,9.15527343772233125108892162682025281922244254292393707538656001274688E-20
3,8,0,0,3,3,recursive,2.420196516508655637522906545200385153293609619140625,2.42019651648975853274068202497585279446734253362267037609200455946591489034739712,2.42019651648960480321203307072342581382547058952786214440039639552835187155701925704192644,1.5372952864895425242698064187194409480823169160816393756301879037786295807356E-13,1.905083431087347447695933946813902961276285559960360447164812844298074295807356E-11,3.690840777778226606353976333255290140225512482030359479313497979024E-14,1.889710478222452022453235882626708551795462390799544053408510965260288E-11,7.80808692743380638245686890684856376508292952260585588179005171254289158311504766884922046E-12,7.80808692743380638245686890684856376508292952260585588179005171254289158311504766884922046E-12,4.69325106322622936169056564550534737979604359600567505864056199723927497362764167104554438E-21
3,8,0,0,3,3,direct,2.42019651634053989397443729103542864322662353515625,2.42019651648975853274068202497585279446734253362267037609200455946591489034739712,2.42019651648960480321203307072342581382547058952786214440039639552835187155701925704192644,1.5372952864895425242698064187194409480823169160816393756301879037786295807356E-13,1.4906490923759577968799717059884705437161214440039639552835187155701925704192644E-10,2.9144265384032174597739092039202929387972729705469640520686502020976E-13,1.4921863876624473394042415124071899846642037609200455946591489034739712E-10,6.16555877795703692907214489926770706007225276030286740709487775169549508674104119325283797E-11,6.16555877795703692907214489926770706007225276030286740709487775169549508674104119325283797E-11,4.69325106322622936169056564550534737979604359600567505864056199723927497362764167104554438E-21
3,8,0,0,3,3,fe_geometry,2.42019651634055588118599189328961074352264404296875,2.42019651648975853274068202497585279446734253362267037609200455946591489034739712,2.42019651648960480321203307072342581382547058952786214440039639552835187155701925704192644,1.5372952864895425242698064187194409480823169160816393756301879037786295807356E-13,1.4904892202604117743381507030282654655911214440039639552835187155701925704192644E-10,2.9141142881775416344969150575136423955843823455469640520686502020976E-13,1.4920265155469013168624205094469849065392037609200455946591489034739712E-10,6.16489820302249442219106185115038367589652269781484748885714754619409586855854081245871662E-11,6.16489820302249442219106185115038367589652269781484748885714754619409586855854081245871662E-11,4.69325106322622936169056564550534737979604359600567505864056199723927497362764167104554438E-21
3,8,0,0,3,3,reused,2.4201965164905470118128505419008433818817138671875,2.42019651648975853274068202497585279446734253362267037609200455946591489034739712,2.42019651648960480321203307072342581382547058952786214440039639552835187155701925704192644,1.5372952864895425242698064187194409480823169160816393756301879037786295807356E-13,9.4220860081747117741756805624327765963785559960360447164812844298074295807356E-13,1.53999818782913461912224104369401086880785919530359479313497979024E-15,7.8847907216851692499058741437133356482962390799544053408510965260288E-13,3.25791342478305524144798606821998061264941168720243109588776787388469408721151101658622327E-13,3.25791342478305524144798606821998061264941168720243109588776787388469408721151101658622327E-13,4.69325106322622936169056564550534737979604359600567505864056199723927497362764167104554438E-21
3,8,0,0,3,3,reused_centered,2.420196516489231175484064806369133293628692626953125,2.42019651648975853274068202497585279446734253362267037609200455946591489034739712,2.42019651648960480321203307072342581382547058952786214440039639552835187155701925704192644,1.5372952864895425242698064187194409480823169160816393756301879037786295807356E-13,3.7362772796826435429252019677796257473714440039639552835187155701925704192644E-13,1.02999464183050509124902507548809896395581267969640520686502020976E-15,5.2735725661721860671950083864990666954537609200455946591489034739712E-13,2.17898527257652222702165718630553970037329706836150706631945129457609334264578979725141616E-13,2.17898527257652222702165718630553970037329706836150706631945129457609334264578979725141616E-13,4.69325106322622936169056564550534737979604359600567505864056199723927497362764167104554438E-21
3,8,0,0,5,5,recursive,119.1031296911891530498905922286212444305419921875,119.103129813545338066887510021489098495353805461780646434924935906744860672,119.103129814864320584833287119925181347203660871869196901169002397484004662818605882202994,1.318982517945777098436082851849855410088550466244066490739143990818605882202994E-9,1.23675167534942694891303936916661668684369196901169002397484004662818605882202994E-7,3.734014435333157891628047304223993325020771680753324460044704E-12,1.22356185016996917792867854064811813274280646434924935906744860672E-7,1.02731292795197072044763645771676703978123028473103355686960580793891070697401001398487806E-9,1.02731292795197072044763645771676703978123028473103355686960580793891070697401001398487806E-9,1.46231629955571927335152126308049369264141629655992590258361837345081559551535034480867257E-21
3,8,0,0,5,5,direct,119.1031299931910751865871134214103221893310546875,119.103129813545338066887510021489098495353805461780646434924935906744860672,119.103129814864320584833287119925181347203660871869196901169002397484004662818605882202994,1.318982517945777098436082851849855410088550466244066490739143990818605882202994E-9,1.78326754601753826301485140842127393815630803098830997602515995337181394117797006E-7,5.482352817373645123288611562926551795218486131746675539955296E-12,1.79645737119699603399921223693977249225719353565075064093255139328E-7,1.50832087620982809150591368884017878152517060687640188658215298496764967709256924198721317E-9,1.50832087620982809150591368884017878152517060687640188658215298496764967709256924198721317E-9,1.46231629955571927335152126308049369264141629655992590258361837345081559551535034480867257E-21
3,8,0,0,5,5,fe_geometry,119.1031299931854192664104630239307880401611328125,119.103129813545338066887510021489098495353805461780646434924935906744860672,119.103129814864320584833287119925181347203660871869196901169002397484004662818605882202994,1.318982517945777098436082851849855410088550466244066490739143990818605882202994E-9,1.78321098681577175904005606692957471940630803098830997602515995337181394117797006E-7,5.482180212387785430982717576440653300498027147371675539955296E-12,1.79640081199522953002441689544807327350719353565075064093255139328E-7,1.50827338862335152553017449791647488489422848649321287441536275994068796056057269461267178E-9,1.50827338862335152553017449791647488489422848649321287441536275994068796056057269461267178E-9,1.46231629955571927335152126308049369264141629655992590258361837345081559551535034480867257E-21
3,8,0,0,5,5,reused,119.10312980934332927063223905861377716064453125,119.103129813545338066887510021489098495353805461780646434924935906744860672,119.103129814864320584833287119925181347203660871869196901169002397484004662818605882202994,1.318982517945777098436082851849855410088550466244066490739143990818605882202994E-9,5.520991314201048061311404186559129621869196901169002397484004662818605882202994E-9,1.28235131721657439052591593466469549920063672940824460044704E-13,4.202008796255270962875321334709274211780646434924935906744860672E-9,3.52804229648160405157892526975366469758057337466657476079421260433216951967596985593959017E-11,3.52804229648160405157892526975366469758057337466657476079421260433216951967596985593959017E-11,1.46231629955571927335152126308049369264141629655992590258361837345081559551535034480867257E-21
3,8,0,0,5,5,reused_centered,119.1031298148192973940240335650742053985595703125,119.103129813545338066887510021489098495353805461780646434924935906744860672,119.103129814864320584833287119925181347203660871869196901169002397484004662818605882202994,1.318982517945777098436082851849855410088550466244066490739143990818605882202994E-9,4.5023190809253554850975948644090559369196901169002397484004662818605882202994E-11,3.8878153293961289782260342505058741782206834871675539955296E-14,1.273959327136523543585106903205764850719353565075064093255139328E-9,1.06962707792053247942926894313287200526963820747020446394069724851882628181990342638612338E-11,1.06962707792053247942926894313287200526963820747020446394069724851882628181990342638612338E-11,1.46231629955571927335152126308049369264141629655992590258361837345081559551535034480867257E-21
3,8,1,1,1,3,recursive,0.91426728958148240078429580535157583653926849365234375,0.9142672895918441437178577232202455467730446139459880885505682371857527215848718336,0.914267289591833007609788061566782784229707492958984846072241229483672043439873579131863168,1.1136108069661653462762543337120987003242478327007702080678144998254468136832E-14,1.0350606825492256215206947690438999306641096072241229483672043439873579131863168E-11,2.02377791671131208372455278003439849485240987315785882534232843454528E-14,1.03617429335619178686697102337761202936443385505682371857527215848718336E-11,1.03617429335619178686697102337761202936443385505682371857527215848718336E-11,1.13333847240534058866862434429184271490775343170758002965546933483684188494308523187976940E-11,3.1428926572874011814991672324409405313356657424128104714355200E-21
3,8,1,1,1,3,direct,0.9142672896570129825732919925940223038196563720703125,0.9142672895918441437178577232202455467730446139459880885505682371857527215848718336,0.914267289591833007609788061566782784229707492958984846072241229483672043439873579131863168,1.1136108069661653462762543337120987003242478327007702080678144998254468136832E-14,6.5179974963503931027239519589948879111327653927758770516327956560126420868136832E-11,1.272828883895200573706577286066635900865711161121714117465767156545472E-13,6.51688388554342693737767570466117581243244114494317628142472784151281664E-11,6.51688388554342693737767570466117581243244114494317628142472784151281664E-11,7.12798539303834868579826954214266614195011179706202351729963386642062209756130559474972302E-11,3.1428926572874011814991672324409405313356657424128104714355200E-21
3,8,1,1,1,3,fe_geometry,0.9142672896569905560681945644319057464599609375,0.9142672895918441437178577232202455467730446139459880885505682371857527215848718336,0.914267289591833007609788061566782784229707492958984846072241229483672043439873579131863168,1.1136108069661653462762543337120987003242478327007702080678144998254468136832E-14,6.5157548458406502865122962230253444541015153927758770516327956560126420868136832E-11,1.272390866217516429915238275135084444414295145496714117465767156545472E-13,6.51464123503368412116601996869163235540119114494317628142472784151281664E-11,6.51464123503368412116601996869163235540119114494317628142472784151281664E-11,7.12553244461147890083938655847609241581709877114886886497258592149088471300425825821057131E-11,3.1428926572874011814991672324409405313356657424128104714355200E-21
3,8,1,1,1,3,reused,0.9142672895921248876760500934324227273464202880859375,0.9142672895918441437178577232202455467730446139459880885505682371857527215848718336,0.914267289591833007609788061566782784229707492958984846072241229483672043439873579131863168,1.1136108069661653462762543337120987003242478327007702080678144998254468136832E-14,2.91880066262031865639943116712795126952653927758770516327956560126420868136832E-13,5.483280433444730706585558073743635545886942371714117465767156545472E-16,2.807439581923702121771805733756741399494114494317628142472784151281664E-13,2.807439581923702121771805733756741399494114494317628142472784151281664E-13,3.07069892348114725866426423125672523422250386344586704360601355576925024529575072615400663E-13,3.1428926572874011814991672324409405313356657424128104714355200E-21
3,8,1,1,1,3,reused_centered,0.914267289592577636625492232269607484340667724609375,0.9142672895918441437178577232202455467730446139459880885505682371857527215848718336,0.914267289591833007609788061566782784229707492958984846072241229483672043439873579131863168,1.1136108069661653462762543337120987003242478327007702080678144998254468136832E-14,7.44629015704170702824700110960231650390153927758770516327956560126420868136832E-13,1.4326033352236504870350343117638880144275614246714117465767156545472E-15,7.334929076345090493619375676231106633869114494317628142472784151281664E-13,7.334929076345090493619375676231106633869114494317628142472784151281664E-13,8.02274035158757451724090155417140601166167201881451664246815188421927708868141330370881108E-13,3.1428926572874011814991672324409405313356657424128104714355200E-21
3,8,1,1,3,5,recursive,-0.05795454173693999344596505807203357107937335968017578125,-0.0579545652051888559154178756359649405980820573983688523390478730847059968,-0.0579545651856261353060030926110645158909578541095945468379334715107105084980784902697679692,1.95627206094147830249004247071242032887743055011144015739954883019215097302320308E-11,2.34486861418600380345390309448115844944294187655879334715107105084980784902697679692E-8,7.161941181173539067860086477514254363317319662807936972987276E-13,2.34682488624694528175639313695187086977181930710890478730847059968E-8,2.34682488624694528175639313695187086977181930710890478730847059968E-8,4.04942195310754675664850320198532397230579256887649001013854833400136462716237981105600545E-7,4.2643254444102242222484983158843056698576197728288768E-21
3,8,1,1,3,5,direct,-0.057954619460389267260325141251087188720703125,-0.0579545652051888559154178756359649405980820573983688523390478730847059968,-0.0579545651856261353060030926110645158909578541095945468379334715107105084980784902697679692,1.95627206094147830249004247071242032887743055011144015739954883019215097302320308E-11,5.42747631319543220486400226728297452708904054531620665284892894915019215097302320308E-8,1.6557373172407503437992896193885077230103036849261765175450224E-12,5.42552004113449072656151222481226210676016311476609521269152940032E-8,5.42552004113449072656151222481226210676016311476609521269152940032E-8,9.36167844918751408485840121085421191860722847828263345329925425604906086622815523804715664E-7,4.2643254444102242222484983158843056698576197728288768E-21
3,8,1,1,3,5,fe_geometry,-0.0579546194582632734348948133629164658486843109130859375,-0.0579545652051888559154178756359649405980820573983688523390478730847059968,-0.0579545651856261353060030926110645158909578541095945468379334715107105084980784902697679692,1.95627206094147830249004247071242032887743055011144015739954883019215097302320308E-11,5.42726371381288917207518519499577264568034913906620665284892894915019215097302320308E-8,1.6556724370580895061562180030899231644749364344836716347325224E-12,5.42530744175194769377269515252506022535147170851609521269152940032E-8,5.42530744175194769377269515252506022535147170851609521269152940032E-8,9.36131161116226047102878059276091740765727473038666818385387706556070980619598988017579456E-7,4.2643254444102242222484983158843056698576197728288768E-21
3,8,1,1,3,5,reused,-0.057954566209775959517713772584102116525173187255859375,-0.0579545652051888559154178756359649405980820573983688523390478730847059968,-0.0579545651856261353060030926110645158909578541095945468379334715107105084980784902697679692,1.95627206094147830249004247071242032887743055011144015739954883019215097302320308E-11,1.0241498242117106799730376006342153331462648281620665284892894915019215097302320308E-9,3.06575654175505339644817253395718728594204871417526894200224E-14,1.0045871036022958969481371759270911298574905226609521269152940032E-9,1.0045871036022958969481371759270911298574905226609521269152940032E-9,1.73340460763624541768916219624990825935141194707355699724084075665355069900551339022164984E-8,4.2643254444102242222484983158843056698576197728288768E-21
3,8,1,1,3,5,reused_centered,-0.05795456666289304503703050386320683173835277557373046875,-0.0579545652051888559154178756359649405980820573983688523390478730847059968,-0.0579545651856261353060030926110645158909578541095945468379334715107105084980784902697679692,1.95627206094147830249004247071242032887743055011144015739954883019215097302320308E-11,1.4772669097310274112521423158473949214641359219120665284892894915019215097302320308E-9,4.44856014746585885079114346661459569755664555789475136387724E-14,1.4577041891216126282272418911402707181753616164109521269152940032E-9,1.4577041891216126282272418911402707181753616164109521269152940032E-9,2.51525342992496430952574788575478108225965211499183193546054800524353927942223242905934848E-8,4.2643254444102242222484983158843056698576197728288768E-21
3,32,1,0,0,1,recursive,0.0989885702896519392712804119582870043814182281494140625,0.0989885702896598628105933169360290739638722766758525844643672201403103581813919061923776,0.0989885702896594930566903277662454593847078807263784818662088702352171215546327183333929547,3.697539029891697836145791643959494741025981583499050932366267591878589846453E-16,7.5537854099158079584550032896525769644193662088702352171215546327183333929547E-15,2.476106035282805544396744516890164512038113864756293846986931684970685118E-16,7.9235393129049777420695824540485264385219643672201403103581813919061923776E-15,7.9235393129049777420695824540485264385219643672201403103581813919061923776E-15,8.00449919593661808877987565045266501211344495813814058401378563470086151624439865427723715E-14,3.576278625507449584452722330590341604649653605230089708047051278336E-22
3,32,1,0,0,1,direct,0.09898857028948047920291486434507532976567745208740234375,0.0989885702896598628105933169360290739638722766758525844643672201403103581813919061923776,0.0989885702896594930566903277662454593847078807263784818662088702352171215546327183333929547,3.697539029891697836145791643959494741025981583499050932366267591878589846453E-16,1.790138537754634211701296190304286389761381162088702352171215546327183333929547E-13,5.6057377399516434673045061935882683890700223239756293846986931684970685118E-15,1.793836076784525909537441981948245884502407143672201403103581813919061923776E-13,1.793836076784525909537441981948245884502407143672201403103581813919061923776E-13,1.81216485048264833983116363532868008325331618838828763734134199084298685457302784866185706E-12,3.576278625507449584452722330590341604649653605230089708047051278336E-22
3,32,1,0,0,1,fe_geometry,0.098988570289480437569551440901705063879489898681640625,0.0989885702896598628105933169360290739638722766758525844643672201403103581813919061923776,0.0989885702896594930566903277662454593847078807263784818662088702352171215546327183333929547,3.697539029891697836145791643959494741025981583499050932366267591878589846453E-16,1.790554871388868645403955052179820447378568662088702352171215546327183333929547E-13,5.6070387825586260726253151369493123191237332614756293846986931684970685118E-15,1.794252410418760343240100843823779942119594643672201403103581813919061923776E-13,1.794252410418760343240100843823779942119594643672201403103581813919061923776E-13,1.81258543806464508984952301166510035523222323373158352715878461426698425924467752503469051E-12,3.576278625507449584452722330590341604649653605230089708047051278336E-22
3,32,1,0,0,1,reused,0.09898857028965961368793813335287268273532390594482421875,0.0989885702896598628105933169360290739638722766758525844643672201403103581813919061923776,0.0989885702896594930566903277662454593847078807263784818662088702352171215546327183333929547,3.697539029891697836145791643959494741025981583499050932366267591878589846453E-16,1.206312478055866272233506160252184457368837911297647828784453672816666070453E-16,7.7850829744869736372258921365853446364285739756293846986931684970685118E-18,2.491226551835831563912285483707310283657143672201403103581813919061923776E-16,2.491226551835831563912285483707310283657143672201403103581813919061923776E-16,2.51668101129859417022038515772318200926909130050571615821427185682035402168697515047339659E-15,3.576278625507449584452722330590341604649653605230089708047051278336E-22
3,32,1,0,0,1,reused_centered,0.0989885702896605434997212569214752875268459320068359375,0.0989885702896598628105933169360290739638722766758525844643672201403103581813919061923776,0.0989885702896594930566903277662454593847078807263784818662088702352171215546327183333929547,3.697539029891697836145791643959494741025981583499050932366267591878589846453E-16,1.0504430309291552298281421380512804574556337911297647828784453672816666070453E-15,2.12715352481245451941738429267290932297823635243706153013068315029314882E-17,6.806891279399854462135629736553309833530356327798596896418186080938076224E-16,6.806891279399854462135629736553309833530356327798596896418186080938076224E-16,6.87644165329548957313901968899622551965492136643582309800431794578835031182246384280694938E-15,3.576278625507449584452722330590341604649653605230089708047051278336E-22
3,32,0,0,3,3,recursive,1.6640631695913070675629796824068762362003326416015625,1.66406317070026718046240244488763945375542510076916811453349321888210842578583552,1.66406317068690731742297354441170868078338669528823101581349933782342925481009454971614416,1.335986303942890047593077297203840548093709871999388105867917097574097028385584E-11,1.09560024985999386200483244458305405368666851581349933782342925481009454971614416E-9,3.384277688291695442141001030136390561424577681071451473639246904864E-14,1.10896011289942276248076321755509245916760561453349321888210842578583552E-9,6.66417076241614526862612991316297945018281405560847583598599814697427024200087235520611541E-10,6.66417076241614526862612991316297945018281405560847583598599814697427024200087235520611541E-10,2.82688360829724837545027793807786232631442672807155367384219673343959925024038602390120062E-23
3,32,0,0,3,3,direct,1.6640631648363839456550294926273636519908905029296875,1.66406317070026718046240244488763945375542510076916811453349321888210842578583552,1.66406317068690731742297354441170868078338669528823101581349933782342925481009454971614416,1.335986303942890047593077297203840548093709871999388105867917097574097028385584E-11,5.85052337176794405178434502879249619235854351581349933782342925481009454971614416E-9,1.7895151473411172339661486211439619744383180586344888973639246904864E-13,5.86388323480737295226027580176453459783948061453349321888210842578583552E-9,3.52383451425089066333323457287669061743393599596421752659395649965496690986669372098060141E-9,3.52383451425089066333323457287669061743393599596421752659395649965496690986669372098060141E-9,2.82688360829724837545027793807786232631442672807155367384219673343959925024038602390120062E-23
3,32,0,0,3,3,fe_geometry,1.664063164836644848065816404414363205432891845703125,1.66406317070026718046240244488763945375542510076916811453349321888210842578583552,1.66406317068690731742297354441170868078338669528823101581349933782342925481009454971614416,1.335986303942890047593077297203840548093709871999388105867917097574097028385584E-11,5.85026246935715713999734547535049484958510601581349933782342925481009454971614416E-9,1.7894355262440753297342761988288980880938852278239420223639246904864E-13,5.86362233239658604047327624832253325506604311453349321888210842578583552E-9,3.52367772788882177658340126170809446816571025704602307216319516414809111585804162765122733E-9,3.52367772788882177658340126170809446816571025704602307216319516414809111585804162765122733E-9,2.82688360829724837545027793807786232631442672807155367384219673343959925024038602390120062E-23
3,32,0,0,3,3,reused,1.664063170732357210823693094425834715366363525390625,1.66406317070026718046240244488763945375542510076916811453349321888210842578583552,1.66406317068690731742297354441170868078338669528823101581349933782342925481009454971614416,1.335986303942890047593077297203840548093709871999388105867917097574097028385584E-11,4.544989340071955001412603458297683010239398418650066217657074518990545028385584E-11,9.7931000858430937311386906771662672794973405354329776360753095136E-16,3.209003036129064953819526161093842462145688546650678111789157421416448E-11,1.92841419282097312702924831096216570959982558876314340972010591792173612157959304941914916E-11,1.92841419282097312702924831096216570959982558876314340972010591792173612157959304941914916E-11,2.82688360829724837545027793807786232631442672807155367384219673343959925024038602390120062E-23
3,32,0,0,3,3,reused_centered,1.664063170689805470914279794669710099697113037109375,1.66406317070026718046240244488763945375542510076916811453349321888210842578583552,1.66406317068690731742297354441170868078338669528823101581349933782342925481009454971614416,1.335986303942890047593077297203840548093709871999388105867917097574097028385584E-11,2.89815349130625025800141891372634182114398418650066217657074518990545028385584E-12,3.1926603845589142510770733820532420836770979411295223639246904864E-16,1.046170954812265021792935405831206365979311453349321888210842578583552E-11,6.28684639641425272209595868194571410885936396523024189716429502984617975616369271255852222E-12,6.28684639641425272209595868194571410885936396523024189716429502984617975616369271255852222E-12,2.82688360829724837545027793807786232631442672807155367384219673343959925024038602390120062E-23
3,32,0,0,5,5,recursive,119.119529746273855153049225918948650360107421875,119.119372969111320073209789540059323609437210486906792434777103446988292096,119.119373619119027462887208685725190374221400652086707872725646686371672719835026058850570,6.50007707389677419145665866764784190165179915437948543239383380623835026058850570E-7,0.000156127154827690162017233223459985886021222913292127274353313628327280164973941149430,4.672323540898556692492332736454924053293111717926419463650972E-12,0.000156777162535079839436378889326750670211388093207565222896553011707904,0.00000131613488744382081926432848562972674138444340818122352908632494765558602917192676535647081,0.00000131613488744382081926432848562972674138444340818122352908632494765558602917192676535647081,4.87667837168727605499195476639775988745995749263750869167411568840467676995220202687647122E-24
3,32,0,0,5,5,direct,119.11945751799459003450465388596057891845703125,119.119372969111320073209789540059323609437210486906792434777103446988292096,119.119373619119027462887208685725190374221400652086707872725646686371672719835026058850570,6.50007707389677419145665866764784190165179915437948543239383380623835026058850570E-7,0.000083898875562571617445200235388544235630597913292127274353313628327280164973941149430,2.519753076731005157957848943928152913473936712967313018338472E-12,0.000084548883269961294864345901255309019820763093207565222896553011707904,7.09782809987469871081227165076193891256935229896756625676228791701728948570008418798123372E-7,7.09782809987469871081227165076193891256935229896756625676228791701728948570008418798123372E-7,4.87667837168727605499195476639775988745995749263750869167411568840467676995220202687647122E-24
3,32,0,0,5,5,fe_geometry,119.1194575179363965844459016807377338409423828125,119.119372969111320073209789540059323609437210486906792434777103446988292096,119.119373619119027462887208685725190374221400652086707872725646686371672719835026058850570,6.50007707389677419145665866764784190165179915437948543239383380623835026058850570E-7,0.000083898817369121558692995012543466720982160413292127274353313628327280164973941149430,2.519751342431045654777904701537832771907019412743008819119722E-12,0.000084548825076511236112140678410231505172325593207565222896553011707904,7.09782321456942818674157263583296869608713606926411756616467694003190276573554737602879369E-7,7.09782321456942818674157263583296869608713606926411756616467694003190276573554737602879369E-7,4.87667837168727605499195476639775988745995749263750869167411568840467676995220202687647122E-24
3,32,0,0,5,5,reused,119.119370227728495592600665986537933349609375,119.119372969111320073209789540059323609437210486906792434777103446988292096,119.119373619119027462887208685725190374221400652086707872725646686371672719835026058850570,6.50007707389677419145665866764784190165179915437948543239383380623835026058850570E-7,0.000003391390531870286542699187257024612025652086707872725646686371672719835026058850570,8.1699574723261866675422233052844638689962231887423309786528E-14,0.000002741382824480609123553521390259827835486906792434777103446988292096,2.30137445836914648124958554649506088540065568823125132740333190318925098431860038309942037E-8,2.30137445836914648124958554649506088540065568823125132740333190318925098431860038309942037E-8,4.87667837168727605499195476639775988745995749263750869167411568840467676995220202687647122E-24
3,32,0,0,5,5,reused_centered,119.11937291612457556766457855701446533203125,119.119372969111320073209789540059323609437210486906792434777103446988292096,119.119373619119027462887208685725190374221400652086707872725646686371672719835026058850570,6.50007707389677419145665866764784190165179915437948543239383380623835026058850570E-7,7.02994451895222630128710725042190150652086707872725646686371672719835026058850570E-7,1.579128042028701632709647961777626290527188552462372286528E-15,5.2986744505545210983044858277405960486906792434777103446988292096E-8,4.44820545850968594744832449258149237226992106165219205157095999280108685003771544722174450E-10,4.44820545850968594744832449258149237226992106165219205157095999280108685003771544722174450E-10,4.87667837168727605499195476639775988745995749263750869167411568840467676995220202687647122E-24
3,32,1,1,1,3,recursive,0.91847528246667342610720652373856864869594573974609375,0.9184752828310839884161579254425062809072530469158691161487116454158999491073015808,0.918475282814816582201131093630024648846439809792355813407939150134067725514528114446950209,1.6267406215026831812481632060813237123513302740772495281832223592773466353049791E-11,3.48143156093924569891456000150494070046262063407939150134067725514528114446950209E-10,1.11209278048386047883281748111360872549369923751437880070770248140656E-14,3.644105623089514017039376322113073071697753661487116454158999491073015808E-10,3.644105623089514017039376322113073071697753661487116454158999491073015808E-10,3.96755981484555463718822180404808350294849172850006703139125435412260935794404579316324996E-10,1.33299049161379376281446050078602515429822409329021578215424E-23
3,32,1,1,1,3,direct,0.918475284406383263302586783538572490215301513671875,0.9184752828310839884161579254425062809072530469158691161487116454158999491073015808,0.918475282814816582201131093630024648846439809792355813407939150134067725514528114446950209,1.6267406215026831812481632060813237123513302740772495281832223592773466353049791E-11,1.591566681101455689908547841368861703879519186592060849865932274485471885553049791E-9,4.80743186916024431792012392977309712755128748733913682429229751859344E-14,1.5752992748864288580960662093080484667560058838512883545841000508926984192E-9,1.5752992748864288580960662093080484667560058838512883545841000508926984192E-9,1.71512429820731584555855944720748373632888089228701354237349400429748882068705556409784324E-9,1.33299049161379376281446050078602515429822409329021578215424E-23
3,32,1,1,1,3,fe_geometry,0.91847528440562109519618161357357166707515716552734375,0.9184752828310839884161579254425062809072530469158691161487116454158999491073015808,0.918475282814816582201131093630024648846439809792355813407939150134067725514528114446950209,1.6267406215026831812481632060813237123513302740772495281832223592773466353049791E-11,1.590804512995050519943547018228717355734987936592060849865932274485471885553049791E-9,4.80510591668708400918904231618623083072349436600124619929229751859344E-14,1.5745371067800236881310653861679041186114746338512883545841000508926984192E-9,1.5745371067800236881310653861679041186114746338512883545841000508926984192E-9,1.71429447935355651183448042339784756303568076594893510941037751684207495365121436600147725E-9,1.33299049161379376281446050078602515429822409329021578215424E-23
3,32,1,1,1,3,reused,0.91847528283748147703846598233212716877460479736328125,0.9184752828310839884161579254425062809072530469158691161487116454158999491073015808,0.918475282814816582201131093630024648846439809792355813407939150134067725514528114446950209,1.6267406215026831812481632060813237123513302740772495281832223592773466353049791E-11,2.2664894837334888702102519928164987570925436592060849865932274485471885553049791E-11,1.952358588350847439459499471237716811344034988796494929229751859344E-16,6.3974886223080568896208878673517504474121338512883545841000508926984192E-12,6.3974886223080568896208878673517504474121338512883545841000508926984192E-12,6.96533564037630570112580805897313568292451423729956746498342763360969718760894615677396193E-12,1.33299049161379376281446050078602515429822409329021578215424E-23
3,32,1,1,1,3,reused_centered,0.91847528285473523101956061509554274380207061767578125,0.9184752828310839884161579254425062809072530469158691161487116454158999491073015808,0.918475282814816582201131093630024648846439809792355813407939150134067725514528114446950209,1.6267406215026831812481632060813237123513302740772495281832223592773466353049791E-11,3.9918648818429521465518094955630807883425436592060849865932274485471885553049791E-11,7.217786439026699723216693998662588732883341629421494929229751859344E-16,2.36512426034026896530364628948175707599121338512883545841000508926984192E-11,2.36512426034026896530364628948175707599121338512883545841000508926984192E-11,2.57505488122671338717992140615861610506805570556670998658584578551622461032693851604223375E-11,1.33299049161379376281446050078602515429822409329021578215424E-23
3,32,1,1,3,5,recursive,-0.041548939407715590466096955424291081726551055908203125,-0.0415671440996864483676970973157151937250154222540274024755270035968098304,-0.0415657698677852314285909423597122405785822257137468937046389171699082951388447535652097459,0.0000013742319012169391061549560029531464331965402805087708880864269015352611552464347902541,0.0000168304600696409624939869354211588520311698055437687046389171699082951388447535652097459,5.425420990841955423397389478716849823107226438605033018292068484375E-13,0.0000182046919708579016001418914241119984643663458242774755270035968098304,0.0000182046919708579016001418914241119984643663458242774755270035968098304,0.000437958689853682400620512060745563108897218414191480334376048782570230470687609419550036202,1.596683720366247618816045997896759853353461647977480192E-20
3,32,1,1,3,5,direct,-0.041588969748028760398117498198189423419535160064697265625,-0.0415671440996864483676970973157151937250154222540274024755270035968098304,-0.0415657698677852314285909423597122405785822257137468937046389171699082951388447535652097459,0.0000013742319012169391061549560029531464331965402805087708880864269015352611552464347902541,0.0000231998802435289695265558384771828409529343509503719203610828300917048611552464347902541,6.504550082180509096503520749279765641611162027675852022467971798828125E-13,0.0000218256483423120304204008824742296945197378106698631494729964031901696,0.0000218256483423120304204008824742296945197378106698631494729964031901696,0.000525069711067224050289729287940823411743320810603320155493159969658428634079653152015058067,1.596683720366247618816045997896759853353461647977480192E-20
3,32,1,1,3,5,fe_geometry,-0.041588978518708831499939293507850379683077335357666015625,-0.0415671440996864483676970973157151937250154222540274024755270035968098304,-0.0415657698677852314285909423597122405785822257137468937046389171699082951388447535652097459,0.0000013742319012169391061549560029531464331965402805087708880864269015352611552464347902541,0.0000232086509236000713483511481381391044951096439191219203610828300917048611552464347902541,6.507163948530892205892858545537578482005925070826157770453811642578125E-13,0.0000218344190223831322421961921351859580619131036386131494729964031901696,0.0000218344190223831322421961921351859580619131036386131494729964031901696,0.000525280711371937502597492451630926419449966247776292927259434738775062276059977749996139826,1.596683720366247618816045997896759853353461647977480192E-20
3,32,1,1,3,5,reused,-0.04156754069659233941091969199987943284213542938232421875,-0.0415671440996864483676970973157151937250154222540274024755270035968098304,-0.0415657698677852314285909423597122405785822257137468937046389171699082951388447535652097459,0.0000013742319012169391061549560029531464331965402805087708880864269015352611552464347902541,0.0000017708288071079823287496401671922635532036685773250453610828300917048611552464347902541,1.1819508847327328401645546085808191299650916362293793946397399609375E-14,3.965969058910432225946841642391171200071282968162744729964031901696E-7,3.965969058910432225946841642391171200071282968162744729964031901696E-7,0.00000954111509176390241363001397471434925251383368190927163784441912107079756203438536418390294,1.596683720366247618816045997896759853353461647977480192E-20
3,32,1,1,3,5,reused_centered,-0.04156790813339872325826718224561773240566253662109375,-0.0415671440996864483676970973157151937250154222540274024755270035968098304,-0.0415657698677852314285909423597122405785822257137468937046389171699082951388447535652097459,0.0000013742319012169391061549560029531464331965402805087708880864269015352611552464347902541,0.0000021382656134918296762398859054918270803109073468562953610828300917048611552464347902541,2.2769979008283930125383433775266428205799074958191051274430846875E-14,7.640337122748905700849299025386806471143670663475244729964031901696E-7,7.640337122748905700849299025386806471143670663475244729964031901696E-7,0.0000183807121904401864451190979189374430101255762449096334750435866747190711052160924761509002,1.596683720366247618816045997896759853353461647977480192E-20
