map,field,family,p,order,method,derivative,relative_l2,error_l2,face_relative_max
coupled,sine,quad,2.0,1,recursive,y,0.006948574459416861,0.014784795994363702,0.012617957896228554
coupled,sine,quad,2.0,1,physical_k,y,0.009769450597107751,0.020786901672976303,0.017326988470755516
coupled,sine,quad,2.0,1,physical_k1,y,0.0069401183320531015,0.014766803509904374,0.01260517903785905
coupled,sine,quad,2.0,1,physical_k2,y,0.006950922594694968,0.014789792227944666,0.012640432396549054
coupled,sine,quad,2.0,1,oracle_k2,y,2.2318014056663262e-05,4.748704741588094e-05,5.6175686165016675e-05
coupled,sine,quad,2.0,2,recursive,xx,0.1338887350905256,0.3775440900618471,0.18601721785004244
coupled,sine,quad,2.0,2,physical_k,xx,0.1284527791410593,0.3622155932979489,0.183557282019237
coupled,sine,quad,2.0,2,physical_k1,xx,0.13317428135925602,0.3755294486980229,0.1846559385009398
coupled,sine,quad,2.0,2,physical_k2,xx,0.13393082843569312,0.37766278633370437,0.1865837793917429
coupled,sine,quad,2.0,2,oracle_k2,xy,0.0005844728053719598,0.0024721749741028086,0.001304005797332896
coupled,sine,quad,3.0,1,recursive,y,0.00036051866837294373,0.0007670918682939403,0.0008058509521518557
coupled,sine,quad,3.0,1,physical_k,y,0.000724573293413511,0.0015417073514359416,0.0015216698303019062
coupled,sine,quad,3.0,1,physical_k1,y,0.0003588296338882182,0.0007634980332663441,0.0008020260319027715
coupled,sine,quad,3.0,1,physical_k2,y,0.0003606543357922392,0.000767380533994953,0.000807181921268239
coupled,sine,quad,3.0,1,oracle_k2,y,1.2323249600877384e-06,2.622073526026322e-06,3.5005138831433123e-06
coupled,sine,quad,3.0,2,recursive,yy,0.010606879095231437,0.06729670091975631,0.019421752173714484
coupled,sine,quad,3.0,2,physical_k,xy,0.012537743258054434,0.05303154369100635,0.02239169898226529
coupled,sine,quad,3.0,2,physical_k1,yy,0.010545528185745976,0.06690745222843728,0.0193022405103121
coupled,sine,quad,3.0,2,physical_k2,yy,0.010614728861111984,0.06734650476328186,0.01947448092346166
coupled,sine,quad,3.0,2,oracle_k2,xy,3.9361155396155584e-05,0.00016648792283880507,0.00010131064313098475
coupled,sine,quad,3.0,3,recursive,xxx,0.19818626412975188,1.124506329044209,0.2762580137541413
coupled,sine,quad,3.0,3,physical_k,xxx,0.1416654621901421,0.8038080214050165,0.19136001743988645
coupled,sine,quad,3.0,3,physical_k1,xxx,0.1955947369679057,1.1098020370581705,0.27219893043819937
coupled,sine,quad,3.0,3,physical_k2,xxx,0.19830182408484393,1.1251620147520742,0.27826318980246595
coupled,sine,quad,3.0,3,oracle_k2,xyy,0.0008685782518989458,0.01108867926893714,0.0018274675135556788
coupled,sine,quad,4.0,1,recursive,y,1.4886397916251081e-05,3.167446180049508e-05,3.9737539139078185e-05
coupled,sine,quad,4.0,1,physical_k,y,2.231577124522547e-05,4.748227528459672e-05,5.616600614609178e-05
coupled,sine,quad,4.0,1,physical_k1,y,1.4835454784234185e-05,3.156606779556894e-05,3.9584171442561366e-05
coupled,sine,quad,4.0,1,physical_k2,y,1.4885976742012722e-05,3.167356564902854e-05,3.977726419915712e-05
coupled,sine,quad,4.0,1,oracle_k2,y,2.242313497805244e-08,4.771071795241457e-08,7.279161884012858e-08
coupled,sine,quad,4.0,2,recursive,yy,0.000641181190087719,0.004068056060345384,0.0014358675418676508
coupled,sine,quad,4.0,2,physical_k,xy,0.0005844464523719221,0.0024720635074501306,0.0013039464007423998
coupled,sine,quad,4.0,2,physical_k1,yy,0.000637821113252007,0.004046737623145324,0.0014273071717432184
coupled,sine,quad,4.0,2,physical_k2,yy,0.0006411593091029451,0.004067917233639155,0.0014380866836014392
coupled,sine,quad,4.0,2,oracle_k2,xy,9.782176708615176e-07,4.137618077183141e-06,2.946762548090497e-06
coupled,sine,quad,4.0,3,recursive,xxx,0.018081976137769983,0.10259690144437393,0.031992541995445545
coupled,sine,quad,4.0,3,physical_k,xyy,0.01046408192518642,0.13358940090728316,0.018648648306803812
coupled,sine,quad,4.0,3,physical_k1,xxx,0.017815956390900823,0.10108750880145463,0.03136848350996147
coupled,sine,quad,4.0,3,physical_k2,xxx,0.01805230578863464,0.10242855226268795,0.032016077660608946
coupled,sine,quad,4.0,3,oracle_k2,xyy,3.0430847194054203e-05,0.00038849453538489535,7.642904606145377e-05
coupled,sine,tri,2.0,1,recursive,x,0.016526039581057583,0.02344213432819855,0.0280919266883406
coupled,sine,tri,2.0,1,physical_k,x,0.011240455511675733,0.01594455021860595,0.01917874862878799
coupled,sine,tri,2.0,1,physical_k1,x,0.016490583730343008,0.02339184031727749,0.028007945162705543
coupled,sine,tri,2.0,1,physical_k2,x,0.01652205271896754,0.02343647897706591,0.0280791616969065
coupled,sine,tri,2.0,1,oracle_k2,x,2.67109948612977e-05,3.788946084191156e-05,6.622252558000118e-05
coupled,sine,tri,2.0,2,recursive,xx,0.2387029259083465,0.6731027737041092,0.3103172540085349
coupled,sine,tri,2.0,2,physical_k,xx,0.15667894512206856,0.4418087132421309,0.20204421265362796
coupled,sine,tri,2.0,2,physical_k1,xx,0.2378937635962653,0.6708210698055662,0.30854879833366816
coupled,sine,tri,2.0,2,physical_k2,xx,0.23868163133490097,0.673042726528749,0.3106486238507518
coupled,sine,tri,2.0,2,oracle_k2,xx,0.0009962599381067372,0.002809288261206359,0.0019809029310391916
coupled,sine,tri,3.0,1,recursive,x,0.0013991834924195492,0.0019847373121805686,0.002910106709926373
coupled,sine,tri,3.0,1,physical_k,x,0.0008762563128820985,0.0012429667792917226,0.0018121302230020724
coupled,sine,tri,3.0,1,physical_k1,x,0.0013968197848677315,0.0019813844005727686,0.002903284792620157
coupled,sine,tri,3.0,1,physical_k2,x,0.0013989262487819774,0.0019843724129028286,0.0029087737546172475
coupled,sine,tri,3.0,1,oracle_k2,x,1.519197951127749e-06,2.1549774382896995e-06,4.333983183908065e-06
coupled,sine,tri,3.0,2,recursive,xx,0.03641637427029907,0.10268815280042437,0.060739539382365135
coupled,sine,tri,3.0,2,physical_k,xx,0.019253305087813612,0.05429113618219509,0.030936992182507252
coupled,sine,tri,3.0,2,physical_k1,xx,0.03629300761709188,0.1023402792411022,0.06043086360640616
coupled,sine,tri,3.0,2,physical_k2,xx,0.036420983259769175,0.10270114938848249,0.0607914805073624
coupled,sine,tri,3.0,2,oracle_k2,xx,7.863751262512502e-05,0.0002217447803110966,0.00018242586069927309
coupled,sine,tri,3.0,3,recursive,xxx,0.4283398267844223,2.4303947012464815,0.5609079001203786
coupled,sine,tri,3.0,3,physical_k,xxx,0.190667339076605,1.0818440444151565,0.23100799775577271
coupled,sine,tri,3.0,3,physical_k1,xxx,0.42190719713107594,2.393896042828612,0.5466298318667656
coupled,sine,tri,3.0,3,physical_k2,xxx,0.43046428980103557,2.442448877243451,0.5670412044216716
coupled,sine,tri,3.0,3,oracle_k2,xxx,0.0019181722774482106,0.010883684980183517,0.0035426828360037277
coupled,sine,tri,4.0,1,recursive,x,0.00010777770803733035,0.00015288233439138645,0.00026714588830081544
coupled,sine,tri,4.0,1,physical_k,x,2.7098652139276642e-05,3.843935145176586e-05,6.687691231807922e-05
coupled,sine,tri,4.0,1,physical_k1,x,0.00010732500852680484,0.0001522401815825421,0.00026582755647523693
coupled,sine,tri,4.0,1,physical_k2,x,0.00010742610924529796,0.0001523835926286048,0.00026581134575353135
coupled,sine,tri,4.0,1,oracle_k2,x,2.721602995807171e-08,3.860585151258496e-08,8.840566687258829e-08
coupled,sine,tri,4.0,2,recursive,xx,0.004500770890826705,0.01269142956205463,0.00915837089852983
coupled,sine,tri,4.0,2,physical_k,xx,0.0010098222031569965,0.002847531605682726,0.001999623719674481
coupled,sine,tri,4.0,2,physical_k1,xx,0.004472221575188146,0.012610925213519555,0.009089878969004964
coupled,sine,tri,4.0,2,physical_k2,xx,0.00446869452527412,0.012600979516075379,0.009073104356250045
coupled,sine,tri,4.0,2,oracle_k2,xx,2.0606339197839465e-06,5.8106468603903535e-06,5.52949770115689e-06
coupled,sine,tri,4.0,3,recursive,xxx,0.0845850654847685,0.47993458021878393,0.13804578704912282
coupled,sine,tri,4.0,3,physical_k,xxx,0.017810850088444075,0.10105853570659434,0.02759572802746341
coupled,sine,tri,4.0,3,physical_k1,xxx,0.08331009384047697,0.47270040740840646,0.1351185948095269
coupled,sine,tri,4.0,3,physical_k2,xxx,0.08353887048808506,0.47399848318223703,0.13592118336182324
coupled,sine,tri,4.0,3,oracle_k2,xxx,7.626008565835932e-05,0.00043269875111090196,0.0001660194828368557
separable,represented_quadratic,quad,2.0,1,recursive,x,0.0015306656639154956,0.003078018060192565,0.003865582546798736
separable,represented_quadratic,quad,2.0,1,physical_k,x,0.022792093098645348,0.04583265688978946,0.05199284648137461
separable,represented_quadratic,quad,2.0,1,physical_k1,x,0.004490673089409455,0.009030301781425564,0.013230896577266914
separable,represented_quadratic,quad,2.0,1,physical_k2,x,0.0009445485691250624,0.0018993942459380173,0.0033930967942991342
separable,represented_quadratic,quad,2.0,1,oracle_k2,x,0.0009445485691137186,0.001899394245915206,0.003393096794256598
separable,represented_quadratic,quad,2.0,2,recursive,xx,0.04905831951929859,0.9219572100455411,0.10022810463305605
separable,represented_quadratic,quad,2.0,2,physical_k,xx,0.36598001914339423,6.8778939166296515,0.5233385591486436
separable,represented_quadratic,quad,2.0,2,physical_k1,xx,0.12244290754284702,2.3010800723343117,0.22819320972293672
separable,represented_quadratic,quad,2.0,2,physical_k2,xx,0.03860362957041393,0.7254813243729151,0.08855232589961201
separable,represented_quadratic,quad,2.0,2,oracle_k2,xx,0.03860362957013884,0.7254813243677455,0.08855232589904243
separable,represented_quadratic,quad,3.0,1,recursive,x,0.00017257492861923895,0.0003470312031875473,0.0004955812715707681
separable,represented_quadratic,quad,3.0,1,physical_k,x,0.004490673089405848,0.009030301781418311,0.013230896577256793
separable,represented_quadratic,quad,3.0,1,physical_k1,x,0.0009445485691179571,0.0018993942459237295,0.0033930967942756283
separable,represented_quadratic,quad,3.0,1,physical_k2,x,0.00020448523052164603,0.0004111996809141298,0.0008646912809947789
separable,represented_quadratic,quad,3.0,1,oracle_k2,x,0.00020448523050774935,0.000411199680886185,0.0008646912809358025
separable,represented_quadratic,quad,3.0,2,recursive,xx,0.008305851682730526,0.15609258367380316,0.02149927577137489
separable,represented_quadratic,quad,3.0,2,physical_k,xx,0.1224429075428072,2.30108007233356,0.22819320972286739
separable,represented_quadratic,quad,3.0,2,physical_k1,xx,0.03860362957027928,0.7254813243703837,0.08855232589936027
separable,represented_quadratic,quad,3.0,2,physical_k2,xx,0.011638459424961906,0.21872256705501414,0.03166709863702733
separable,represented_quadratic,quad,3.0,2,oracle_k2,xx,0.01163845942449236,0.21872256704618992,0.03166709863596469
separable,represented_quadratic,quad,3.0,3,recursive,xxx,0.08464317115629104,52.51607952553407,0.15368047330858847
separable,represented_quadratic,quad,3.0,3,physical_k,xxx,0.5841770031190303,362.4472657828462,0.727121251951018
separable,represented_quadratic,quad,3.0,3,physical_k1,xxx,0.2805951204825924,174.0926699748939,0.42694197067447004
separable,represented_quadratic,quad,3.0,3,physical_k2,xxx,0.11923886805453866,73.98066248869978,0.21537659225384798
separable,represented_quadratic,quad,3.0,3,oracle_k2,xxx,0.11923886805228437,73.98066248730113,0.21537659225061703
separable,represented_quadratic,quad,4.0,1,recursive,x,1.9649521461502404e-05,3.9513254499961686e-05,6.238327685213077e-05
separable,represented_quadratic,quad,4.0,1,physical_k,x,0.0009445485691158506,0.0018993942459194933,0.003393096794264457
separable,represented_quadratic,quad,4.0,1,physical_k1,x,0.00020448523050853917,0.00041119968088777314,0.0008646912809386469
separable,represented_quadratic,quad,4.0,1,physical_k2,x,4.491914309318088e-05,9.032797752548134e-05,0.00021830866881015525
separable,represented_quadratic,quad,4.0,1,oracle_k2,x,4.491914309789186e-05,9.032797753495467e-05,0.0002183086688327891
separable,represented_quadratic,quad,4.0,2,recursive,xx,0.0013007891050529012,0.024445841315058562,0.004075681769301875
separable,represented_quadratic,quad,4.0,2,physical_k,xx,0.03860362957015644,0.7254813243680789,0.08855232589906203
separable,represented_quadratic,quad,4.0,2,physical_k1,xx,0.01163845942443137,0.21872256704504486,0.03166709863580443
separable,represented_quadratic,quad,4.0,2,physical_k2,xx,0.003388610337334342,0.06368244495841893,0.010659181066249033
separable,represented_quadratic,quad,4.0,2,oracle_k2,xx,0.003388610337646163,0.063682444964279,0.010659181067104189
separable,represented_quadratic,quad,4.0,3,recursive,xxx,0.019771477435009673,12.267031907359073,0.043657872521740165
separable,represented_quadratic,quad,4.0,3,physical_k,xxx,0.28059512048194035,174.0926699744905,0.4269419706735363
separable,represented_quadratic,quad,4.0,3,physical_k1,xxx,0.11923886805174959,73.98066248696982,0.21537659224976885
separable,represented_quadratic,quad,4.0,3,physical_k2,xxx,0.04644041864645328,28.813531978060638,0.09719489495588998
separable,represented_quadratic,quad,4.0,3,oracle_k2,xxx,0.04644041864912488,28.81353197971821,0.09719489496057843
separable,represented_quadratic,tri,2.0,1,recursive,x,0.0012214406234055404,0.002456196925903458,0.0027105287361098612
separable,represented_quadratic,tri,2.0,1,physical_k,x,0.018889122668526707,0.0379841673368387,0.037965839452381966
separable,represented_quadratic,tri,2.0,1,physical_k1,x,0.0035271119219650424,0.007092675070764868,0.008899792186809079
separable,represented_quadratic,tri,2.0,1,physical_k2,x,0.0007176565891366428,0.0014431367962669543,0.002165681385574974
separable,represented_quadratic,tri,2.0,1,oracle_k2,x,0.0007176565891612854,0.0014431367963165082,0.0021656813856546857
separable,represented_quadratic,tri,2.0,2,recursive,xx,0.04035105626457115,0.758320864240807,0.07540168639409789
separable,represented_quadratic,tri,2.0,2,physical_k,xx,0.33662060140302386,6.326139858731012,0.4564199229718139
separable,represented_quadratic,tri,2.0,2,physical_k1,xx,0.10539290799600878,1.9806579672254494,0.18066546435565864
separable,represented_quadratic,tri,2.0,2,physical_k2,xx,0.03162689733205895,0.5943669965130493,0.0654284142993735
separable,represented_quadratic,tri,2.0,2,oracle_k2,xx,0.031626897333226614,0.5943669965349931,0.06542841430191938
separable,represented_quadratic,tri,3.0,1,recursive,x,0.0001356344524734605,0.0002727475399361313,0.0003391683796234541
separable,represented_quadratic,tri,3.0,1,physical_k,x,0.0035271119219479406,0.007092675070730548,0.008899792186781733
separable,represented_quadratic,tri,3.0,1,physical_k1,x,0.0007176565891238765,0.001443136796241297,0.002165681385545049
separable,represented_quadratic,tri,3.0,1,physical_k2,x,0.00015182632277423326,0.0003053077981224856,0.0005319661334134795
separable,represented_quadratic,tri,3.0,1,oracle_k2,x,0.00015182632284714686,0.00030530779826910766,0.0005319661336499143
separable,represented_quadratic,tri,3.0,2,recursive,xx,0.006546252454377632,0.12302428432587516,0.015148913102357811
separable,represented_quadratic,tri,3.0,2,physical_k,xx,0.10539290799566302,1.980657967218887,0.1806654643554395
separable,represented_quadratic,tri,3.0,2,physical_k1,xx,0.03162689733166094,0.5943669965055501,0.06542841429886467
separable,represented_quadratic,tri,3.0,2,physical_k2,xx,0.0091810825561869,0.17254087261122197,0.02222111673282597
separable,represented_quadratic,tri,3.0,2,oracle_k2,xx,0.009181082559275144,0.1725408726692596,0.02222111673900016
separable,represented_quadratic,tri,3.0,3,recursive,xxx,0.07224350565567014,44.82282074724563,0.12398574118975701
separable,represented_quadratic,tri,3.0,3,physical_k,xxx,0.5523798069551555,342.7189869433726,0.6732734294457137
separable,represented_quadratic,tri,3.0,3,physical_k1,xxx,0.25184428742907,156.2544791978132,0.3683509184371643
separable,represented_quadratic,tri,3.0,3,physical_k2,xxx,0.10241173282782613,63.5404207104141,0.17532409009409744
separable,represented_quadratic,tri,3.0,3,oracle_k2,xxx,0.10241173283418514,63.54042071435949,0.17532409010278338
separable,represented_quadratic,tri,4.0,1,recursive,x,1.5296815251850237e-05,3.076039054027164e-05,4.2046560867637744e-05
separable,represented_quadratic,tri,4.0,1,physical_k,x,0.0007176565891382507,0.001443136796270172,0.0021656813855810875
separable,represented_quadratic,tri,4.0,1,physical_k1,x,0.00015182632280810146,0.0003053077981905848,0.0005319661335092167
separable,represented_quadratic,tri,4.0,1,physical_k2,x,3.278552591093014e-05,6.592846710143947e-05,0.00013067845626792325
separable,represented_quadratic,tri,4.0,1,oracle_k2,x,3.27855259413615e-05,6.592846716263396e-05,0.00013067845638153932
separable,represented_quadratic,tri,4.0,2,recursive,xx,0.0009967331749489846,0.018731692119505684,0.0027487581897751127
separable,represented_quadratic,tri,4.0,2,physical_k,xx,0.0316268973323666,0.5943669965188312,0.06542841430035222
separable,represented_quadratic,tri,4.0,2,physical_k1,xx,0.00918108255746952,0.17254087263533205,0.022221116735278046
separable,represented_quadratic,tri,4.0,2,physical_k2,xx,0.0025945253239254306,0.04875913713468941,0.007186352221048384
separable,represented_quadratic,tri,4.0,2,oracle_k2,xx,0.002594525324795607,0.04875913715104271,0.007186352222416106
separable,represented_quadratic,tri,4.0,3,recursive,xxx,0.016148947427627628,10.019466376053948,0.03326340347251384
separable,represented_quadratic,tri,4.0,3,physical_k,xxx,0.251844287426253,156.2544791960662,0.3683509184339252
separable,represented_quadratic,tri,4.0,3,physical_k1,xxx,0.10241173282270687,63.54042070723822,0.17532409008566602
separable,represented_quadratic,tri,4.0,3,physical_k2,xxx,0.03844812822282013,23.85478865896274,0.07545404856482633
separable,represented_quadratic,tri,4.0,3,oracle_k2,xxx,0.03844812822278077,23.854788658938322,0.07545404855994797
