family,n,p,amplitude,basis,map,extra,field,derivative,method,error_l2,relative_l2,sampled_linf,truth_l2,face_rms,face_relative_l2,jump_rms,jump_mean_abs,input_error_l2,operator_error_l2,operator_relative_l2,inverse_residual,representation_residual,first_derivative_residual,geometry_residual,min_jacobian,elements
quad,4.0,3.0,1.2,gll,coupled,0.0,sine,y,recursive,0.005937241337789448,0.0027903911244284347,0.0419693935524168,2.12774520597201,0.01347751701390956,0.006249679935012851,0.019963599658872757,0.012977568069775246,8.883101017863677e-05,0.00011869167849913399,5.5770090842288976e-05,2.220446049250313e-16,8.881784197001252e-15,1.7745319013057181e-13,3.552713678800501e-15,0.043774505904688676,16.0
quad,4.0,3.0,1.2,gll,coupled,0.0,sine,y,direct,0.005941081475049661,0.002792195916303625,0.04231630075252779,2.12774520597201,0.013478267779231523,0.006250028073543392,0.01998622798003493,0.012919979100890922,8.883101017863677e-05,0.0,0.0,2.220446049250313e-16,8.881784197001252e-15,1.7745319013057181e-13,3.552713678800501e-15,0.043774505904688676,16.0
quad,4.0,3.0,1.2,gll,coupled,0.0,sine,yy,recursive,0.26262962396512357,0.04139401531058339,1.3152776542601856,6.344627888707764,0.47605076809086105,0.07608775920941924,0.39475066099327144,0.22115943411755576,8.883101017863677e-05,0.005885231983109162,0.0009136489988588206,2.220446049250313e-16,8.881784197001252e-15,1.7745319013057181e-13,3.552713678800501e-15,0.043774505904688676,16.0
quad,4.0,3.0,1.2,gll,coupled,0.0,sine,yy,direct,0.2628155419451014,0.041423318523197125,1.3342032657051286,6.344627888707764,0.4760615717244583,0.07608948596699812,0.37406189685524266,0.21030066936097375,8.883101017863677e-05,0.0,0.0,2.220446049250313e-16,8.881784197001252e-15,1.7745319013057181e-13,3.552713678800501e-15,0.043774505904688676,16.0
quad,4.0,3.0,1.2,gll,coupled,0.0,sine,xxx,recursive,2.2366794705405066,0.3941988914361231,8.404491405084777,5.673987215925349,3.184510974280605,0.5537604121993381,5.469793739123959,3.4927349377876094,8.883101017863677e-05,0.1293352433797398,0.020919359411397543,2.220446049250313e-16,8.881784197001252e-15,1.7745319013057181e-13,3.552713678800501e-15,0.043774505904688676,16.0
quad,4.0,3.0,1.2,gll,coupled,0.0,sine,xxx,direct,2.248096392304962,0.3962110429144365,8.72005929953627,5.673987215925349,3.2116145161246723,0.5584734964451926,5.617458198731859,3.611499411478747,8.883101017863677e-05,0.0,0.0,2.220446049250313e-16,8.881784197001252e-15,1.7745319013057181e-13,3.552713678800501e-15,0.043774505904688676,16.0
quad,8.0,3.0,1.2,gll,coupled,0.0,sine,y,recursive,0.0007670918682940102,0.00036051866837297594,0.006392119864135681,2.1277452059720035,0.0017360828997509592,0.0008058509521518538,0.0029483656026496902,0.001834585423193176,5.79190966534839e-06,7.428447275441129e-06,3.491178634574811e-06,2.220446049250313e-16,9.769962616701378e-15,3.4651162884221344e-13,7.993605777301127e-15,0.0109405640408238,64.0
quad,8.0,3.0,1.2,gll,coupled,0.0,sine,y,direct,0.0007672058741368065,0.0003605722489626426,0.006420373134761848,2.1277452059720035,0.0017360586988227206,0.0008058397186208587,0.0029493322412251044,0.001833319785617104,5.79190966534839e-06,0.0,0.0,2.220446049250313e-16,9.769962616701378e-15,3.4651162884221344e-13,7.993605777301127e-15,0.0109405640408238,64.0
quad,8.0,3.0,1.2,gll,coupled,0.0,sine,yy,recursive,0.06729670091975679,0.010606879095231444,0.39838164183085745,6.344627888707763,0.1216445066212664,0.01942175217371447,0.05245923594445326,0.029249241522628134,5.79190966534839e-06,0.0007255458372319364,0.00011391881247761739,2.220446049250313e-16,9.769962616701378e-15,3.4651162884221344e-13,7.993605777301127e-15,0.0109405640408238,64.0
quad,8.0,3.0,1.2,gll,coupled,0.0,sine,yy,direct,0.06730690834489,0.01060848792482906,0.39398040290746117,6.344627888707763,0.12163992376403895,0.01942102047509699,0.04965978351734708,0.027825301252516386,5.79190966534839e-06,0.0,0.0,2.220446049250313e-16,9.769962616701378e-15,3.4651162884221344e-13,7.993605777301127e-15,0.0109405640408238,64.0
quad,8.0,3.0,1.2,gll,coupled,0.0,sine,xxx,recursive,1.1245063290441977,0.19818626412974857,3.946106373770643,5.673987215925347,1.587081952949375,0.2762580137541408,2.7448752127033087,1.7088039630082499,5.79190966534839e-06,0.0307995587959812,0.005306671469820251,2.220446049250313e-16,9.769962616701378e-15,3.4651162884221344e-13,7.993605777301127e-15,0.0109405640408238,64.0
quad,8.0,3.0,1.2,gll,coupled,0.0,sine,xxx,direct,1.125788430467452,0.1984122254113771,3.996125069947613,5.673987215925347,1.5899504634774424,0.2767573257269372,2.761866104351393,1.7218780840749661,5.79190966534839e-06,0.0,0.0,2.220446049250313e-16,9.769962616701378e-15,3.4651162884221344e-13,7.993605777301127e-15,0.0109405640408238,64.0
quad,16.0,3.0,1.2,gll,coupled,0.0,sine,y,recursive,9.657861881995258e-05,4.539012403782281e-05,0.0008810166711226142,2.1277452059720146,0.000218449097054332,0.0001014224925560353,0.0003938506826401921,0.00023954345228485133,3.653504625242356e-07,4.645383485753207e-07,2.1832403634002567e-07,2.220446049250313e-16,1.0658141036401503e-14,7.387917068124481e-13,1.7763568394002505e-14,0.002734758055237303,256.0
quad,16.0,3.0,1.2,gll,coupled,0.0,sine,y,direct,9.658214601658956e-05,4.539178175352442e-05,0.0008795654766977634,2.1277452059720146,0.00021844797740491677,0.0001014219727203573,0.00039388653505049255,0.00023950794640493171,3.653504625242356e-07,0.0,0.0,2.220446049250313e-16,1.0658141036401503e-14,7.387917068124481e-13,1.7763568394002505e-14,0.002734758055237303,256.0
quad,16.0,3.0,1.2,gll,coupled,0.0,sine,yy,recursive,0.0169164379040957,0.002666261631230395,0.1072477082826957,6.34462788870772,0.030559504801922505,0.0048779353951745996,0.006654582686690695,0.0037071329713531027,3.653504625242356e-07,9.040851084422752e-05,1.4235947178344361e-05,2.220446049250313e-16,1.0658141036401503e-14,7.387917068124481e-13,1.7763568394002505e-14,0.002734758055237303,256.0
quad,16.0,3.0,1.2,gll,coupled,0.0,sine,yy,direct,0.01691705623911454,0.0026663590892735908,0.1067058802188452,6.34462788870772,0.03055913398027581,0.00487787620429283,0.006299249723727232,0.0035274551428965094,3.653504625242356e-07,0.0,0.0,2.220446049250313e-16,1.0658141036401503e-14,7.387917068124481e-13,1.7763568394002505e-14,0.002734758055237303,256.0
quad,16.0,3.0,1.2,gll,coupled,0.0,sine,xxx,recursive,0.5630672178920004,0.09923660319706343,1.9179611766682911,5.673987215925409,0.7929674567247924,0.1380608864856844,1.371734583312438,0.8444080518149247,3.653504625242356e-07,0.007599498313456044,0.0013316850278018075,2.220446049250313e-16,1.0658141036401503e-14,7.387917068124481e-13,1.7763568394002505e-14,0.002734758055237303,256.0
quad,16.0,3.0,1.2,gll,coupled,0.0,sine,xxx,direct,0.5632227569339185,0.09926401584992975,1.8990645427262205,5.673987215925409,0.7933071611237649,0.138120031271599,1.3737708190555977,0.8453013895885487,3.653504625242356e-07,0.0,0.0,2.220446049250313e-16,1.0658141036401503e-14,7.387917068124481e-13,1.7763568394002505e-14,0.002734758055237303,256.0
tri,4.0,3.0,1.2,gll,coupled,0.0,sine,x,recursive,0.015197745589659641,0.010713979437248979,0.2474188428124232,1.418496803981356,0.03183075154471322,0.02227450575964833,0.043237034422472495,0.02747287014742879,0.0003412167220914988,0.0006200857387629527,0.0004368794174223264,4.440892098500626e-16,1.4210854715202004e-14,2.4343288254288337e-12,3.3306690738754696e-14,0.04375009590232305,32.0
tri,4.0,3.0,1.2,gll,coupled,0.0,sine,x,direct,0.01523236024104738,0.010738381784360783,0.24660023876496873,1.418496803981356,0.0319309822140707,0.022344645122168896,0.04330111036481923,0.02751160423983045,0.0003412167220914988,0.0,0.0,4.440892098500626e-16,1.4210854715202004e-14,2.4343288254288337e-12,3.3306690738754696e-14,0.04375009590232305,32.0
tri,4.0,3.0,1.2,gll,coupled,0.0,sine,xx,recursive,0.3979275130529798,0.1411173232023171,3.8798269599586153,2.8198346172034388,0.6603760907088274,0.23597523065165868,0.9003895658478984,0.6192301841306632,0.0003412167220914988,0.03353380509520757,0.01153407903453821,4.440892098500626e-16,1.4210854715202004e-14,2.4343288254288337e-12,3.3306690738754696e-14,0.04375009590232305,32.0
tri,4.0,3.0,1.2,gll,coupled,0.0,sine,xx,direct,0.4007277524358445,0.14211037413012007,4.195216790227894,2.8198346172034388,0.6688009556434296,0.2389857264496181,0.8971856672784021,0.612266583028215,0.0003412167220914988,0.0,0.0,4.440892098500626e-16,1.4210854715202004e-14,2.4343288254288337e-12,3.3306690738754696e-14,0.04375009590232305,32.0
tri,4.0,3.0,1.2,gll,coupled,0.0,sine,xxx,recursive,4.91877988987,0.8669000656300827,48.67098259045633,5.673987215925424,6.630174610523328,1.1599149830166737,8.78173197663777,6.859475036195923,0.0003412167220914988,1.0205936429379872,0.1303005203200976,4.440892098500626e-16,1.4210854715202004e-14,2.4343288254288337e-12,3.3306690738754696e-14,0.04375009590232305,32.0
tri,4.0,3.0,1.2,gll,coupled,0.0,sine,xxx,direct,5.175939515426756,0.9122226255461457,61.65511008573401,5.673987215925424,7.269851548856082,1.2718231767895418,9.239472497141637,7.086853067215272,0.0003412167220914988,0.0,0.0,4.440892098500626e-16,1.4210854715202004e-14,2.4343288254288337e-12,3.3306690738754696e-14,0.04375009590232305,32.0
tri,8.0,3.0,1.2,gll,coupled,0.0,sine,x,recursive,0.0019847373121805595,0.001399183492419526,0.03344159357669592,1.4184968039813488,0.00415662356494418,0.0029101067099263946,0.005729814080586995,0.003646447106311517,2.2337807372254406e-05,4.122511293213801e-05,2.906144432539768e-05,4.440892098500626e-16,1.4210854715202004e-14,4.796533933885176e-12,7.016609515630989e-14,0.010937510001695907,128.0
tri,8.0,3.0,1.2,gll,coupled,0.0,sine,x,direct,0.0019859075012649626,0.0014000084425224227,0.03346570527485361,1.4184968039813488,0.00416030567168091,0.0029126846011772634,0.005732082048426856,0.003648258567624507,2.2337807372254406e-05,0.0,0.0,4.440892098500626e-16,1.4210854715202004e-14,4.796533933885176e-12,7.016609515630989e-14,0.010937510001695907,128.0
tri,8.0,3.0,1.2,gll,coupled,0.0,sine,xx,recursive,0.1026881528004236,0.03641637427029803,1.081471992586338,2.819834617203455,0.17006390425095277,0.06073953938236478,0.22187602339241488,0.15142532949880672,2.2337807372254406e-05,0.0043074257660857445,0.0015178525920091718,4.440892098500626e-16,1.4210854715202004e-14,4.796533933885176e-12,7.016609515630989e-14,0.010937510001695907,128.0
tri,8.0,3.0,1.2,gll,coupled,0.0,sine,xx,direct,0.10289608536083619,0.036490113545340624,1.071569259071551,2.819834617203455,0.17071420418718622,0.06097179865432007,0.22156074092232977,0.15057298749434278,2.2337807372254406e-05,0.0,0.0,4.440892098500626e-16,1.4210854715202004e-14,4.796533933885176e-12,7.016609515630989e-14,0.010937510001695907,128.0
tri,8.0,3.0,1.2,gll,coupled,0.0,sine,xxx,recursive,2.4303947012465126,0.4283398267844228,21.504641945232443,5.673987215925394,3.2046701070459207,0.5609079001203776,4.673704435954524,3.5684999011682024,2.2337807372254406e-05,0.24430115374407296,0.03912256731383699,4.440892098500626e-16,1.4210854715202004e-14,4.796533933885176e-12,7.016609515630989e-14,0.010937510001695907,128.0
tri,8.0,3.0,1.2,gll,coupled,0.0,sine,xxx,direct,2.466347921005927,0.43467632674312967,26.825110045819294,5.673987215925394,3.296791901422817,0.5770318194360221,4.746121901805435,3.598156080482889,2.2337807372254406e-05,0.0,0.0,4.440892098500626e-16,1.4210854715202004e-14,4.796533933885176e-12,7.016609515630989e-14,0.010937510001695907,128.0
tri,16.0,3.0,1.2,gll,coupled,0.0,sine,x,recursive,0.0002508524430476494,0.0001768438549481289,0.004372717895335609,1.4184968039812769,0.0005253356541996621,0.0003678338464008041,0.0007303540504480781,0.0004652886300160219,1.4125840880076772e-06,2.618010919151852e-06,1.8456190968180479e-06,4.440892098500626e-16,1.5987211554602254e-14,9.755322565479653e-12,1.4210854715202004e-13,0.0027343761260829997,512.0
tri,16.0,3.0,1.2,gll,coupled,0.0,sine,x,direct,0.00025088972122148674,0.00017687013500299596,0.004371565303963876,1.4184968039812769,0.0005254554482087294,0.0003679177247570108,0.0007304290873372711,0.00046533780015156655,1.4125840880076772e-06,0.0,0.0,4.440892098500626e-16,1.5987211554602254e-14,9.755322565479653e-12,1.4210854715202004e-13,0.0027343761260829997,512.0
tri,16.0,3.0,1.2,gll,coupled,0.0,sine,xx,recursive,0.02586891875704203,0.00917391346259059,0.2781573972081586,2.819834617203485,0.04280996284546326,0.015288177225760138,0.05504408035827707,0.03700299460496147,1.4125840880076772e-06,0.0005419293028166847,0.00019189663379879778,4.440892098500626e-16,1.5987211554602254e-14,9.755322565479653e-12,1.4210854715202004e-13,0.0027343761260829997,512.0
tri,16.0,3.0,1.2,gll,coupled,0.0,sine,xx,direct,0.02588243384044989,0.009178706326443457,0.2774002029569549,2.819834617203485,0.04285249263427772,0.015303365347999738,0.05502318720246666,0.03693569472280975,1.4125840880076772e-06,0.0,0.0,4.440892098500626e-16,1.5987211554602254e-14,9.755322565479653e-12,1.4210854715202004e-13,0.0027343761260829997,512.0
tri,16.0,3.0,1.2,gll,coupled,0.0,sine,xxx,recursive,1.2105815054146027,0.2133564034153759,10.275622853375735,5.6739872159251075,1.5851562745589438,0.27747694495707076,2.390595410828767,1.811048586076317,1.4125840880076772e-06,0.059930269522845456,0.010299554606706778,4.440892098500626e-16,1.5987211554602254e-14,9.755322565479653e-12,1.4210854715202004e-13,0.0027343761260829997,512.0
tri,16.0,3.0,1.2,gll,coupled,0.0,sine,xxx,direct,1.2151508401107556,0.214161716244303,11.321305781411107,5.6739872159251075,1.596898209369763,0.27953233612037903,2.4005185144258974,1.8151871885438866,1.4125840880076772e-06,0.0,0.0,4.440892098500626e-16,1.5987211554602254e-14,9.755322565479653e-12,1.4210854715202004e-13,0.0027343761260829997,512.0
quad,4.0,3.0,0.7,gll,separable,0.0,represented_quadratic,x,recursive,0.0034244308820024915,0.0017029330780486528,0.0513896305131496,2.01090161800513,0.012750929615229839,0.0045762601921742535,0.007693762664506045,0.0033214099626672753,1.1814431308654007e-15,0.003424430882002333,0.0017029330780485702,3.552713678800501e-15,6.661338147750939e-15,1.5393373892506164e-13,3.1086244689504383e-15,0.009603728144827356,16.0
quad,4.0,3.0,0.7,gll,separable,0.0,represented_quadratic,x,direct,6.09886264756514e-14,3.0328995675160786e-14,1.5560885913146194e-12,2.01090161800513,1.6464714312733763e-13,5.909123409707336e-14,1.5160146227952104e-13,7.819444447452018e-14,1.1814431308654007e-15,0.0,0.0,3.552713678800501e-15,6.661338147750939e-15,1.5393373892506164e-13,3.1086244689504383e-15,0.009603728144827356,16.0
quad,4.0,3.0,0.7,gll,separable,0.0,represented_quadratic,xx,recursive,0.7946203523353071,0.04228259046802989,16.983815049489976,18.79308584312317,3.736570661666209,0.09368088665050028,0.7928899294438115,0.34435747780812487,1.1814431308654007e-15,0.7946203523364399,0.04228259046808803,3.552713678800501e-15,6.661338147750939e-15,1.5393373892506164e-13,3.1086244689504383e-15,0.009603728144827356,16.0
quad,4.0,3.0,0.7,gll,separable,0.0,represented_quadratic,xy,direct,1.7918862569511648e-12,1.5390965190891412e-12,9.273204426563098e-11,1.1642455393321454,5.546962203009839e-12,3.758662434112396e-12,5.059980685157112e-12,2.6267195957212905e-12,1.1814431308654007e-15,0.0,0.0,3.552713678800501e-15,6.661338147750939e-15,1.5393373892506164e-13,3.1086244689504383e-15,0.009603728144827356,16.0
quad,4.0,3.0,0.7,gll,separable,0.0,represented_quadratic,xxx,recursive,154.08934770406424,0.24835462107819425,3085.780403972538,620.4408318842972,671.5319456220976,0.37535854998093326,10.797733064111663,4.584172607550592,1.1814431308654007e-15,154.0893477041644,0.24835462107830886,3.552713678800501e-15,6.661338147750939e-15,1.5393373892506164e-13,3.1086244689504383e-15,0.009603728144827356,16.0
quad,4.0,3.0,0.7,gll,separable,0.0,represented_quadratic,xyy,direct,7.209032273446355e-11,3.426885895645655e-11,4.376659035187913e-09,2.1036686055425577,2.238492066981975e-10,7.250850103903766e-11,1.3511575429977187e-10,6.782894144750125e-11,1.1814431308654007e-15,0.0,0.0,3.552713678800501e-15,6.661338147750939e-15,1.5393373892506164e-13,3.1086244689504383e-15,0.009603728144827356,16.0
quad,8.0,3.0,0.7,gll,separable,0.0,represented_quadratic,x,recursive,0.0003470312031878399,0.000172574928619384,0.0067221963043415656,2.0109016180051347,0.001277651644753232,0.0004955812715708761,0.0007876086270489895,0.00024560179144342785,1.2116294450552956e-15,0.00034703120318698463,0.00017257492861895858,4.440892098500626e-16,6.661338147750939e-15,3.786970736996409e-13,7.105427357601002e-15,0.002395776226983,64.0
quad,8.0,3.0,0.7,gll,separable,0.0,represented_quadratic,x,direct,1.2410232276527785e-13,6.171476598064032e-14,2.3878676813637867e-12,2.0109016180051347,3.0569533499800295e-13,1.1857448268761525e-13,3.4559428867379493e-13,1.7778983811344495e-13,1.2116294450552956e-15,0.0,0.0,4.440892098500626e-16,6.661338147750939e-15,3.786970736996409e-13,7.105427357601002e-15,0.002395776226983,64.0
quad,8.0,3.0,0.7,gll,separable,0.0,represented_quadratic,xx,recursive,0.15609258367378506,0.008305851682729534,4.18106564030947,18.79308584312316,0.6729485351693906,0.021499275771375462,0.35749655808534975,0.11163883997095035,1.2116294450552956e-15,0.15609258367534376,0.00830585168281271,4.440892098500626e-16,6.661338147750939e-15,3.786970736996409e-13,7.105427357601002e-15,0.002395776226983,64.0
quad,8.0,3.0,0.7,gll,separable,0.0,represented_quadratic,xy,direct,8.217199941150291e-12,7.057961283548478e-12,3.445794760637e-10,1.1642455393321443,2.488829735516831e-11,1.773939252451325e-11,3.4941270900014015e-11,1.5081029065742687e-11,1.2116294450552956e-15,0.0,0.0,4.440892098500626e-16,6.661338147750939e-15,3.786970736996409e-13,7.105427357601002e-15,0.002395776226983,64.0
quad,8.0,3.0,0.7,gll,separable,0.0,represented_quadratic,xxx,recursive,52.51607952553264,0.08464317115628878,1310.8506593512675,620.4408318842958,202.28096978594425,0.15368047330858922,14.035531545730125,4.108639043930046,1.2116294450552956e-15,52.51607952572907,0.0846431711565668,4.440892098500626e-16,6.661338147750939e-15,3.786970736996409e-13,7.105427357601002e-15,0.002395776226983,64.0
quad,8.0,3.0,0.7,gll,separable,0.0,represented_quadratic,xyy,direct,6.414615734981006e-10,3.0492520153033363e-10,2.719841063480999e-08,2.1036686055425586,1.78858289625349e-09,6.439951561284538e-10,2.236145029794539e-09,8.596626175611016e-10,1.2116294450552956e-15,0.0,0.0,4.440892098500626e-16,6.661338147750939e-15,3.786970736996409e-13,7.105427357601002e-15,0.002395776226983,64.0
quad,16.0,3.0,0.7,gll,separable,0.0,represented_quadratic,x,recursive,2.6751937082691014e-05,1.330345395476364e-05,0.000658588819273831,2.0109016180051347,9.897808107653233e-05,3.93721447967354e-05,5.132084973360855e-05,1.3149019320841599e-05,1.2057688308865214e-15,2.6751937082143092e-05,1.3303453954491046e-05,4.440892098500626e-16,6.217248937900877e-15,8.196977431027528e-13,1.7763568394002505e-14,0.0005983000101778429,256.0
quad,16.0,3.0,0.7,gll,separable,0.0,represented_quadratic,x,direct,2.6849412508783125e-13,1.335192744805607e-13,9.380940468872723e-12,2.0109016180051347,7.027389352353204e-13,2.795400639359218e-13,8.70261619026178e-13,4.019045156776016e-13,1.2057688308865214e-15,0.0,0.0,4.440892098500626e-16,6.217248937900877e-15,8.196977431027528e-13,1.7763568394002505e-14,0.0005983000101778429,256.0
quad,16.0,3.0,0.7,gll,separable,0.0,represented_quadratic,xx,recursive,0.024048181699420548,0.0012796292157746,0.7805016888225396,18.793085843123254,0.09817931349795363,0.003581064713233489,0.09419220221403243,0.024127636117346463,1.2057688308865214e-15,0.024048181716010374,0.0012796292166574001,4.440892098500626e-16,6.217248937900877e-15,8.196977431027528e-13,1.7763568394002505e-14,0.0005983000101778429,256.0
quad,16.0,3.0,0.7,gll,separable,0.0,represented_quadratic,xy,direct,3.92030971355759e-11,3.367253368053647e-11,3.1984326298584165e-09,1.164245539332142,1.218116473430451e-10,8.816964532031361e-11,1.5778523630161892e-10,6.241064685558638e-11,1.2057688308865214e-15,0.0,0.0,4.440892098500626e-16,6.217248937900877e-15,8.196977431027528e-13,1.7763568394002505e-14,0.0005983000101778429,256.0
quad,16.0,3.0,0.7,gll,separable,0.0,represented_quadratic,xxx,recursive,14.654739418428626,0.02361988229227546,440.728240386582,620.4408318842998,50.50740909880443,0.048446250340360486,6.812655092314837,1.5492981565921038,1.2057688308865214e-15,14.65473942164626,0.02361988229726117,4.440892098500626e-16,6.217248937900877e-15,8.196977431027528e-13,1.7763568394002505e-14,0.0005983000101778429,256.0
quad,16.0,3.0,0.7,gll,separable,0.0,represented_quadratic,xyy,direct,6.523985545813495e-09,3.101242053346552e-09,4.51355976593959e-07,2.1036686055425626,1.836936738056689e-08,6.851294960033511e-09,2.106666405383451e-08,7.967333465840471e-09,1.2057688308865214e-15,0.0,0.0,4.440892098500626e-16,6.217248937900877e-15,8.196977431027528e-13,1.7763568394002505e-14,0.0005983000101778429,256.0
tri,4.0,3.0,0.7,gll,separable,0.0,represented_quadratic,x,recursive,0.002738204252775042,0.001361679869496244,0.12895089125778547,2.0109016180051524,0.008750973190448852,0.003264090712303,0.008194693868033426,0.0028892830085515495,7.259542277807769e-15,0.0027382042527809777,0.0013616798694991866,7.105427357601002e-15,7.993605777301127e-15,4.15739970116803e-12,3.4638958368304884e-14,0.009574590587897835,32.0
tri,4.0,3.0,0.7,gll,separable,0.0,represented_quadratic,x,direct,3.3399160147030096e-13,1.660904732881095e-13,5.215383680479135e-12,2.0109016180051524,7.435675824611127e-13,2.7734881447584746e-13,1.0265445315342191e-12,5.158840300478093e-13,7.259542277807769e-15,0.0,0.0,7.105427357601002e-15,7.993605777301127e-15,4.15739970116803e-12,3.4638958368304884e-14,0.009574590587897835,32.0
tri,4.0,3.0,0.7,gll,separable,0.0,represented_quadratic,xx,recursive,0.6463160187723314,0.03439115982162255,26.74984342726154,18.793085843123464,2.5250948858331097,0.07253950876908534,1.0498646433469314,0.3394865544240027,7.259542277807769e-15,0.6463160187733333,0.0343911598216803,7.105427357601002e-15,7.993605777301127e-15,4.15739970116803e-12,3.4638958368304884e-14,0.009574590587897835,32.0
tri,4.0,3.0,0.7,gll,separable,0.0,represented_quadratic,xy,direct,9.851489302100689e-12,8.461693834577083e-12,1.8697488002317186e-10,1.1642455393321458,1.8140739620732295e-11,1.2547735314559167e-11,2.64080623818873e-11,1.1591640423150755e-11,7.259542277807769e-15,0.0,0.0,7.105427357601002e-15,7.993605777301127e-15,4.15739970116803e-12,3.4638958368304884e-14,0.009574590587897835,32.0
tri,4.0,3.0,0.7,gll,separable,0.0,represented_quadratic,xxx,recursive,135.41031278892328,0.21824855140121954,3839.4824394654042,620.440831884333,484.5106458470182,0.32688236653176067,90.6233255971384,19.36023916352311,7.259542277807769e-15,135.41031278921886,0.21824855140157812,7.105427357601002e-15,7.993605777301127e-15,4.15739970116803e-12,3.4638958368304884e-14,0.009574590587897835,32.0
tri,4.0,3.0,0.7,gll,separable,0.0,represented_quadratic,xyy,direct,1.5473486371030386e-10,7.355477155604332e-11,2.1049544329798664e-09,2.103668605542569,2.245137976213334e-10,7.522235867865442e-11,2.897978966973906e-10,1.3051393178581912e-10,7.259542277807769e-15,0.0,0.0,7.105427357601002e-15,7.993605777301127e-15,4.15739970116803e-12,3.4638958368304884e-14,0.009574590587897835,32.0
tri,8.0,3.0,0.7,gll,separable,0.0,represented_quadratic,x,recursive,0.0002727475399356687,0.00013563445247323275,0.018010653627630546,2.0109016180051675,0.0008677496157528996,0.00033916837962303227,0.0008654729054011842,0.00023659850090220998,7.211177220477596e-15,0.0002727475399419058,0.000135634452476332,1.7763568394002505e-15,8.881784197001252e-15,8.706471454678933e-12,7.016609515630989e-14,0.0023921363174947566,128.0
tri,8.0,3.0,0.7,gll,separable,0.0,represented_quadratic,x,direct,7.17837882975534e-13,3.569731490333354e-13,1.8335555296289385e-11,2.0109016180051675,1.6640177440016827e-12,6.5039752441416e-13,2.259116728167152e-12,1.0074504035355938e-12,7.211177220477596e-15,0.0,0.0,1.7763568394002505e-15,8.881784197001252e-15,8.706471454678933e-12,7.016609515630989e-14,0.0023921363174947566,128.0
tri,8.0,3.0,0.7,gll,separable,0.0,represented_quadratic,xx,recursive,0.12302428432587525,0.006546252454377519,6.921160181161554,18.7930858431236,0.4445205234023994,0.01514891310235597,0.2772274960020646,0.08059779706172723,7.211177220477596e-15,0.12302428433068782,0.006546252454637342,1.7763568394002505e-15,8.881784197001252e-15,8.706471454678933e-12,7.016609515630989e-14,0.0023921363174947566,128.0
tri,8.0,3.0,0.7,gll,separable,0.0,represented_quadratic,xy,direct,5.0956250772358976e-11,4.376761520734676e-11,1.8650450073209868e-09,1.1642455393321396,9.741367879234127e-11,6.972520666175504e-11,1.1321290298216472e-10,4.441933748530355e-11,7.211177220477596e-15,0.0,0.0,1.7763568394002505e-15,8.881784197001252e-15,8.706471454678933e-12,7.016609515630989e-14,0.0023921363174947566,128.0
tri,8.0,3.0,0.7,gll,separable,0.0,represented_quadratic,xxx,recursive,44.82282074724396,0.07224350565566928,1699.592543167093,620.4408318843329,144.14465129485183,0.12398574118975332,37.54758559587223,7.93029260498481,7.211177220477596e-15,44.822820749557295,0.07224350565911299,1.7763568394002505e-15,8.881784197001252e-15,8.706471454678933e-12,7.016609515630989e-14,0.0023921363174947566,128.0
tri,8.0,3.0,0.7,gll,separable,0.0,represented_quadratic,xyy,direct,1.6605962094990786e-09,7.89381086509486e-10,2.7519609702153502e-08,2.1036686055425564,2.289664439504754e-09,8.339427880077859e-10,3.084587400155882e-09,9.99296137862784e-10,7.211177220477596e-15,0.0,0.0,1.7763568394002505e-15,8.881784197001252e-15,8.706471454678933e-12,7.016609515630989e-14,0.0023921363174947566,128.0
tri,16.0,3.0,0.7,gll,separable,0.0,represented_quadratic,x,recursive,2.08731954110717e-05,1.0380018208836534e-05,0.0018373401473450457,2.010901618005092,6.682020233111222e-05,2.6499652029047794e-05,6.6999178980955e-05,1.5399068716207013e-05,7.170019232690995e-15,2.0873195417165192e-05,1.0380018211866648e-05,4.440892098500626e-16,9.769962616701378e-15,1.7530939239802916e-11,1.4033219031261979e-13,0.000597845164311967,512.0
tri,16.0,3.0,0.7,gll,separable,0.0,represented_quadratic,x,direct,1.322849471950767e-12,6.57838981333704e-13,4.976818956947682e-11,2.010901618005092,3.0140986917217957e-12,1.195335597998425e-12,4.530421953473102e-12,2.082100255285115e-12,7.170019232690995e-15,0.0,0.0,4.440892098500626e-16,9.769962616701378e-15,1.7530939239802916e-11,1.4033219031261979e-13,0.000597845164311967,512.0
tri,16.0,3.0,0.7,gll,separable,0.0,represented_quadratic,xx,recursive,0.018665210440740904,0.0009931956144163727,1.3194507075415345,18.793085843123727,0.06409813221250202,0.002372079973889875,0.05927483647959589,0.014935003580803402,7.170019232690995e-15,0.018665210450352944,0.0009931956149327335,4.440892098500626e-16,9.769962616701378e-15,1.7530939239802916e-11,1.4033219031261979e-13,0.000597845164311967,512.0
tri,16.0,3.0,0.7,gll,separable,0.0,represented_quadratic,xy,direct,1.8319938712468345e-10,1.5735459654822995e-10,6.137021557606204e-09,1.1642455393321285,3.420539231365202e-10,2.4731690965483394e-10,4.1378361502118846e-10,1.7738335750436521e-10,7.170019232690995e-15,0.0,0.0,4.440892098500626e-16,9.769962616701378e-15,1.7530939239802916e-11,1.4033219031261979e-13,0.000597845164311967,512.0
tri,16.0,3.0,0.7,gll,separable,0.0,represented_quadratic,xxx,recursive,12.312337017477159,0.019844498274048376,579.3974056863262,620.4408318843014,36.03279801545877,0.03639764225960664,11.648147916954226,2.414581533808232,7.170019232690995e-15,12.31233702915107,0.01984449829243393,4.440892098500626e-16,9.769962616701378e-15,1.7530939239802916e-11,1.4033219031261979e-13,0.000597845164311967,512.0
tri,16.0,3.0,0.7,gll,separable,0.0,represented_quadratic,xyy,direct,1.2958565605906034e-08,6.1599843111049016e-09,2.9671652512774926e-07,2.10366860554255,1.7797868541179914e-08,6.657749312080477e-09,2.789227566901963e-08,1.0563875091711468e-08,7.170019232690995e-15,0.0,0.0,4.440892098500626e-16,9.769962616701378e-15,1.7530939239802916e-11,1.4033219031261979e-13,0.000597845164311967,512.0
