n,p,curved,jump,method,cells,dofs,time_ms,time_q25_ms,time_q75_ms,slowdown,ratio_q25,ratio_q75,overhead_percent,direct_filter_share_percent,dg_ms,detector_ms,decay_ms,active_percent,filter_setup_ms,common_setup_ms,peak_mib,repetitions,trajectory_time,steps_per_trajectory,relative_iqr_percent,other_ms
16,2,False,False,dg,256,2304,2.7623655913978387,2.7347311827956817,2.789588888888901,1.0,1.0,1.0,0.0,0.0,2.76224731182793,0.0,0.0,,0.0,2.777999999999996,27.71875,5,0.005,3.0,1.9858959387580388,9.523809524612065e-05
16,2,False,False,ofdg,256,2304,3.9826666666666637,3.967439393939421,3.988238095238082,1.4362470363424193,1.4348362192528712,1.4563283922463024,43.62470363424193,31.04566869180409,2.739825396825397,0.0,1.2329999999999723,,1.661000000000357,2.777999999999996,27.71875,5,0.005,3.0,0.5222305314360821,9.523809523907162e-05
16,2,False,False,ofdg-kxrcf,256,2304,3.760724637681159,3.7595362318840335,3.7613043478260777,1.3616243843823534,1.3477026119721407,1.3751715932227815,36.16243843823534,27.123681613519896,2.740086956521745,0.6743333333333275,0.34876811594199364,0.0,3.39199999999984,2.777999999999996,27.71875,5,0.005,3.0,0.047015299241222545,1.5873015876501196e-05
16,2,True,False,dg,256,2304,3.3955600000000175,3.387786666666669,3.413533333333335,1.0,1.0,1.0,0.0,0.0,3.395480000000007,0.0,0.0,,0.0,5.504000000000002,44.484375,5,0.005,3.0,0.7582450808310136,6.666666666414281e-05
16,2,True,False,ofdg,256,2304,5.88208888888884,5.831599999999989,6.646384615384616,1.7447642702145367,1.708376462316657,1.9618663361480684,74.47642702145367,41.7837200692117,3.424288888888869,0.0,2.4577555555555177,,68.19199999999981,5.504000000000002,44.484375,5,0.005,3.0,13.851960260643795,4.444444445404914e-05
16,2,True,False,ofdg-kxrcf,256,2304,5.866977777777787,5.834066666666645,5.91073333333336,1.7160813551973508,1.710831850883959,1.727838052567988,71.60813551973509,41.68809254455647,3.4249555555555227,1.8439111111110802,0.5972888888888682,0.5208333333333333,73.9669999999999,5.504000000000002,44.484375,5,0.005,3.0,1.3067488845296584,4.444444445004001e-05
32,2,False,False,dg,1024,9216,10.881359999999951,10.871760000000013,10.895439999999983,1.0,1.0,1.0,0.0,0.0,10.881279999999975,0.0,0.0,,0.0,8.378999999999998,43.90625,5,0.005,5.0,0.2176198563412156,7.99999999756551e-05
32,2,False,False,ofdg,1024,9216,15.801899999999991,15.706299999999995,15.811350000000022,1.45306744745143,1.4415480237604006,1.4534813130532656,45.306744745143,31.202129081960766,10.87610000000001,0.0,4.920349999999996,,6.614000000000786,8.378999999999998,43.90625,5,0.005,5.0,0.6647934742026402,0.0001000000000139778
32,2,False,False,ofdg-kxrcf,1024,9216,14.753600000000011,14.746499999999996,14.783549999999979,1.3552074373056366,1.3541077735272768,1.3598120267555538,35.520743730563666,27.059158442685316,10.761600000000016,2.614699999999981,1.3808500000000223,0.0,13.19900000000018,8.378999999999998,43.90625,5,0.005,5.0,0.251125149116032,0.0
32,2,True,False,dg,1024,9216,13.138750000000066,13.070099999999977,13.21840000000005,1.0,1.0,1.0,0.0,0.0,13.138550000000123,0.0,0.0,,0.0,23.121,102.0,5,0.005,5.0,1.1287222909338626,0.00014999999997378222
32,2,True,False,ofdg,1024,9216,23.201133333333303,23.01626666666665,23.482333333333294,1.757038329214513,1.755214952893937,1.761302953199032,75.70383292145131,42.801822646812944,13.347466666666758,0.0,9.972266666666721,,268.2569999999993,23.121,102.0,5,0.005,5.0,2.0088099144581113,0.00020000000003165633
32,2,True,False,ofdg-kxrcf,1024,9216,23.578066666666654,23.4678666666665,25.29853333333332,1.783730759143812,1.7705317798906994,1.935603655162039,78.3730759143812,42.869966876693255,13.480600000000045,7.512333333333446,2.5483333333330194,0.390625,292.83799999999974,23.121,102.0,5,0.005,5.0,7.764278100268992,6.666666667320964e-05
64,2,False,False,dg,4096,36864,43.32088888888879,42.96911111111109,43.91388888888888,1.0,1.0,1.0,0.0,0.0,43.32088888888879,0.0,0.0,,0.0,32.652999999999984,102.796875,5,0.005,9.0,2.18088271503614,0.00011111111113280989
64,2,False,False,ofdg,4096,36864,64.04655555555561,63.41866666666668,64.49722222222223,1.4759129297014404,1.4583983092580464,1.501992392682485,47.59129297014404,31.502131874757755,43.777555555555345,0.0,19.944999999999677,,25.89000000000041,32.652999999999984,102.796875,5,0.005,9.0,1.6840180493703314,0.00033333333338300995
64,2,False,False,ofdg-kxrcf,4096,36864,59.867888888888785,59.50811111111114,60.198444444444455,1.3819635382468818,1.3551091150610424,1.3839372986279568,38.19635382468818,27.080924480012275,43.65511111111116,10.701888888888789,5.495333333333284,0.0,53.16799999999988,32.652999999999984,102.796875,5,0.005,9.0,1.1530944988130967,0.0002222222221607654
64,2,True,False,dg,4096,36864,52.72577777777778,52.65833333333348,52.73122222222229,1.0,1.0,1.0,0.0,0.0,52.72555555555572,0.0,0.0,,0.0009999999992515995,77.794,226.203125,5,0.005,9.0,0.13824146738245463,0.000222222222055911
64,2,True,False,ofdg,4096,36864,93.78177777777769,93.37833333333329,93.88944444444449,1.7779764108531266,1.749007443122908,1.7809484623094305,77.79764108531266,41.826976279293845,54.32055555555563,0.0,39.05733333333325,,1096.9670000000028,77.794,226.203125,5,0.005,9.0,0.545000450217864,0.00044444444440788154
64,2,True,False,ofdg-kxrcf,4096,36864,90.66399999999992,90.38833333333329,91.06144444444473,1.7157285661395314,1.7141330984594803,1.7195384083686647,71.57285661395314,41.2231097607592,53.26899999999983,27.865777777778234,9.501777777777399,0.3200954861111111,1197.689,77.794,226.203125,5,0.005,9.0,0.7424237967786986,0.00011111111121916058
128,2,False,False,dg,16384,147456,178.49282352941177,178.14411764705923,178.91805882352935,1.0,1.0,1.0,0.0,0.0,178.49252941176465,0.0,0.0,,0.0,128.64000000000001,261.3125,5,0.005,17.0,0.43359792352805077,0.00029411764709993466
128,2,False,False,ofdg,16384,147456,266.5939999999994,265.9476470588236,271.9968823529412,1.496507454308303,1.4903710876351242,1.51743487512658,49.6507454308303,30.968048590782576,183.84070588235267,0.0,83.65552941176236,,105.80199999999711,128.64000000000001,261.3125,5,0.005,17.0,2.269081560019224,0.0004117647061097074
128,2,False,False,ofdg-kxrcf,16384,147456,249.45594117647036,248.03335294117653,250.05011764705893,1.3935350964411655,1.392541985307619,1.4003041159669092,39.35350964411655,27.02891091009497,181.9687647058823,44.4857647058825,22.892058823529734,0.0,214.2160000000004,128.64000000000001,261.3125,5,0.005,17.0,0.80846529305778,0.00011764705894446546
128,2,True,False,dg,16384,147456,216.84752941176473,215.85941176470584,217.64947058823523,1.0,1.0,1.0,0.0,0.0,216.84711764705906,0.0,0.0,,0.0,305.137,710.171875,5,0.005,17.0,0.8254919151651057,0.00029411764678645994
128,2,True,False,ofdg,16384,147456,402.5177058823535,400.4769411764708,402.7895294117648,1.8562245416134102,1.8400087999024892,1.865980853551196,85.62245416134103,40.980981326214014,237.56147058823524,0.0,164.9557058823523,,4360.385999999991,305.137,710.171875,5,0.005,17.0,0.5745308098247809,0.0006470588244035432
128,2,True,False,ofdg-kxrcf,16384,147456,371.9210588235288,371.4806470588231,372.4247647058823,1.7151270288041882,1.7111218497308547,1.7323386013681952,71.51270288041883,41.719865735939685,216.8783529411756,116.75088235294177,39.37147058823598,0.3324620863970588,4762.546,305.137,710.171875,5,0.005,17.0,0.2538489350524208,0.00017647058776362582
16,1,False,False,dg,256,1024,2.0628114754098275,2.0626475409836105,2.063344262295082,1.0,1.0,1.0,0.0,0.0,2.062696721311468,0.0,0.0,,0.0,4.381999999999997,23.28125,5,0.005,2.0,0.03377532652774536,9.09090908970703e-05
16,1,False,False,ofdg,256,1024,3.072231707317063,3.070378048780501,3.102743902439026,1.496053502888554,1.4880590238321567,1.5041335281609247,49.6053502888554,32.67228478542986,2.0683658536585576,0.0,1.0083658536585425,,1.565999999999956,4.381999999999997,23.28125,5,0.005,2.0,1.0534965048840612,4.8780487811358e-05
16,1,False,False,ofdg-kxrcf,256,1024,3.0373809523809574,3.009119047619038,3.0383095238095312,1.4588624512087438,1.4574409301952622,1.4790825843617077,45.88624512087438,31.201678509926673,2.084000000000006,0.5575952380952506,0.3887499999999748,6.25,3.024999999999611,4.381999999999997,23.28125,5,0.005,2.0,0.9610409971001863,1.2195121953177983e-05
16,1,True,False,dg,256,1024,2.5342499999999912,2.5131099999999975,2.534779999999985,1.0,1.0,1.0,0.0,0.0,2.534099999999988,0.0,0.0,,0.0,4.061000000000002,32.328125,5,0.005,2.0,0.8550853309652756,8.999999999870223e-05
16,1,True,False,ofdg,256,1024,4.812673076923098,4.801314814814796,4.813788461538468,1.910507226032605,1.8935969150158884,1.9232613650860444,91.05072260326051,44.85345449356039,2.647685185185191,0.0,2.1535555555555277,,36.03999999999985,4.061000000000002,32.328125,5,0.005,2.0,0.25918333791429526,8.333333334411414e-05
16,1,True,False,ofdg-kxrcf,256,1024,5.170340000000042,5.1281799999999755,5.193780000000002,2.0401854592088626,2.0231262673683736,2.075560972685661,104.01854592088627,49.009929714487285,2.625939999999996,1.8656399999999707,0.6657916666666838,5.46875,41.11700000000007,4.061000000000002,32.328125,5,0.005,2.0,1.2687753610019068,2.000000000335067e-05
32,1,False,False,dg,1024,4096,8.212909090909065,8.201878787878792,8.23427272727272,1.0,1.0,1.0,0.0,0.0,8.212757575757553,0.0,0.0,,0.0,4.926,29.265625,5,0.005,3.0,0.39442710293462396,0.00012121212121560676
32,1,False,False,ofdg,1024,4096,12.288428571428575,12.261571428571438,12.3476666666667,1.4995455064015573,1.4949710603736661,1.5006795974330216,49.95455064015572,32.861648123615446,8.242238095238166,0.0,4.039380952380983,,5.963000000000385,4.926,29.265625,5,0.005,3.0,0.7006204055695137,9.52380952355471e-05
32,1,False,False,ofdg-kxrcf,1024,4096,12.020999999999985,12.012047619047602,12.023809523809534,1.4625813443306994,1.4568840928292008,1.4679563440749015,46.25813443306994,31.261471617780384,8.264380952380948,2.258142857142896,1.5011428571428305,7.291666666666667,11.78800000000013,4.926,29.265625,5,0.005,3.0,0.0978446448875539,0.0
32,1,True,False,dg,1024,4096,10.324740740740737,10.286962962962994,10.349592592592593,1.0,1.0,1.0,0.0,0.0,10.324592592592586,0.0,0.0,,0.0,15.47399999999999,50.5,5,0.005,3.0,0.6065976008721174,0.00011111111112458603
32,1,True,False,ofdg,1024,4096,18.88339999999993,18.76299999999992,18.89579999999998,1.823959128418553,1.8215752313228806,1.825753026599721,82.3959128418553,43.926877365026925,10.520933333333339,0.0,8.341399999999986,,143.6459999999999,15.47399999999999,50.5,5,0.005,3.0,0.7032631835371833,0.00013333333332051409
32,1,True,False,ofdg-kxrcf,1024,4096,20.244866666666628,20.154866666666685,20.37986666666658,1.9561027630359362,1.9520942145439961,1.9842072999228288,95.61027630359362,48.217617370152595,10.525666666666687,7.177399999999927,2.5779333333333083,6.0546875,164.44899999999978,15.47399999999999,50.5,5,0.005,3.0,1.1113928469104692,6.66666666098344e-05
64,1,False,False,dg,4096,16384,33.2881,33.24230000000004,33.297399999999925,1.0,1.0,1.0,0.0,0.0,33.28780000000005,0.0,0.0,,0.0,18.992000000000008,57.0,5,0.005,5.0,0.16552461690478654,0.00020000000001685336
64,1,False,False,ofdg,4096,16384,49.1476,49.112100000000005,49.403099999999974,1.477204801419041,1.4764315175693414,1.4773977733189323,47.72048014190411,32.912784852030335,32.971199999999996,0.0,16.237199999999863,,24.178999999999952,18.992000000000008,57.0,5,0.005,5.0,0.5920940188330018,0.00019999999985587102
64,1,False,False,ofdg-kxrcf,4096,16384,48.23300000000001,47.89819999999998,48.26470000000005,1.4485515385585699,1.4388985853803606,1.451906155711247,44.85515385585699,30.94671512393822,33.27070000000005,8.966200000000146,5.9276999999998905,7.8125,47.02700000000082,18.992000000000008,57.0,5,0.005,5.0,0.7598532125309765,6.2450045135165055e-15
64,1,True,False,dg,4096,16384,41.04120000000009,40.74919999999995,41.53209999999987,1.0,1.0,1.0,0.0,0.0,41.04100000000006,0.0,0.0,,0.0,48.28,144.046875,5,0.005,5.0,1.907595294484367,0.0001999999998503199
64,1,True,False,ofdg,4096,16384,73.9522000000001,73.91619999999995,74.02160000000002,1.8019015038546617,1.7963069529352078,1.8139300894250694,80.19015038546617,44.14252056156588,41.346199999999925,0.0,32.67500000000006,,579.4280000000001,48.28,144.046875,5,0.005,5.0,0.14252449555263258,0.00019999999986142214
64,1,True,False,ofdg-kxrcf,4096,16384,83.30299999999971,79.16740000000004,84.02399999999996,2.046108235964518,1.9222293695116104,2.0619791308786444,104.6108235964518,50.5605541273922,41.46859999999996,31.958999999999982,10.305600000000226,6.430664062499999,660.4130000000001,48.28,144.046875,5,0.005,5.0,5.830042135337181,1.6653345369377348e-14
16,3,False,False,dg,256,4096,3.409333333333328,3.4077599999999975,3.4142533333333467,1.0,1.0,1.0,0.0,0.0,3.4092399999999903,0.0,0.0,,0.0,4.610000000000003,36.765625,5,0.005,3.0,0.19045756746233586,8.000000001044209e-05
16,3,False,False,ofdg,256,4096,5.163137254901955,5.150941176470612,5.177235294117638,1.5144125698773847,1.512146878797788,1.5192488010064211,51.44125698773847,33.58178147925119,3.423843137254865,0.0,1.7386078431372527,,1.841000000000204,4.610000000000003,36.765625,5,0.005,3.0,0.5092662919635222,3.921568628107975e-05
16,3,False,False,ofdg-kxrcf,256,4096,4.648851851851858,4.644407407407406,4.673555555555535,1.3674610167891454,1.3628915790452993,1.3688367848769816,36.74610167891454,27.022602155849558,3.392592592592565,0.8051481481480806,0.4530925925926011,0.0,3.752999999999673,4.610000000000003,36.765625,5,0.005,3.0,0.6269967096610835,3.703703704375597e-05
16,3,True,False,dg,256,4096,4.161396825396826,4.144158730158744,4.1752666666667,1.0,1.0,1.0,0.0,0.0,4.161301587301573,0.0,0.0,,0.0,9.745000000000005,68.46875,5,0.005,3.0,0.7475359311591162,0.00011111111111342506
16,3,True,False,ofdg,256,4096,7.517777777777758,7.3470277777777495,7.7793636363636205,1.7965701601008024,1.7726892317356038,1.8694116333454427,79.65701601008024,43.88660569466808,4.215111111111058,0.0,3.283333333333297,,116.8289999999992,9.745000000000005,68.46875,5,0.005,3.0,5.750846478381391,6.060606061495254e-05
16,3,True,False,ofdg-kxrcf,256,4096,7.1737777777777865,7.106027777777764,7.182805555555517,1.714709363341776,1.7143623384089364,1.7260563836928897,71.47093633417761,40.834288457963765,4.244388888888919,2.111666666666611,0.8109166666666489,0.0,124.5530000000006,9.745000000000005,68.46875,5,0.005,3.0,1.0702558701440088,2.7777777782527862e-05
32,3,False,False,dg,1024,16384,13.518458333333324,13.513041666666632,13.549333333333358,1.0,1.0,1.0,0.0,0.0,13.518333333333326,0.0,0.0,,0.0,18.306,78.09375,5,0.005,6.0,0.268460099309098,4.166666667249075e-05
32,3,False,False,ofdg,1024,16384,20.492833333333376,20.48300000000003,20.845000000000077,1.5124606376697505,1.5114437153316111,1.5157949265061896,51.24606376697505,34.07651715039586,13.517222222222205,0.0,7.002000000000151,,7.298000000000027,18.306,78.09375,5,0.005,6.0,1.7664712053809737,8.333333333919908e-05
32,3,False,False,ofdg-kxrcf,1024,16384,18.683000000000025,18.67372222222221,18.722333333333335,1.3855010437447808,1.3693334645411002,1.3874008857849283,38.55010437447808,27.05859312407689,13.638666666666678,3.2227777777776483,1.8344444444444719,0.0,15.08099999999946,18.306,78.09375,5,0.005,6.0,0.26018900129061107,1.541976423090495e-15
32,3,True,False,dg,1024,16384,16.615111111111098,16.567833333333322,16.774999999999984,1.0,1.0,1.0,0.0,0.0,16.615055555555532,0.0,0.0,,0.0,33.74699999999999,128.21875,5,0.005,6.0,1.2468569441472033,5.5555555566404946e-05
32,3,True,False,ofdg,1024,16384,30.280916666666585,30.272000000000077,30.444833333333325,1.8267124045590373,1.8051217088921976,1.8323580943719247,82.67124045590373,45.68473687688617,16.57358333333329,0.0,13.82633333333335,,468.1480000000011,33.74699999999999,128.21875,5,0.005,6.0,0.5707665168654021,8.333333334960742e-05
32,3,True,False,ofdg-kxrcf,1024,16384,29.194249999999975,28.98191666666679,30.77816666666666,1.7621042783707381,1.7529149473797434,1.8524201530066349,76.21042783707381,41.65304584709887,17.00075000000008,8.3500833333335,3.702500000000164,0.0,498.4679999999999,33.74699999999999,128.21875,5,0.005,6.0,6.1527526824627135,0.00016666666668533706
64,3,False,False,dg,4096,65536,54.7745833333333,54.59941666666657,55.17083333333331,1.0,1.0,1.0,0.0,0.0,54.77433333333333,0.0,0.0,,0.0,65.44700000000003,161.6875,5,0.005,12.0,1.043214994789389,0.00024999999996092964
64,3,False,False,ofdg,4096,65536,85.45216666666676,85.40916666666666,85.48691666666684,1.5589545029248688,1.5480854920323242,1.5650747184417462,55.895450292486885,33.21624378550973,57.06791666666655,0.0,28.384000000000118,,29.19699999999992,65.44700000000003,161.6875,5,0.005,12.0,0.09098657533572893,0.00025000000008582973
64,3,False,False,ofdg-kxrcf,4096,65536,74.98558333333334,74.88608333333335,75.28858333333336,1.3657033751968328,1.3646446643002805,1.3715546411515414,36.570337519683285,26.855162158948314,54.83975000000019,12.764666666666683,7.374500000000062,0.0,61.23900000000049,65.44700000000003,161.6875,5,0.005,12.0,0.5367698457592639,0.00016666666653730733
64,3,True,False,dg,4096,65536,68.26283333333312,68.21300000000008,70.37900000000026,1.0,1.0,1.0,0.0,0.0,68.26275,0.0,0.0,,0.0,160.8900000000001,391.40625,5,0.005,12.0,3.1730297355567156,0.00016666666683799272
64,3,True,False,ofdg,4096,65536,122.84508333333359,122.60908333333349,123.46933333333317,1.7914473780657623,1.7647015453240524,1.796132351181837,79.14473780657623,45.58797054009809,66.75400000000042,0.0,56.03725000000074,,1910.426000000001,160.8900000000001,391.40625,5,0.005,12.0,0.7002722263335833,0.0004166666685567755
64,3,True,False,ofdg-kxrcf,4096,65536,115.02333333333358,114.31366666666659,116.31808333333325,1.6850067264519337,1.6770852574394797,1.6851889161339173,68.50067264519338,40.83924056907743,67.62883333333332,32.564999999999365,14.542666666665482,0.0,2021.8600000000042,160.8900000000001,391.40625,5,0.005,12.0,1.74261743993971,0.0001666666665257425
16,2,False,True,dg,256,2304,2.697354838709686,2.688731182795694,2.7016129032258087,1.0,1.0,1.0,0.0,0.0,2.6972258064516184,0.0,0.0,,0.0,2.429000000000008,26.96875,5,0.005,3.0,0.4775686255753045,6.45161290406791e-05
16,2,False,True,ofdg,256,2304,3.9305757575757863,3.9191818181818148,3.9307424242424243,1.4548996834011854,1.4520173632326525,1.461932099941397,45.48996834011854,31.238740306032636,2.7032575757575787,0.0,1.2272424242424398,,1.685999999999854,2.429000000000008,26.96875,5,0.005,3.0,0.29411991457810205,6.060606059350504e-05
16,2,False,True,ofdg-kxrcf,256,2304,3.966363636363641,3.962393939393951,3.9703968253967936,1.4689924671866357,1.4687567064645775,1.4704434522696728,46.89924671866357,31.503644975848864,2.7162424242424317,0.6641587301587362,0.5843333333333381,20.833333333333336,3.344000000000014,2.429000000000008,26.96875,5,0.005,3.0,0.20176884261120168,3.0303030301378453e-05
16,2,True,True,dg,256,2304,3.298807692307681,3.279769230769234,3.300692307692323,1.0,1.0,1.0,0.0,0.0,3.2987307692307466,0.0,0.0,,0.0,5.552000000000001,44.984375,5,0.005,3.0,0.6342617962204489,7.692307692315386e-05
16,2,True,True,ofdg,256,2304,5.800511111111078,5.7023111111111175,5.812466666666644,1.768572940039026,1.7276106281769368,1.7726062103641549,76.8572940039026,41.49784495413898,3.38128888888888,0.0,2.4072222222222375,,66.76700000000002,5.552000000000001,44.984375,5,0.005,3.0,1.8990663657986957,4.444444445096519e-05
16,2,True,True,ofdg-kxrcf,256,2304,6.134571428571424,6.127142857142833,6.233690476190485,1.8563205188388558,1.83980533462232,1.9010652594279853,85.63205188388558,45.194681197895086,3.3620476190475976,1.810595238095252,0.9710238095238096,15.104166666666666,73.16699999999976,5.552000000000001,44.984375,5,0.005,3.0,1.7368388368812957,2.3809523812851857e-05
64,2,False,True,dg,4096,36864,43.222,42.87877777777775,45.720666666666666,1.0,1.0,1.0,0.0,0.0,43.22166666666661,0.0,0.0,,0.0,31.48,95.28125,5,0.005,9.0,6.575098072483728,0.00022222222215459748
64,2,False,True,ofdg,4096,36864,63.57477777777781,63.399111111111154,63.885444444444424,1.456025480850802,1.3905041726814529,1.4850929041963683,45.602548085080194,31.632565675066637,43.46400000000006,0.0,20.110333333333234,,26.08099999999958,31.48,95.28125,5,0.005,9.0,0.7649784243575687,0.000444444444503484
64,2,False,True,ofdg-kxrcf,4096,36864,61.125555555555685,61.039000000000016,62.02777777777779,1.4122206283836938,1.35666827060945,1.425543327572048,41.222062838369375,28.702849705988488,43.52377777777781,10.634555555555567,6.865444444444159,7.638888888888889,52.94500000000024,31.48,95.28125,5,0.005,9.0,1.617617654009048,0.00011111111107113085
64,2,True,True,dg,4096,36864,52.933444444444355,52.83066666666672,52.94222222222228,1.0,1.0,1.0,0.0,0.0,52.933333333333316,0.0,0.0,,0.0,77.417,204.3125,5,0.005,9.0,0.210746828826974,0.00011111111083058252
64,2,True,True,ofdg,4096,36864,96.08466666666665,93.65988888888863,97.20699999999995,1.7759993089324673,1.7548159406887778,1.8148967427803873,77.59993089324672,41.76189518040791,55.95733333333334,0.0,40.12677777777766,,1092.417000000001,77.417,204.3125,5,0.005,9.0,3.6916515758095163,0.00033333333367598544
64,2,True,True,ofdg-kxrcf,4096,36864,95.6747777777779,95.32911111111117,95.68499999999996,1.810970480108355,1.7912336299529892,1.814399908981352,81.09704801083551,43.771317878972546,53.557444444444535,28.92355555555583,12.809777777777732,6.995985243055555,1193.2310000000011,77.417,204.3125,5,0.005,9.0,0.37197775333787736,0.00022222222244603102
