family,n,p,amplitude,basis,map,extra,field,derivative,method,error_l2,relative_l2,sampled_linf,truth_l2,face_rms,face_relative_l2,jump_rms,jump_mean_abs,input_error_l2,operator_error_l2,operator_relative_l2,inverse_residual,representation_residual,first_derivative_residual,geometry_residual,min_jacobian,elements,geometry_derivative_residual,geometry_jacobian_residual,fe_inverse_residual,method_agreement,fe_first_residual,face_geometry_residual,initialization_seconds,evaluation_seconds
tri,4,4,0,gll,coupled,0,sine,x,recursive,0.00054965293824316413,0.00038748972623726426,0.0092453598770707579,1.418496803981341,0.0014089699434416088,0.00099368921128887124,0.0019004930658172172,0.0011195962178608013,8.9237986599504865e-06,1.4147063947666133e-13,9.9737839003523019e-14,0,5.8175686490358203e-14,2.6612887834278698e-12,4.8849813083506888e-14,0.062499999999959095,32,5.8525333871692427e-12,1.0124123761556802e-12,5.5511151231257827e-16,5.0062953782514796e-11,3.3308477854969866e-12,5.1514348342607263e-14,0.14335441801813431,1.3346331499924418
tri,4,4,0,gll,coupled,0,sine,x,direct,0.0005496529382381189,0.00038748972623370753,0.0092453598771493617,1.418496803981341,0.0014089699434340452,0.00099368921128353718,0.0019004930658298447,0.0011195962178517671,8.9237986599504865e-06,0,0,0,5.8175686490358203e-14,2.6612887834278698e-12,4.8849813083506888e-14,0.062499999999959095,32,5.8525333871692427e-12,1.0124123761556802e-12,5.5511151231257827e-16,5.0062953782514796e-11,3.3308477854969866e-12,5.1514348342607263e-14,0.14335441801813431,1.3346331499924418
tri,4,4,0,gll,coupled,0,sine,x,fe_geometry,0.00054965293824238057,0.00038748972623671186,0.0092453598773685197,1.418496803981341,0.0014089699434444017,0.00099368921129084102,0.0019004930658540491,0.0011195962178774104,8.9237986599504865e-06,1.9861474336854128e-13,1.4002485159534182e-13,0,5.8175686490358203e-14,2.6612887834278698e-12,4.8849813083506888e-14,0.062499999999959095,32,5.8525333871692427e-12,1.0124123761556802e-12,5.5511151231257827e-16,5.0062953782514796e-11,3.3308477854969866e-12,5.1514348342607263e-14,0.14335441801813431,1.3346331499924418
tri,4,4,0,gll,coupled,0,sine,y,recursive,0.00069232563957355279,0.00032537995509536682,0.0092669700205028072,2.1277452059720043,0.0017164360198113605,0.00080702168876078907,0.001970068096796299,0.0011904909055592263,8.9237986599504865e-06,1.4417814084152367e-13,6.7764499951484654e-14,0,5.8175686490358203e-14,2.6612887834278698e-12,4.8849813083506888e-14,0.062499999999959095,32,5.8525333871692427e-12,1.0124123761556802e-12,5.5511151231257827e-16,5.0062953782514796e-11,3.3308477854969866e-12,5.1514348342607263e-14,0.14335441801813431,1.3346331499924418
tri,4,4,0,gll,coupled,0,sine,y,direct,0.00069232563957652578,0.00032537995509676404,0.00926697002034782,2.1277452059720043,0.0017164360198216552,0.00080702168876562938,0.0019700680968959914,0.0011904909056068792,8.9237986599504865e-06,0,0,0,5.8175686490358203e-14,2.6612887834278698e-12,4.8849813083506888e-14,0.062499999999959095,32,5.8525333871692427e-12,1.0124123761556802e-12,5.5511151231257827e-16,5.0062953782514796e-11,3.3308477854969866e-12,5.1514348342607263e-14,0.14335441801813431,1.3346331499924418
tri,4,4,0,gll,coupled,0,sine,y,fe_geometry,0.00069232563957011143,0.00032537995509374947,0.0092669700193086513,2.1277452059720043,0.0017164360198038352,0.00080702168875725088,0.0019700680968603398,0.001190490905575987,8.9237986599504865e-06,1.91724820054925e-13,9.011169434894393e-14,0,5.8175686490358203e-14,2.6612887834278698e-12,4.8849813083506888e-14,0.062499999999959095,32,5.8525333871692427e-12,1.0124123761556802e-12,5.5511151231257827e-16,5.0062953782514796e-11,3.3308477854969866e-12,5.1514348342607263e-14,0.14335441801813431,1.3346331499924418
tri,4,4,0,gll,coupled,0,sine,xx,recursive,0.021479722770510558,0.0076173696994374937,0.22658294687112024,2.8198346172034596,0.0434326529495025,0.015396198309422635,0.061575389801831124,0.040219168790546884,8.9237986599504865e-06,7.5412077587141715e-12,2.6713471520136528e-12,0,5.8175686490358203e-14,2.6612887834278698e-12,4.8849813083506888e-14,0.062499999999959095,32,5.8525333871692427e-12,1.0124123761556802e-12,5.5511151231257827e-16,5.0062953782514796e-11,3.3308477854969866e-12,5.1514348342607263e-14,0.14335441801813431,1.3346331499924418
tri,4,4,0,gll,coupled,0,sine,xx,direct,0.021479722769632326,0.0076173696991260458,0.22658294688858227,2.8198346172034596,0.043432652947663256,0.015396198308770651,0.061575389797386963,0.040219168787922352,8.9237986599504865e-06,0,0,0,5.8175686490358203e-14,2.6612887834278698e-12,4.8849813083506888e-14,0.062499999999959095,32,5.8525333871692427e-12,1.0124123761556802e-12,5.5511151231257827e-16,5.0062953782514796e-11,3.3308477854969866e-12,5.1514348342607263e-14,0.14335441801813431,1.3346331499924418
tri,4,4,0,gll,coupled,0,sine,xx,fe_geometry,0.021479722769710847,0.0076173696991538907,0.22658294684029601,2.8198346172034596,0.043432652947948604,0.015396198308871803,0.06157538979716605,0.040219168787454095,8.9237986599504865e-06,9.5032140302876399e-12,3.3663551710864993e-12,0,5.8175686490358203e-14,2.6612887834278698e-12,4.8849813083506888e-14,0.062499999999959095,32,5.8525333871692427e-12,1.0124123761556802e-12,5.5511151231257827e-16,5.0062953782514796e-11,3.3308477854969866e-12,5.1514348342607263e-14,0.14335441801813431,1.3346331499924418
tri,4,4,0,gll,coupled,0,sine,xy,recursive,0.016785838341132467,0.0039685160348824182,0.18264715697389944,4.229751925805135,0.037943491954487159,0.0089669175456919721,0.044029044019660665,0.030574879518346702,8.9237986599504865e-06,5.5406740594259177e-12,1.3093276608661599e-12,0,5.8175686490358203e-14,2.6612887834278698e-12,4.8849813083506888e-14,0.062499999999959095,32,5.8525333871692427e-12,1.0124123761556802e-12,5.5511151231257827e-16,5.0062953782514796e-11,3.3308477854969866e-12,5.1514348342607263e-14,0.14335441801813431,1.3346331499924418
tri,4,4,0,gll,coupled,0,sine,xy,direct,0.016785838341259286,0.0039685160349124003,0.18264715698911749,4.229751925805135,0.037943491954839058,0.008966917545775133,0.044029044021117396,0.030574879518380841,8.9237986599504865e-06,0,0,0,5.8175686490358203e-14,2.6612887834278698e-12,4.8849813083506888e-14,0.062499999999959095,32,5.8525333871692427e-12,1.0124123761556802e-12,5.5511151231257827e-16,5.0062953782514796e-11,3.3308477854969866e-12,5.1514348342607263e-14,0.14335441801813431,1.3346331499924418
tri,4,4,0,gll,coupled,0,sine,xy,fe_geometry,0.016785838341178912,0.003968516034893399,0.18264715695156575,4.229751925805135,0.037943491954660312,0.0089669175457328925,0.044029044020400289,0.030574879518096773,8.9237986599504865e-06,7.6204787937296628e-12,1.8008104368998109e-12,0,5.8175686490358203e-14,2.6612887834278698e-12,4.8849813083506888e-14,0.062499999999959095,32,5.8525333871692427e-12,1.0124123761556802e-12,5.5511151231257827e-16,5.0062953782514796e-11,3.3308477854969866e-12,5.1514348342607263e-14,0.14335441801813431,1.3346331499924418
tri,4,4,0,gll,coupled,0,sine,yy,recursive,0.039179700930038606,0.0061752559200155648,0.35897132643352681,6.3446278887077856,0.077885361038772971,0.012270731632341436,0.10996372477081018,0.072139065357652396,8.9237986599504865e-06,6.572785953174869e-12,1.0349739582658887e-12,0,5.8175686490358203e-14,2.6612887834278698e-12,4.8849813083506888e-14,0.062499999999959095,32,5.8525333871692427e-12,1.0124123761556802e-12,5.5511151231257827e-16,5.0062953782514796e-11,3.3308477854969866e-12,5.1514348342607263e-14,0.14335441801813431,1.3346331499924418
tri,4,4,0,gll,coupled,0,sine,yy,direct,0.039179700929755736,0.0061752559199709806,0.35897132643236862,6.3446278887077856,0.077885361038176823,0.012270731632247513,0.10996372476812187,0.072139065356224386,8.9237986599504865e-06,0,0,0,5.8175686490358203e-14,2.6612887834278698e-12,4.8849813083506888e-14,0.062499999999959095,32,5.8525333871692427e-12,1.0124123761556802e-12,5.5511151231257827e-16,5.0062953782514796e-11,3.3308477854969866e-12,5.1514348342607263e-14,0.14335441801813431,1.3346331499924418
tri,4,4,0,gll,coupled,0,sine,yy,fe_geometry,0.039179700929730749,0.0061752559199670419,0.35897132643154794,6.3446278887077856,0.077885361037984144,0.012270731632217157,0.1099637247676378,0.072139065355998636,8.9237986599504865e-06,8.713494228006963e-12,1.3720574008851204e-12,0,5.8175686490358203e-14,2.6612887834278698e-12,4.8849813083506888e-14,0.062499999999959095,32,5.8525333871692427e-12,1.0124123761556802e-12,5.5511151231257827e-16,5.0062953782514796e-11,3.3308477854969866e-12,5.1514348342607263e-14,0.14335441801813431,1.3346331499924418
tri,4,4,0,gll,coupled,0,sine,xxx,recursive,0.39711600857631363,0.069988879682653354,2.5607592257724789,5.6739872159253641,0.63358799691477419,0.11171096301005472,0.81653131182743244,0.58863532028530619,8.9237986599504865e-06,2.4356962844437738e-10,4.1503834625753993e-11,0,5.8175686490358203e-14,2.6612887834278698e-12,4.8849813083506888e-14,0.062499999999959095,32,5.8525333871692427e-12,1.0124123761556802e-12,5.5511151231257827e-16,5.0062953782514796e-11,3.3308477854969866e-12,5.1514348342607263e-14,0.14335441801813431,1.3346331499924418
tri,4,4,0,gll,coupled,0,sine,xxx,direct,0.39711600859244339,0.069988879685496122,2.5607592258665193,5.6739872159253641,0.63358799693422796,0.1117109630134847,0.81653131193822648,0.58863532037492394,8.9237986599504865e-06,0,0,0,5.8175686490358203e-14,2.6612887834278698e-12,4.8849813083506888e-14,0.062499999999959095,32,5.8525333871692427e-12,1.0124123761556802e-12,5.5511151231257827e-16,5.0062953782514796e-11,3.3308477854969866e-12,5.1514348342607263e-14,0.14335441801813431,1.3346331499924418
tri,4,4,0,gll,coupled,0,sine,xxx,fe_geometry,0.39711600856832435,0.069988879681245314,2.560759226327967,5.6739872159253641,0.63358799690513035,0.11171096300835436,0.81653131189399619,0.5886353203484308,8.9237986599504865e-06,1.3647125380041417e-10,2.3254460685746641e-11,0,5.8175686490358203e-14,2.6612887834278698e-12,4.8849813083506888e-14,0.062499999999959095,32,5.8525333871692427e-12,1.0124123761556802e-12,5.5511151231257827e-16,5.0062953782514796e-11,3.3308477854969866e-12,5.1514348342607263e-14,0.14335441801813431,1.3346331499924418
tri,4,4,0,gll,coupled,0,sine,xxy,recursive,0.38718079098841851,0.045491912036942542,2.7799281746070541,8.5109808238880191,0.68434113028606947,0.080439662224145614,0.76661425006520056,0.57969576332944095,8.9237986599504865e-06,2.0466105763692571e-10,2.3582252422734906e-11,0,5.8175686490358203e-14,2.6612887834278698e-12,4.8849813083506888e-14,0.062499999999959095,32,5.8525333871692427e-12,1.0124123761556802e-12,5.5511151231257827e-16,5.0062953782514796e-11,3.3308477854969866e-12,5.1514348342607263e-14,0.14335441801813431,1.3346331499924418
tri,4,4,0,gll,coupled,0,sine,xxy,direct,0.38718079096592284,0.045491912034299406,2.7799281743636168,8.5109808238880191,0.68434113025418031,0.080439662220397265,0.76661425001398331,0.57969576325274152,8.9237986599504865e-06,0,0,0,5.8175686490358203e-14,2.6612887834278698e-12,4.8849813083506888e-14,0.062499999999959095,32,5.8525333871692427e-12,1.0124123761556802e-12,5.5511151231257827e-16,5.0062953782514796e-11,3.3308477854969866e-12,5.1514348342607263e-14,0.14335441801813431,1.3346331499924418
tri,4,4,0,gll,coupled,0,sine,xxy,fe_geometry,0.38718079097840197,0.045491912035765643,2.7799281751559857,8.5109808238880191,0.68434113027249777,0.080439662222550348,0.76661425006101325,0.57969576328117034,8.9237986599504865e-06,1.9277025499607293e-10,2.2212124110963101e-11,0,5.8175686490358203e-14,2.6612887834278698e-12,4.8849813083506888e-14,0.062499999999959095,32,5.8525333871692427e-12,1.0124123761556802e-12,5.5511151231257827e-16,5.0062953782514796e-11,3.3308477854969866e-12,5.1514348342607263e-14,0.14335441801813431,1.3346331499924418
tri,4,4,0,gll,coupled,0,sine,xyy,recursive,0.52232938183100253,0.04091415491267212,3.1030842825028273,12.766471235831984,0.93727484826589702,0.073446871128126506,0.83893889192949511,0.52563108895748478,8.9237986599504865e-06,2.3728032724789747e-10,1.8244029015682277e-11,0,5.8175686490358203e-14,2.6612887834278698e-12,4.8849813083506888e-14,0.062499999999959095,32,5.8525333871692427e-12,1.0124123761556802e-12,5.5511151231257827e-16,5.0062953782514796e-11,3.3308477854969866e-12,5.1514348342607263e-14,0.14335441801813431,1.3346331499924418
tri,4,4,0,gll,coupled,0,sine,xyy,direct,0.52232938183254995,0.040914154912793328,3.1030842821383757,12.766471235831984,0.9372748482610419,0.073446871127746047,0.83893889184841752,0.52563108884223808,8.9237986599504865e-06,0,0,0,5.8175686490358203e-14,2.6612887834278698e-12,4.8849813083506888e-14,0.062499999999959095,32,5.8525333871692427e-12,1.0124123761556802e-12,5.5511151231257827e-16,5.0062953782514796e-11,3.3308477854969866e-12,5.1514348342607263e-14,0.14335441801813431,1.3346331499924418
tri,4,4,0,gll,coupled,0,sine,xyy,fe_geometry,0.52232938182146005,0.040914154911924655,3.1030842824859803,12.766471235831984,0.93727484824375507,0.073446871126391408,0.83893889180826531,0.52563108881116194,8.9237986599504865e-06,2.3549011540489951e-10,1.8106383062531887e-11,0,5.8175686490358203e-14,2.6612887834278698e-12,4.8849813083506888e-14,0.062499999999959095,32,5.8525333871692427e-12,1.0124123761556802e-12,5.5511151231257827e-16,5.0062953782514796e-11,3.3308477854969866e-12,5.1514348342607263e-14,0.14335441801813431,1.3346331499924418
tri,4,4,0,gll,coupled,0,sine,yyy,recursive,1.1549420067559315,0.060311210796936632,6.7043121887390242,19.149706853747897,1.8299180300651834,0.095597539311545271,1.8803317703246538,1.396405444659337,8.9237986599504865e-06,2.5485623890176113e-10,1.2902418743334177e-11,0,5.8175686490358203e-14,2.6612887834278698e-12,4.8849813083506888e-14,0.062499999999959095,32,5.8525333871692427e-12,1.0124123761556802e-12,5.5511151231257827e-16,5.0062953782514796e-11,3.3308477854969866e-12,5.1514348342607263e-14,0.14335441801813431,1.3346331499924418
tri,4,4,0,gll,coupled,0,sine,yyy,direct,1.1549420067435794,0.060311210796291599,6.7043121880740983,19.149706853747897,1.8299180300381785,0.095597539310134497,1.8803317704530318,1.3964054448026071,8.9237986599504865e-06,0,0,0,5.8175686490358203e-14,2.6612887834278698e-12,4.8849813083506888e-14,0.062499999999959095,32,5.8525333871692427e-12,1.0124123761556802e-12,5.5511151231257827e-16,5.0062953782514796e-11,3.3308477854969866e-12,5.1514348342607263e-14,0.14335441801813431,1.3346331499924418
tri,4,4,0,gll,coupled,0,sine,yyy,fe_geometry,1.1549420067608873,0.060311210797195418,6.7043121890975854,19.149706853747897,1.8299180300608244,0.09559753931131755,1.8803317704639062,1.3964054448191778,8.9237986599504865e-06,2.8290282315503227e-10,1.4322312468185841e-11,0,5.8175686490358203e-14,2.6612887834278698e-12,4.8849813083506888e-14,0.062499999999959095,32,5.8525333871692427e-12,1.0124123761556802e-12,5.5511151231257827e-16,5.0062953782514796e-11,3.3308477854969866e-12,5.1514348342607263e-14,0.14335441801813431,1.3346331499924418
tri,4,4,0,gll,coupled,0,shortwave,x,recursive,0.10549034606887579,0.018655581829087275,1.4563148269885977,5.6546264295224562,0.26058847966482573,0.046059183584011051,0.34139591692333998,0.21492798880033984,0.0014052239479622379,2.8441935788360406e-13,5.032078477385172e-14,0,5.8175686490358203e-14,2.6612887834278698e-12,4.8849813083506888e-14,0.062499999999959095,32,5.8525333871692427e-12,1.0124123761556802e-12,5.5511151231257827e-16,5.0062953782514796e-11,3.3308477854969866e-12,5.1514348342607263e-14,0.14335441801813431,1.3346331499924418
tri,4,4,0,gll,coupled,0,shortwave,x,direct,0.1054903460688784,0.018655581829087737,1.456314826988949,5.6546264295224562,0.26058847966484017,0.046059183584013612,0.34139591692336563,0.21492798880035446,0.0014052239479622379,0,0,0,5.8175686490358203e-14,2.6612887834278698e-12,4.8849813083506888e-14,0.062499999999959095,32,5.8525333871692427e-12,1.0124123761556802e-12,5.5511151231257827e-16,5.0062953782514796e-11,3.3308477854969866e-12,5.1514348342607263e-14,0.14335441801813431,1.3346331499924418
tri,4,4,0,gll,coupled,0,shortwave,x,fe_geometry,0.10549034606887416,0.018655581829086988,1.4563148269889266,5.6546264295224562,0.26058847966483695,0.046059183584013043,0.34139591692337545,0.21492798880037348,0.0014052239479622379,5.1698703591875733e-13,9.1467731166124803e-14,0,5.8175686490358203e-14,2.6612887834278698e-12,4.8849813083506888e-14,0.062499999999959095,32,5.8525333871692427e-12,1.0124123761556802e-12,5.5511151231257827e-16,5.0062953782514796e-11,3.3308477854969866e-12,5.1514348342607263e-14,0.14335441801813431,1.3346331499924418
tri,4,4,0,gll,coupled,0,shortwave,y,recursive,0.089650086422026751,0.021139053136848333,1.4575749712951704,4.2409698221418486,0.22686748161468792,0.053465300274073556,0.30831507910461453,0.18914898267576549,0.0014052239479622379,3.1679068200155851e-13,7.4708633179608915e-14,0,5.8175686490358203e-14,2.6612887834278698e-12,4.8849813083506888e-14,0.062499999999959095,32,5.8525333871692427e-12,1.0124123761556802e-12,5.5511151231257827e-16,5.0062953782514796e-11,3.3308477854969866e-12,5.1514348342607263e-14,0.14335441801813431,1.3346331499924418
tri,4,4,0,gll,coupled,0,shortwave,y,direct,0.089650086422020242,0.021139053136846796,1.4575749712954653,4.2409698221418486,0.22686748161468118,0.053465300274071967,0.30831507910464534,0.18914898267577143,0.0014052239479622379,0,0,0,5.8175686490358203e-14,2.6612887834278698e-12,4.8849813083506888e-14,0.062499999999959095,32,5.8525333871692427e-12,1.0124123761556802e-12,5.5511151231257827e-16,5.0062953782514796e-11,3.3308477854969866e-12,5.1514348342607263e-14,0.14335441801813431,1.3346331499924418
tri,4,4,0,gll,coupled,0,shortwave,y,fe_geometry,0.089650086422018313,0.021139053136846341,1.4575749712957784,4.2409698221418486,0.22686748161467452,0.053465300274070399,0.30831507910462053,0.18914898267575225,0.0014052239479622379,4.9812577651934479e-13,1.1747282363282549e-13,0,5.8175686490358203e-14,2.6612887834278698e-12,4.8849813083506888e-14,0.062499999999959095,32,5.8525333871692427e-12,1.0124123761556802e-12,5.5511151231257827e-16,5.0062953782514796e-11,3.3308477854969866e-12,5.1514348342607263e-14,0.14335441801813431,1.3346331499924418
tri,4,4,0,gll,coupled,0,shortwave,xx,recursive,5.7118169625825752,0.12616484832865496,52.745530461252834,45.272649539462009,11.267547178751414,0.24901666656617247,13.495053600275133,9.0232516262699374,0.0014052239479622379,1.3271005491543694e-11,2.7957577667235658e-13,0,5.8175686490358203e-14,2.6612887834278698e-12,4.8849813083506888e-14,0.062499999999959095,32,5.8525333871692427e-12,1.0124123761556802e-12,5.5511151231257827e-16,5.0062953782514796e-11,3.3308477854969866e-12,5.1514348342607263e-14,0.14335441801813431,1.3346331499924418
tri,4,4,0,gll,coupled,0,shortwave,xx,direct,5.7118169625822999,0.12616484832864888,52.745530461287139,45.272649539462009,11.267547178750442,0.24901666656615096,13.495053600271529,9.0232516262678057,0.0014052239479622379,0,0,0,5.8175686490358203e-14,2.6612887834278698e-12,4.8849813083506888e-14,0.062499999999959095,32,5.8525333871692427e-12,1.0124123761556802e-12,5.5511151231257827e-16,5.0062953782514796e-11,3.3308477854969866e-12,5.1514348342607263e-14,0.14335441801813431,1.3346331499924418
tri,4,4,0,gll,coupled,0,shortwave,xx,fe_geometry,5.7118169625811746,0.12616484832862401,52.745530461272061,45.272649539462009,11.267547178748762,0.24901666656611382,13.495053600267081,9.0232516262666813,0.0014052239479622379,2.6361414159923512e-11,5.5534698125462e-13,0,5.8175686490358203e-14,2.6612887834278698e-12,4.8849813083506888e-14,0.062499999999959095,32,5.8525333871692427e-12,1.0124123761556802e-12,5.5511151231257827e-16,5.0062953782514796e-11,3.3308477854969866e-12,5.1514348342607263e-14,0.14335441801813431,1.3346331499924418
tri,4,4,0,gll,coupled,0,shortwave,xy,recursive,2.6681141645064281,0.078579133071818782,27.436198074905946,33.954487154596855,5.9759822139163186,0.17609501538773292,6.4016499201594543,4.2104431637208233,0.0014052239479622379,9.3130917924676942e-12,2.6818704389217238e-13,0,5.8175686490358203e-14,2.6612887834278698e-12,4.8849813083506888e-14,0.062499999999959095,32,5.8525333871692427e-12,1.0124123761556802e-12,5.5511151231257827e-16,5.0062953782514796e-11,3.3308477854969866e-12,5.1514348342607263e-14,0.14335441801813431,1.3346331499924418
tri,4,4,0,gll,coupled,0,shortwave,xy,direct,2.6681141645065578,0.078579133071822613,27.436198074879115,33.954487154596855,5.9759822139168834,0.17609501538774955,6.401649920158845,4.2104431637224433,0.0014052239479622379,0,0,0,5.8175686490358203e-14,2.6612887834278698e-12,4.8849813083506888e-14,0.062499999999959095,32,5.8525333871692427e-12,1.0124123761556802e-12,5.5511151231257827e-16,5.0062953782514796e-11,3.3308477854969866e-12,5.1514348342607263e-14,0.14335441801813431,1.3346331499924418
tri,4,4,0,gll,coupled,0,shortwave,xy,fe_geometry,2.6681141645067057,0.078579133071826957,27.436198074874667,33.954487154596855,5.9759822139172014,0.17609501538775893,6.4016499201582011,4.210443163721437,0.0014052239479622379,2.017702086918171e-11,5.8103320594703392e-13,0,5.8175686490358203e-14,2.6612887834278698e-12,4.8849813083506888e-14,0.062499999999959095,32,5.8525333871692427e-12,1.0124123761556802e-12,5.5511151231257827e-16,5.0062953782514796e-11,3.3308477854969866e-12,5.1514348342607263e-14,0.14335441801813431,1.3346331499924418
tri,4,4,0,gll,coupled,0,shortwave,yy,recursive,3.7273482119552428,0.14636644615813429,37.95066663152538,25.46586536594744,7.4327048827533471,0.29202725930764883,10.055345941248158,6.383883847711421,0.0014052239479622379,1.2017308513418289e-11,4.4737934923008356e-13,0,5.8175686490358203e-14,2.6612887834278698e-12,4.8849813083506888e-14,0.062499999999959095,32,5.8525333871692427e-12,1.0124123761556802e-12,5.5511151231257827e-16,5.0062953782514796e-11,3.3308477854969866e-12,5.1514348342607263e-14,0.14335441801813431,1.3346331499924418
tri,4,4,0,gll,coupled,0,shortwave,yy,direct,3.7273482119539811,0.14636644615808475,37.950666631493661,25.46586536594744,7.4327048827508575,0.29202725930755102,10.055345941243695,6.3838838477086242,0.0014052239479622379,0,0,0,5.8175686490358203e-14,2.6612887834278698e-12,4.8849813083506888e-14,0.062499999999959095,32,5.8525333871692427e-12,1.0124123761556802e-12,5.5511151231257827e-16,5.0062953782514796e-11,3.3308477854969866e-12,5.1514348342607263e-14,0.14335441801813431,1.3346331499924418
tri,4,4,0,gll,coupled,0,shortwave,yy,fe_geometry,3.7273482119543693,0.14636644615809999,37.950666631551314,25.46586536594744,7.432704882751624,0.29202725930758117,10.05534594124428,6.3838838477088036,0.0014052239479622379,2.3550272318291733e-11,8.7672755444236302e-13,0,5.8175686490358203e-14,2.6612887834278698e-12,4.8849813083506888e-14,0.062499999999959095,32,5.8525333871692427e-12,1.0124123761556802e-12,5.5511151231257827e-16,5.0062953782514796e-11,3.3308477854969866e-12,5.1514348342607263e-14,0.14335441801813431,1.3346331499924418
tri,4,4,0,gll,coupled,0,shortwave,xxx,recursive,158.30213180858053,0.43742426495147968,897.92230030024814,361.89609148943725,246.43444168375439,0.68058512731061183,342.19625570181887,245.3933248857364,0.0014052239479622379,3.2907938679524277e-10,7.5907272506341318e-13,0,5.8175686490358203e-14,2.6612887834278698e-12,4.8849813083506888e-14,0.062499999999959095,32,5.8525333871692427e-12,1.0124123761556802e-12,5.5511151231257827e-16,5.0062953782514796e-11,3.3308477854969866e-12,5.1514348342607263e-14,0.14335441801813431,1.3346331499924418
tri,4,4,0,gll,coupled,0,shortwave,xxx,direct,158.30213180865081,0.43742426495167391,897.92230029874429,361.89609148943725,246.43444168384795,0.68058512731087017,342.19625570202413,245.39332488592757,0.0014052239479622379,0,0,0,5.8175686490358203e-14,2.6612887834278698e-12,4.8849813083506888e-14,0.062499999999959095,32,5.8525333871692427e-12,1.0124123761556802e-12,5.5511151231257827e-16,5.0062953782514796e-11,3.3308477854969866e-12,5.1514348342607263e-14,0.14335441801813431,1.3346331499924418
tri,4,4,0,gll,coupled,0,shortwave,xxx,fe_geometry,158.30213180862506,0.4374242649516028,897.92230030881478,361.89609148943725,246.4344416838299,0.68058512731082044,342.19625570199918,245.39332488591936,0.0014052239479622379,8.1462762692174744e-10,1.879065166315581e-12,0,5.8175686490358203e-14,2.6612887834278698e-12,4.8849813083506888e-14,0.062499999999959095,32,5.8525333871692427e-12,1.0124123761556802e-12,5.5511151231257827e-16,5.0062953782514796e-11,3.3308477854969866e-12,5.1514348342607263e-14,0.14335441801813431,1.3346331499924418
tri,4,4,0,gll,coupled,0,shortwave,xxy,recursive,80.893363122741505,0.29803532017459383,482.88823911873976,271.42206861707831,142.84441487577109,0.52599673768325328,153.17366669179202,104.81324759775293,0.0014052239479622379,2.6837998737502092e-10,8.8463166427922732e-13,0,5.8175686490358203e-14,2.6612887834278698e-12,4.8849813083506888e-14,0.062499999999959095,32,5.8525333871692427e-12,1.0124123761556802e-12,5.5511151231257827e-16,5.0062953782514796e-11,3.3308477854969866e-12,5.1514348342607263e-14,0.14335441801813431,1.3346331499924418
tri,4,4,0,gll,coupled,0,shortwave,xxy,direct,80.893363122720672,0.29803532017451706,482.88823911872976,271.42206861707831,142.84441487574676,0.52599673768316368,153.17366669170792,104.81324759758023,0.0014052239479622379,0,0,0,5.8175686490358203e-14,2.6612887834278698e-12,4.8849813083506888e-14,0.062499999999959095,32,5.8525333871692427e-12,1.0124123761556802e-12,5.5511151231257827e-16,5.0062953782514796e-11,3.3308477854969866e-12,5.1514348342607263e-14,0.14335441801813431,1.3346331499924418
tri,4,4,0,gll,coupled,0,shortwave,xxy,fe_geometry,80.893363122722434,0.29803532017452355,482.88823911757254,271.42206861707831,142.844414875745,0.52599673768315724,153.17366669174518,104.81324759765312,0.0014052239479622379,5.5214980550181063e-10,1.8199911481849194e-12,0,5.8175686490358203e-14,2.6612887834278698e-12,4.8849813083506888e-14,0.062499999999959095,32,5.8525333871692427e-12,1.0124123761556802e-12,5.5511151231257827e-16,5.0062953782514796e-11,3.3308477854969866e-12,5.1514348342607263e-14,0.14335441801813431,1.3346331499924418
tri,4,4,0,gll,coupled,0,shortwave,xyy,recursive,65.151897438412277,0.32005207618951897,441.23437302801557,203.56655146280804,113.57335292192772,0.55761567041676519,133.47792679229073,103.21323787487692,0.0014052239479622379,2.6159109133068573e-10,1.1447141589300053e-12,0,5.8175686490358203e-14,2.6612887834278698e-12,4.8849813083506888e-14,0.062499999999959095,32,5.8525333871692427e-12,1.0124123761556802e-12,5.5511151231257827e-16,5.0062953782514796e-11,3.3308477854969866e-12,5.1514348342607263e-14,0.14335441801813431,1.3346331499924418
tri,4,4,0,gll,coupled,0,shortwave,xyy,direct,65.151897438395252,0.32005207618943532,441.23437302701274,203.56655146280804,113.57335292187621,0.55761567041651217,133.4779267920826,103.21323787464203,0.0014052239479622379,0,0,0,5.8175686490358203e-14,2.6612887834278698e-12,4.8849813083506888e-14,0.062499999999959095,32,5.8525333871692427e-12,1.0124123761556802e-12,5.5511151231257827e-16,5.0062953782514796e-11,3.3308477854969866e-12,5.1514348342607263e-14,0.14335441801813431,1.3346331499924418
tri,4,4,0,gll,coupled,0,shortwave,xyy,fe_geometry,65.151897438388573,0.32005207618940257,441.23437302632163,203.56655146280804,113.57335292187346,0.55761567041649873,133.47792679202993,103.21323787465354,0.0014052239479622379,6.3697753821863182e-10,2.7873931149952473e-12,0,5.8175686490358203e-14,2.6612887834278698e-12,4.8849813083506888e-14,0.062499999999959095,32,5.8525333871692427e-12,1.0124123761556802e-12,5.5511151231257827e-16,5.0062953782514796e-11,3.3308477854969866e-12,5.1514348342607263e-14,0.14335441801813431,1.3346331499924418
tri,4,4,0,gll,coupled,0,shortwave,yyy,recursive,73.859538404834268,0.48376997022406448,445.92026245856721,152.67491359710741,115.05078105537866,0.75315927852980402,164.78526260695813,119.25943136647824,0.0014052239479622379,4.8454698313771934e-10,2.6168531318305476e-12,0,5.8175686490358203e-14,2.6612887834278698e-12,4.8849813083506888e-14,0.062499999999959095,32,5.8525333871692427e-12,1.0124123761556802e-12,5.5511151231257827e-16,5.0062953782514796e-11,3.3308477854969866e-12,5.1514348342607263e-14,0.14335441801813431,1.3346331499924418
tri,4,4,0,gll,coupled,0,shortwave,yyy,direct,73.859538404794392,0.48376997022380325,445.92026245625868,152.67491359710741,115.05078105529155,0.75315927852923381,164.78526260695855,119.2594313665781,0.0014052239479622379,0,0,0,5.8175686490358203e-14,2.6612887834278698e-12,4.8849813083506888e-14,0.062499999999959095,32,5.8525333871692427e-12,1.0124123761556802e-12,5.5511151231257827e-16,5.0062953782514796e-11,3.3308477854969866e-12,5.1514348342607263e-14,0.14335441801813431,1.3346331499924418
tri,4,4,0,gll,coupled,0,shortwave,yyy,fe_geometry,73.859538404833401,0.48376997022405882,445.92026245712282,152.67491359710741,115.0507810553511,0.75315927852962361,164.78526260705223,119.25943136659787,0.0014052239479622379,8.4350915392144155e-10,4.5554706725718761e-12,0,5.8175686490358203e-14,2.6612887834278698e-12,4.8849813083506888e-14,0.062499999999959095,32,5.8525333871692427e-12,1.0124123761556802e-12,5.5511151231257827e-16,5.0062953782514796e-11,3.3308477854969866e-12,5.1514348342607263e-14,0.14335441801813431,1.3346331499924418
tri,4,4,0,gll,coupled,0,exponential,x,recursive,6.1135837491981647e-06,2.609427977160515e-06,8.5966619520760901e-05,2.3428827324258035,1.5101874480644022e-05,6.4078317977197153e-06,1.4321620199889125e-05,8.6158990348552844e-06,7.4694401563577745e-08,3.3614119713167414e-13,1.4347340655395915e-13,0,5.8175686490358203e-14,2.6612887834278698e-12,4.8849813083506888e-14,0.062499999999959095,32,5.8525333871692427e-12,1.0124123761556802e-12,5.5511151231257827e-16,5.0062953782514796e-11,3.3308477854969866e-12,5.1514348342607263e-14,0.14335441801813431,1.3346331499924418
tri,4,4,0,gll,coupled,0,exponential,x,direct,6.1135837770174651e-06,2.6094279890344769e-06,8.5966619336019789e-05,2.3428827324258035,1.5101874543386061e-05,6.4078318243416051e-06,1.4321620211843831e-05,8.6158990889825328e-06,7.4694401563577745e-08,0,0,0,5.8175686490358203e-14,2.6612887834278698e-12,4.8849813083506888e-14,0.062499999999959095,32,5.8525333871692427e-12,1.0124123761556802e-12,5.5511151231257827e-16,5.0062953782514796e-11,3.3308477854969866e-12,5.1514348342607263e-14,0.14335441801813431,1.3346331499924418
tri,4,4,0,gll,coupled,0,exponential,x,fe_geometry,6.1135837749415661e-06,2.6094279881484318e-06,8.5966619558952573e-05,2.3428827324258035,1.5101874548083813e-05,6.4078318263348939e-06,1.4321620280538662e-05,8.6158990929611821e-06,7.4694401563577745e-08,2.2168165381677183e-13,9.4619232379150574e-14,0,5.8175686490358203e-14,2.6612887834278698e-12,4.8849813083506888e-14,0.062499999999959095,32,5.8525333871692427e-12,1.0124123761556802e-12,5.5511151231257827e-16,5.0062953782514796e-11,3.3308477854969866e-12,5.1514348342607263e-14,0.14335441801813431,1.3346331499924418
tri,4,4,0,gll,coupled,0,exponential,y,recursive,4.0503870686766263e-06,3.4576097323342217e-06,8.2341763140370006e-05,1.1714413662129017,1.0526639823404259e-05,8.9330549621514147e-06,1.4500425678987127e-05,8.6012108973459511e-06,7.4694401563577745e-08,3.2101036828424594e-13,2.7403038631461844e-13,0,5.8175686490358203e-14,2.6612887834278698e-12,4.8849813083506888e-14,0.062499999999959095,32,5.8525333871692427e-12,1.0124123761556802e-12,5.5511151231257827e-16,5.0062953782514796e-11,3.3308477854969866e-12,5.1514348342607263e-14,0.14335441801813431,1.3346331499924418
tri,4,4,0,gll,coupled,0,exponential,y,direct,4.0503870618637066e-06,3.4576097265183783e-06,8.2341760486048798e-05,1.1714413662129017,1.0526639819476374e-05,8.9330549588181571e-06,1.4500425745062922e-05,8.601210937695653e-06,7.4694401563577745e-08,0,0,0,5.8175686490358203e-14,2.6612887834278698e-12,4.8849813083506888e-14,0.062499999999959095,32,5.8525333871692427e-12,1.0124123761556802e-12,5.5511151231257827e-16,5.0062953782514796e-11,3.3308477854969866e-12,5.1514348342607263e-14,0.14335441801813431,1.3346331499924418
tri,4,4,0,gll,coupled,0,exponential,y,fe_geometry,4.0503870473407744e-06,3.4576097141208886e-06,8.2341758970372325e-05,1.1714413662129017,1.0526639782919967e-05,8.9330549277958736e-06,1.4500425709079831e-05,8.6012108604728789e-06,7.4694401563577745e-08,2.1284811604510771e-13,1.8169771829467127e-13,0,5.8175686490358203e-14,2.6612887834278698e-12,4.8849813083506888e-14,0.062499999999959095,32,5.8525333871692427e-12,1.0124123761556802e-12,5.5511151231257827e-16,5.0062953782514796e-11,3.3308477854969866e-12,5.1514348342607263e-14,0.14335441801813431,1.3346331499924418
tri,4,4,0,gll,coupled,0,exponential,xx,recursive,0.00037476704840346198,0.00015995979790906176,0.0037456884933968482,2.3428827324258035,0.00074474947685644654,0.00031600245289102342,0.001057691482769208,0.00071182944073251589,7.4694401563577745e-08,2.0112075014086102e-11,8.5844038861242798e-12,0,5.8175686490358203e-14,2.6612887834278698e-12,4.8849813083506888e-14,0.062499999999959095,32,5.8525333871692427e-12,1.0124123761556802e-12,5.5511151231257827e-16,5.0062953782514796e-11,3.3308477854969866e-12,5.1514348342607263e-14,0.14335441801813431,1.3346331499924418
tri,4,4,0,gll,coupled,0,exponential,xx,direct,0.00037476705122575457,0.0001599597991136857,0.0037456884121374046,2.3428827324258035,0.00074474948179082778,0.00031600245498471615,0.0010576914911453296,0.00071182944599996036,7.4694401563577745e-08,0,0,0,5.8175686490358203e-14,2.6612887834278698e-12,4.8849813083506888e-14,0.062499999999959095,32,5.8525333871692427e-12,1.0124123761556802e-12,5.5511151231257827e-16,5.0062953782514796e-11,3.3308477854969866e-12,5.1514348342607263e-14,0.14335441801813431,1.3346331499924418
tri,4,4,0,gll,coupled,0,exponential,xx,fe_geometry,0.00037476704986070847,0.00015995979853105041,0.0037456882880340103,2.3428827324258035,0.00074474947953937203,0.00031600245402940762,0.001057691489518599,0.00071182944383811012,7.4694401563577745e-08,1.0898116301060414e-11,4.6516250491674338e-12,0,5.8175686490358203e-14,2.6612887834278698e-12,4.8849813083506888e-14,0.062499999999959095,32,5.8525333871692427e-12,1.0124123761556802e-12,5.5511151231257827e-16,5.0062953782514796e-11,3.3308477854969866e-12,5.1514348342607263e-14,0.14335441801813431,1.3346331499924418
tri,4,4,0,gll,coupled,0,exponential,xy,recursive,0.00013366623748021291,0.00011410407839048425,0.0018570177405106136,1.1714413662129017,0.00030342264940548796,0.00025748873803723105,0.000365922856019822,0.00027812849698759386,7.4694401563577745e-08,1.6830159675858395e-11,1.4367131413073082e-11,0,5.8175686490358203e-14,2.6612887834278698e-12,4.8849813083506888e-14,0.062499999999959095,32,5.8525333871692427e-12,1.0124123761556802e-12,5.5511151231257827e-16,5.0062953782514796e-11,3.3308477854969866e-12,5.1514348342607263e-14,0.14335441801813431,1.3346331499924418
tri,4,4,0,gll,coupled,0,exponential,xy,direct,0.00013366623757811647,0.00011410407847405956,0.0018570177651704434,1.1714413662129017,0.00030342265030869982,0.0002574887388037094,0.00036592285742011318,0.00027812849930389791,7.4694401563577745e-08,0,0,0,5.8175686490358203e-14,2.6612887834278698e-12,4.8849813083506888e-14,0.062499999999959095,32,5.8525333871692427e-12,1.0124123761556802e-12,5.5511151231257827e-16,5.0062953782514796e-11,3.3308477854969866e-12,5.1514348342607263e-14,0.14335441801813431,1.3346331499924418
tri,4,4,0,gll,coupled,0,exponential,xy,fe_geometry,0.0001336662375892216,0.00011410407848353943,0.0018570177372314589,1.1714413662129017,0.00030342265044580157,0.00025748873892005584,0.00036592285619324897,0.00027812849821035512,7.4694401563577745e-08,8.6255936314896926e-12,7.3632716270149152e-12,0,5.8175686490358203e-14,2.6612887834278698e-12,4.8849813083506888e-14,0.062499999999959095,32,5.8525333871692427e-12,1.0124123761556802e-12,5.5511151231257827e-16,5.0062953782514796e-11,3.3308477854969866e-12,5.1514348342607263e-14,0.14335441801813431,1.3346331499924418
tri,4,4,0,gll,coupled,0,exponential,yy,recursive,0.00013165715540312229,0.00022477805411422438,0.0016342505009816488,0.58572068310645087,0.00026845286243607706,0.00045562576759899357,0.00038271623417849475,0.00025983249935553803,7.4694401563577745e-08,1.8203533076187027e-11,3.1079109842245491e-11,0,5.8175686490358203e-14,2.6612887834278698e-12,4.8849813083506888e-14,0.062499999999959095,32,5.8525333871692427e-12,1.0124123761556802e-12,5.5511151231257827e-16,5.0062953782514796e-11,3.3308477854969866e-12,5.1514348342607263e-14,0.14335441801813431,1.3346331499924418
tri,4,4,0,gll,coupled,0,exponential,yy,direct,0.00013165715227379796,0.00022477804877153384,0.0016342503000514874,0.58572068310645087,0.00026845285577235594,0.00045562575628913812,0.00038271622529599753,0.00025983249292487549,7.4694401563577745e-08,0,0,0,5.8175686490358203e-14,2.6612887834278698e-12,4.8849813083506888e-14,0.062499999999959095,32,5.8525333871692427e-12,1.0124123761556802e-12,5.5511151231257827e-16,5.0062953782514796e-11,3.3308477854969866e-12,5.1514348342607263e-14,0.14335441801813431,1.3346331499924418
tri,4,4,0,gll,coupled,0,exponential,yy,fe_geometry,0.00013165715192491471,0.00022477804817588607,0.0016342503036494982,0.58572068310645087,0.00026845285502718596,0.0004556257550244146,0.00038271622490768331,0.00025983249290901405,7.4694401563577745e-08,9.7769292741598878e-12,1.669226833932437e-11,0,5.8175686490358203e-14,2.6612887834278698e-12,4.8849813083506888e-14,0.062499999999959095,32,5.8525333871692427e-12,1.0124123761556802e-12,5.5511151231257827e-16,5.0062953782514796e-11,3.3308477854969866e-12,5.1514348342607263e-14,0.14335441801813431,1.3346331499924418
tri,4,4,0,gll,coupled,0,exponential,xxx,recursive,0.012405077286755604,0.0052947922297039074,0.081296851596529329,2.3428827324258035,0.019735437140827695,0.0083738850971764537,0.015452756718238297,0.012053077849002683,7.4694401563577745e-08,8.4546727035035609e-10,3.6191484088926424e-10,0,5.8175686490358203e-14,2.6612887834278698e-12,4.8849813083506888e-14,0.062499999999959095,32,5.8525333871692427e-12,1.0124123761556802e-12,5.5511151231257827e-16,5.0062953782514796e-11,3.3308477854969866e-12,5.1514348342607263e-14,0.14335441801813431,1.3346331499924418
tri,4,4,0,gll,coupled,0,exponential,xxx,direct,0.012405077447221942,0.0052947922981948893,0.081296852413569987,2.3428827324258035,0.019735437353654205,0.0083738851874802407,0.015452756780037925,0.012053077737862111,7.4694401563577745e-08,0,0,0,5.8175686490358203e-14,2.6612887834278698e-12,4.8849813083506888e-14,0.062499999999959095,32,5.8525333871692427e-12,1.0124123761556802e-12,5.5511151231257827e-16,5.0062953782514796e-11,3.3308477854969866e-12,5.1514348342607263e-14,0.14335441801813431,1.3346331499924418
tri,4,4,0,gll,coupled,0,exponential,xxx,fe_geometry,0.012405077423036289,0.005294792287871857,0.081296852760858407,2.3428827324258035,0.019735437325681546,0.0083738851756112453,0.01545275664274845,0.012053077650358471,7.4694401563577745e-08,1.3732489723349802e-10,5.8783964885832516e-11,0,5.8175686490358203e-14,2.6612887834278698e-12,4.8849813083506888e-14,0.062499999999959095,32,5.8525333871692427e-12,1.0124123761556802e-12,5.5511151231257827e-16,5.0062953782514796e-11,3.3308477854969866e-12,5.1514348342607263e-14,0.14335441801813431,1.3346331499924418
tri,4,4,0,gll,coupled,0,exponential,xxy,recursive,0.0043493359519954124,0.0037128072112189259,0.031930533879746648,1.1714413662129017,0.0078770631508522562,0.0066845868432254141,0.0063573650865165624,0.0043126513947946707,7.4694401563577745e-08,6.5846332552417158e-10,5.6309685948808338e-10,0,5.8175686490358203e-14,2.6612887834278698e-12,4.8849813083506888e-14,0.062499999999959095,32,5.8525333871692427e-12,1.0124123761556802e-12,5.5511151231257827e-16,5.0062953782514796e-11,3.3308477854969866e-12,5.1514348342607263e-14,0.14335441801813431,1.3346331499924418
tri,4,4,0,gll,coupled,0,exponential,xxy,direct,0.004349335974262924,0.0037128072302275695,0.031930533436073549,1.1714413662129017,0.0078770632044932627,0.0066845868887459286,0.0063573650786309978,0.0043126513463537372,7.4694401563577745e-08,0,0,0,5.8175686490358203e-14,2.6612887834278698e-12,4.8849813083506888e-14,0.062499999999959095,32,5.8525333871692427e-12,1.0124123761556802e-12,5.5511151231257827e-16,5.0062953782514796e-11,3.3308477854969866e-12,5.1514348342607263e-14,0.14335441801813431,1.3346331499924418
tri,4,4,0,gll,coupled,0,exponential,xxy,fe_geometry,0.0043493359619039031,0.0037128072196773013,0.031930533355652102,1.1714413662129017,0.0078770631860774244,0.0066845868731179895,0.0063573651383185452,0.0043126514083066765,7.4694401563577745e-08,2.2062752288187097e-10,1.8867362909319125e-10,0,5.8175686490358203e-14,2.6612887834278698e-12,4.8849813083506888e-14,0.062499999999959095,32,5.8525333871692427e-12,1.0124123761556802e-12,5.5511151231257827e-16,5.0062953782514796e-11,3.3308477854969866e-12,5.1514348342607263e-14,0.14335441801813431,1.3346331499924418
tri,4,4,0,gll,coupled,0,exponential,xyy,recursive,0.002571899251327006,0.0043909995421137962,0.022575021905904658,0.58572068310645087,0.004547634790007719,0.0077183739936858963,0.0053605512493358626,0.0041823289323560742,7.4694401563577745e-08,7.8880082908214517e-10,1.3492935416005985e-09,0,5.8175686490358203e-14,2.6612887834278698e-12,4.8849813083506888e-14,0.062499999999959095,32,5.8525333871692427e-12,1.0124123761556802e-12,5.5511151231257827e-16,5.0062953782514796e-11,3.3308477854969866e-12,5.1514348342607263e-14,0.14335441801813431,1.3346331499924418
tri,4,4,0,gll,coupled,0,exponential,xyy,direct,0.0025718991678114174,0.0043909993995277638,0.022575025213097399,0.58572068310645087,0.0045476346471034317,0.0077183737511447113,0.0053605508814478986,0.0041823287996184738,7.4694401563577745e-08,0,0,0,5.8175686490358203e-14,2.6612887834278698e-12,4.8849813083506888e-14,0.062499999999959095,32,5.8525333871692427e-12,1.0124123761556802e-12,5.5511151231257827e-16,5.0062953782514796e-11,3.3308477854969866e-12,5.1514348342607263e-14,0.14335441801813431,1.3346331499924418
tri,4,4,0,gll,coupled,0,exponential,xyy,fe_geometry,0.0025718991509211778,0.0043909993706910842,0.022575024364776208,0.58572068310645087,0.0045476346220863651,0.0077183737086850401,0.0053605507930125649,0.0041823286983886298,7.4694401563577745e-08,2.6962200643892688e-10,4.6120543811390082e-10,0,5.8175686490358203e-14,2.6612887834278698e-12,4.8849813083506888e-14,0.062499999999959095,32,5.8525333871692427e-12,1.0124123761556802e-12,5.5511151231257827e-16,5.0062953782514796e-11,3.3308477854969866e-12,5.1514348342607263e-14,0.14335441801813431,1.3346331499924418
tri,4,4,0,gll,coupled,0,exponential,yyy,recursive,0.0019791515146402993,0.0067580045292018531,0.015054555485726318,0.29286034155322543,0.0031816545021425076,0.010799987466094962,0.0042075470686809141,0.0031104223829792484,7.4694401563577745e-08,6.884868714699813e-10,2.3586830506522113e-09,0,5.8175686490358203e-14,2.6612887834278698e-12,4.8849813083506888e-14,0.062499999999959095,32,5.8525333871692427e-12,1.0124123761556802e-12,5.5511151231257827e-16,5.0062953782514796e-11,3.3308477854969866e-12,5.1514348342607263e-14,0.14335441801813431,1.3346331499924418
tri,4,4,0,gll,coupled,0,exponential,yyy,direct,0.0019791514958792619,0.0067580044651404728,0.015054554892158234,0.29286034155322543,0.0031816544835025001,0.010799987402822269,0.0042075470990577471,0.0031104224777785744,7.4694401563577745e-08,0,0,0,5.8175686490358203e-14,2.6612887834278698e-12,4.8849813083506888e-14,0.062499999999959095,32,5.8525333871692427e-12,1.0124123761556802e-12,5.5511151231257827e-16,5.0062953782514796e-11,3.3308477854969866e-12,5.1514348342607263e-14,0.14335441801813431,1.3346331499924418
tri,4,4,0,gll,coupled,0,exponential,yyy,fe_geometry,0.0019791515289196817,0.0067580045779601864,0.015054556795133456,0.29286034155322543,0.0031816545380532655,0.010799987587992464,0.0042075471659980962,0.0031104225089519746,7.4694401563577745e-08,3.1484616019906082e-10,1.0786295750838216e-09,0,5.8175686490358203e-14,2.6612887834278698e-12,4.8849813083506888e-14,0.062499999999959095,32,5.8525333871692427e-12,1.0124123761556802e-12,5.5511151231257827e-16,5.0062953782514796e-11,3.3308477854969866e-12,5.1514348342607263e-14,0.14335441801813431,1.3346331499924418
tri,4,4,0,gll,coupled,0,constant,x,recursive,1.856882727383708e-13,nan,1.3153568815609692e-12,0,3.2368999446368618e-13,nan,4.2514139061133081e-13,3.1912663593948546e-13,4.4802675533605737e-15,1.351961585374564e-13,nan,0,5.8175686490358203e-14,2.6612887834278698e-12,4.8849813083506888e-14,0.062499999999959095,32,5.8525333871692427e-12,1.0124123761556802e-12,5.5511151231257827e-16,5.0062953782514796e-11,3.3308477854969866e-12,5.1514348342607263e-14,0.14335441801813431,1.3346331499924418
tri,4,4,0,gll,coupled,0,constant,x,direct,1.7312038303098533e-13,nan,1.2134799529942001e-12,0,3.0998691092746186e-13,nan,5.0715720240843201e-13,4.0496876018841725e-13,4.4802675533605737e-15,0,nan,0,5.8175686490358203e-14,2.6612887834278698e-12,4.8849813083506888e-14,0.062499999999959095,32,5.8525333871692427e-12,1.0124123761556802e-12,5.5511151231257827e-16,5.0062953782514796e-11,3.3308477854969866e-12,5.1514348342607263e-14,0.14335441801813431,1.3346331499924418
tri,4,4,0,gll,coupled,0,constant,x,fe_geometry,1.7312038303098604e-13,nan,1.2134799529941149e-12,0,3.0998691092746459e-13,nan,5.0715720240843241e-13,4.0496876018841786e-13,4.4802675533605737e-15,1.2973499284795536e-26,nan,0,5.8175686490358203e-14,2.6612887834278698e-12,4.8849813083506888e-14,0.062499999999959095,32,5.8525333871692427e-12,1.0124123761556802e-12,5.5511151231257827e-16,5.0062953782514796e-11,3.3308477854969866e-12,5.1514348342607263e-14,0.14335441801813431,1.3346331499924418
tri,4,4,0,gll,coupled,0,constant,y,recursive,1.9050274405626131e-13,nan,1.2871857487062714e-12,0,3.3680081648495967e-13,nan,4.4737028664708324e-13,3.3508695755829549e-13,4.4802675533605737e-15,1.2181171646888295e-13,nan,0,5.8175686490358203e-14,2.6612887834278698e-12,4.8849813083506888e-14,0.062499999999959095,32,5.8525333871692427e-12,1.0124123761556802e-12,5.5511151231257827e-16,5.0062953782514796e-11,3.3308477854969866e-12,5.1514348342607263e-14,0.14335441801813431,1.3346331499924418
tri,4,4,0,gll,coupled,0,constant,y,direct,1.9458297354710283e-13,nan,1.1717868977593319e-12,0,3.4642848453602032e-13,nan,5.9690613016377182e-13,4.7248617665198707e-13,4.4802675533605737e-15,0,nan,0,5.8175686490358203e-14,2.6612887834278698e-12,4.8849813083506888e-14,0.062499999999959095,32,5.8525333871692427e-12,1.0124123761556802e-12,5.5511151231257827e-16,5.0062953782514796e-11,3.3308477854969866e-12,5.1514348342607263e-14,0.14335441801813431,1.3346331499924418
tri,4,4,0,gll,coupled,0,constant,y,fe_geometry,1.9458297354709963e-13,nan,1.1717868977595591e-12,0,3.464284845360131e-13,nan,5.9690613016376193e-13,4.7248617665198031e-13,4.4802675533605737e-15,1.268953921940747e-26,nan,0,5.8175686490358203e-14,2.6612887834278698e-12,4.8849813083506888e-14,0.062499999999959095,32,5.8525333871692427e-12,1.0124123761556802e-12,5.5511151231257827e-16,5.0062953782514796e-11,3.3308477854969866e-12,5.1514348342607263e-14,0.14335441801813431,1.3346331499924418
tri,4,4,0,gll,coupled,0,constant,xx,recursive,9.8483971239119746e-12,nan,8.5658873788296616e-11,0,1.7721037927262803e-11,nan,2.3078963432529839e-11,1.7303547250750442e-11,4.4802675533605737e-15,8.5004447943578217e-12,1.2158332172247333,0,5.8175686490358203e-14,2.6612887834278698e-12,4.8849813083506888e-14,0.062499999999959095,32,5.8525333871692427e-12,1.0124123761556802e-12,5.5511151231257827e-16,5.0062953782514796e-11,3.3308477854969866e-12,5.1514348342607263e-14,0.14335441801813431,1.3346331499924418
tri,4,4,0,gll,coupled,0,constant,xx,direct,6.9914562901653375e-12,nan,4.6624780241034501e-11,0,1.1475213594858245e-11,nan,1.3567715063693176e-11,1.0280594733952547e-11,4.4802675533605737e-15,0,0,0,5.8175686490358203e-14,2.6612887834278698e-12,4.8849813083506888e-14,0.062499999999959095,32,5.8525333871692427e-12,1.0124123761556802e-12,5.5511151231257827e-16,5.0062953782514796e-11,3.3308477854969866e-12,5.1514348342607263e-14,0.14335441801813431,1.3346331499924418
tri,4,4,0,gll,coupled,0,constant,xx,fe_geometry,6.9914562901655508e-12,nan,4.6624780241042191e-11,0,1.1475213594858727e-11,nan,1.3567715063694097e-11,1.0280594733953326e-11,4.4802675533605737e-15,1.3553943888723097e-24,1.9386438713475195e-13,0,5.8175686490358203e-14,2.6612887834278698e-12,4.8849813083506888e-14,0.062499999999959095,32,5.8525333871692427e-12,1.0124123761556802e-12,5.5511151231257827e-16,5.0062953782514796e-11,3.3308477854969866e-12,5.1514348342607263e-14,0.14335441801813431,1.3346331499924418
tri,4,4,0,gll,coupled,0,constant,xy,recursive,7.6032819193078117e-12,nan,4.5843476255059323e-11,0,1.4342774968431217e-11,nan,2.2801800520426457e-11,1.8206734138924292e-11,4.4802675533605737e-15,6.7136569505477048e-12,1.1521581737692417,0,5.8175686490358203e-14,2.6612887834278698e-12,4.8849813083506888e-14,0.062499999999959095,32,5.8525333871692427e-12,1.0124123761556802e-12,5.5511151231257827e-16,5.0062953782514796e-11,3.3308477854969866e-12,5.1514348342607263e-14,0.14335441801813431,1.3346331499924418
tri,4,4,0,gll,coupled,0,constant,xy,direct,5.8270271421017051e-12,nan,3.950309577429331e-11,0,9.4189715869281463e-12,nan,1.2156529827621129e-11,9.2269786898193187e-12,4.4802675533605737e-15,0,0,0,5.8175686490358203e-14,2.6612887834278698e-12,4.8849813083506888e-14,0.062499999999959095,32,5.8525333871692427e-12,1.0124123761556802e-12,5.5511151231257827e-16,5.0062953782514796e-11,3.3308477854969866e-12,5.1514348342607263e-14,0.14335441801813431,1.3346331499924418
tri,4,4,0,gll,coupled,0,constant,xy,fe_geometry,5.8270271421017164e-12,nan,3.9503095774287946e-11,0,9.4189715869282658e-12,nan,1.2156529827621456e-11,9.2269786898200683e-12,4.4802675533605737e-15,1.04980950369458e-24,1.8016210978484173e-13,0,5.8175686490358203e-14,2.6612887834278698e-12,4.8849813083506888e-14,0.062499999999959095,32,5.8525333871692427e-12,1.0124123761556802e-12,5.5511151231257827e-16,5.0062953782514796e-11,3.3308477854969866e-12,5.1514348342607263e-14,0.14335441801813431,1.3346331499924418
tri,4,4,0,gll,coupled,0,constant,yy,recursive,1.0178530331006229e-11,nan,9.8396943591365809e-11,0,1.8529615282435899e-11,nan,2.4953166978525245e-11,1.823443209998947e-11,4.4802675533605737e-15,7.4358118790219435e-12,0.92934628980573519,0,5.8175686490358203e-14,2.6612887834278698e-12,4.8849813083506888e-14,0.062499999999959095,32,5.8525333871692427e-12,1.0124123761556802e-12,5.5511151231257827e-16,5.0062953782514796e-11,3.3308477854969866e-12,5.1514348342607263e-14,0.14335441801813431,1.3346331499924418
tri,4,4,0,gll,coupled,0,constant,yy,direct,8.0011207453965078e-12,nan,5.2534527601590392e-11,0,1.1928870601255489e-11,nan,1.3678319002284227e-11,1.003076802906213e-11,4.4802675533605737e-15,0,0,0,5.8175686490358203e-14,2.6612887834278698e-12,4.8849813083506888e-14,0.062499999999959095,32,5.8525333871692427e-12,1.0124123761556802e-12,5.5511151231257827e-16,5.0062953782514796e-11,3.3308477854969866e-12,5.1514348342607263e-14,0.14335441801813431,1.3346331499924418
tri,4,4,0,gll,coupled,0,constant,yy,fe_geometry,8.0011207453963753e-12,nan,5.253452760160574e-11,0,1.1928870601255135e-11,nan,1.3678319002284009e-11,1.0030768029061722e-11,4.4802675533605737e-15,1.3257393368304213e-24,1.6569420447669075e-13,0,5.8175686490358203e-14,2.6612887834278698e-12,4.8849813083506888e-14,0.062499999999959095,32,5.8525333871692427e-12,1.0124123761556802e-12,5.5511151231257827e-16,5.0062953782514796e-11,3.3308477854969866e-12,5.1514348342607263e-14,0.14335441801813431,1.3346331499924418
tri,4,4,0,gll,coupled,0,constant,xxx,recursive,3.5135197445896245e-10,nan,1.3445686379318034e-09,0,5.2886071510424611e-10,nan,8.9161604432410227e-10,7.1673902642887484e-10,4.4802675533605737e-15,3.5203577328666514e-10,2.0423565384475513,0,5.8175686490358203e-14,2.6612887834278698e-12,4.8849813083506888e-14,0.062499999999959095,32,5.8525333871692427e-12,1.0124123761556802e-12,5.5511151231257827e-16,5.0062953782514796e-11,3.3308477854969866e-12,5.1514348342607263e-14,0.14335441801813431,1.3346331499924418
tri,4,4,0,gll,coupled,0,constant,xxx,direct,1.7236744253981081e-10,nan,7.8088752614109453e-10,0,2.3436919505449018e-10,nan,3.2446790282170712e-10,2.5660909846425666e-10,4.4802675533605737e-15,0,0,0,5.8175686490358203e-14,2.6612887834278698e-12,4.8849813083506888e-14,0.062499999999959095,32,5.8525333871692427e-12,1.0124123761556802e-12,5.5511151231257827e-16,5.0062953782514796e-11,3.3308477854969866e-12,5.1514348342607263e-14,0.14335441801813431,1.3346331499924418
tri,4,4,0,gll,coupled,0,constant,xxx,fe_geometry,1.7236744253982523e-10,nan,7.808875261412639e-10,0,2.3436919505452539e-10,nan,3.2446790282175209e-10,2.5660909846427791e-10,4.4802675533605737e-15,9.4341134838270721e-23,5.4732572142492187e-13,0,5.8175686490358203e-14,2.6612887834278698e-12,4.8849813083506888e-14,0.062499999999959095,32,5.8525333871692427e-12,1.0124123761556802e-12,5.5511151231257827e-16,5.0062953782514796e-11,3.3308477854969866e-12,5.1514348342607263e-14,0.14335441801813431,1.3346331499924418
tri,4,4,0,gll,coupled,0,constant,xxy,recursive,2.6835870603612304e-10,nan,1.3013940554509633e-09,0,4.5061063352452071e-10,nan,6.9726418648649718e-10,5.746696059065934e-10,4.4802675533605737e-15,2.763457393447776e-10,2.2052055745925934,0,5.8175686490358203e-14,2.6612887834278698e-12,4.8849813083506888e-14,0.062499999999959095,32,5.8525333871692427e-12,1.0124123761556802e-12,5.5511151231257827e-16,5.0062953782514796e-11,3.3308477854969866e-12,5.1514348342607263e-14,0.14335441801813431,1.3346331499924418
tri,4,4,0,gll,coupled,0,constant,xxy,direct,1.2531518264270298e-10,nan,5.8452379569396846e-10,0,1.6565826141655706e-10,nan,2.6103388048981391e-10,2.0996605956003584e-10,4.4802675533605737e-15,0,0,0,5.8175686490358203e-14,2.6612887834278698e-12,4.8849813083506888e-14,0.062499999999959095,32,5.8525333871692427e-12,1.0124123761556802e-12,5.5511151231257827e-16,5.0062953782514796e-11,3.3308477854969866e-12,5.1514348342607263e-14,0.14335441801813431,1.3346331499924418
tri,4,4,0,gll,coupled,0,constant,xxy,fe_geometry,1.2531518264270645e-10,nan,5.8452379569363397e-10,0,1.6565826141656712e-10,nan,2.6103388048981303e-10,2.0996605956004908e-10,4.4802675533605737e-15,6.6719361906343878e-23,5.3241243797707464e-13,0,5.8175686490358203e-14,2.6612887834278698e-12,4.8849813083506888e-14,0.062499999999959095,32,5.8525333871692427e-12,1.0124123761556802e-12,5.5511151231257827e-16,5.0062953782514796e-11,3.3308477854969866e-12,5.1514348342607263e-14,0.14335441801813431,1.3346331499924418
tri,4,4,0,gll,coupled,0,constant,xyy,recursive,3.2384441752738358e-10,nan,1.9072699906112264e-09,0,5.4078735449662995e-10,nan,6.4182244537992488e-10,5.5368700296129403e-10,4.4802675533605737e-15,3.3121808490620601e-10,3.2030249102269677,0,5.8175686490358203e-14,2.6612887834278698e-12,4.8849813083506888e-14,0.062499999999959095,32,5.8525333871692427e-12,1.0124123761556802e-12,5.5511151231257827e-16,5.0062953782514796e-11,3.3308477854969866e-12,5.1514348342607263e-14,0.14335441801813431,1.3346331499924418
tri,4,4,0,gll,coupled,0,constant,xyy,direct,1.034079016521716e-10,nan,3.4746610826315784e-10,0,1.2821780086770827e-10,nan,2.1175392322848136e-10,1.7417477400444631e-10,4.4802675533605737e-15,0,0,0,5.8175686490358203e-14,2.6612887834278698e-12,4.8849813083506888e-14,0.062499999999959095,32,5.8525333871692427e-12,1.0124123761556802e-12,5.5511151231257827e-16,5.0062953782514796e-11,3.3308477854969866e-12,5.1514348342607263e-14,0.14335441801813431,1.3346331499924418
tri,4,4,0,gll,coupled,0,constant,xyy,fe_geometry,1.0340790165216904e-10,nan,3.4746610826320964e-10,0,1.2821780086770483e-10,nan,2.11753923228475e-10,1.74174774004446e-10,4.4802675533605737e-15,6.2208192824319537e-23,6.0158065128878033e-13,0,5.8175686490358203e-14,2.6612887834278698e-12,4.8849813083506888e-14,0.062499999999959095,32,5.8525333871692427e-12,1.0124123761556802e-12,5.5511151231257827e-16,5.0062953782514796e-11,3.3308477854969866e-12,5.1514348342607263e-14,0.14335441801813431,1.3346331499924418
tri,4,4,0,gll,coupled,0,constant,yyy,recursive,3.0923251532343502e-10,nan,1.0028831368076479e-09,0,4.7011618983523794e-10,nan,9.0380324689783667e-10,7.2952498831572831e-10,4.4802675533605737e-15,3.0217155337166824e-10,2.3709759074748984,0,5.8175686490358203e-14,2.6612887834278698e-12,4.8849813083506888e-14,0.062499999999959095,32,5.8525333871692427e-12,1.0124123761556802e-12,5.5511151231257827e-16,5.0062953782514796e-11,3.3308477854969866e-12,5.1514348342607263e-14,0.14335441801813431,1.3346331499924418
tri,4,4,0,gll,coupled,0,constant,yyy,direct,1.2744606658339371e-10,nan,6.1674953421141487e-10,0,1.6473043177950201e-10,nan,2.1963633159775957e-10,1.7212375093567918e-10,4.4802675533605737e-15,0,0,0,5.8175686490358203e-14,2.6612887834278698e-12,4.8849813083506888e-14,0.062499999999959095,32,5.8525333871692427e-12,1.0124123761556802e-12,5.5511151231257827e-16,5.0062953782514796e-11,3.3308477854969866e-12,5.1514348342607263e-14,0.14335441801813431,1.3346331499924418
tri,4,4,0,gll,coupled,0,constant,yyy,fe_geometry,1.2744606658338154e-10,nan,6.1674953421192183e-10,0,1.6473043177947318e-10,nan,2.1963633159775079e-10,1.7212375093567166e-10,4.4802675533605737e-15,8.9962742842307373e-23,7.0588873594965513e-13,0,5.8175686490358203e-14,2.6612887834278698e-12,4.8849813083506888e-14,0.062499999999959095,32,5.8525333871692427e-12,1.0124123761556802e-12,5.5511151231257827e-16,5.0062953782514796e-11,3.3308477854969866e-12,5.1514348342607263e-14,0.14335441801813431,1.3346331499924418
tri,4,4,0,gll,coupled,0,physical_quadratic,x,recursive,2.410371157303739e-13,1.4760448565289843e-13,3.0824232055692846e-12,1.6329931618554492,4.6391659134440768e-13,2.8282597487939215e-13,6.7613976839122611e-13,4.3905493803761676e-13,5.5810567399109784e-15,1.866490530309593e-13,1.1429873522488413e-13,0,5.8175686490358203e-14,2.6612887834278698e-12,4.8849813083506888e-14,0.062499999999959095,32,5.8525333871692427e-12,1.0124123761556802e-12,5.5511151231257827e-16,5.0062953782514796e-11,3.3308477854969866e-12,5.1514348342607263e-14,0.14335441801813431,1.3346331499924418
tri,4,4,0,gll,coupled,0,physical_quadratic,x,direct,3.0085805401926149e-13,1.8423717933847241e-13,3.7352343440488767e-12,1.6329931618554492,5.8625335260871729e-13,3.5740837700451698e-13,9.9418444797518288e-13,6.3939765781274718e-13,5.5810567399109784e-15,0,0,0,5.8175686490358203e-14,2.6612887834278698e-12,4.8849813083506888e-14,0.062499999999959095,32,5.8525333871692427e-12,1.0124123761556802e-12,5.5511151231257827e-16,5.0062953782514796e-11,3.3308477854969866e-12,5.1514348342607263e-14,0.14335441801813431,1.3346331499924418
tri,4,4,0,gll,coupled,0,physical_quadratic,x,fe_geometry,2.956565824788887e-13,1.8105194154209195e-13,4.3161030305327586e-12,1.6329931618554492,5.7795352060842936e-13,3.5234839829150317e-13,7.6550949017559318e-13,5.3380309822178855e-13,5.5810567399109784e-15,2.112830867874822e-13,1.2938393847737877e-13,0,5.8175686490358203e-14,2.6612887834278698e-12,4.8849813083506888e-14,0.062499999999959095,32,5.8525333871692427e-12,1.0124123761556802e-12,5.5511151231257827e-16,5.0062953782514796e-11,3.3308477854969866e-12,5.1514348342607263e-14,0.14335441801813431,1.3346331499924418
tri,4,4,0,gll,coupled,0,physical_quadratic,y,recursive,2.5385877463929744e-13,1.5545611614861624e-13,2.7351454434665357e-12,1.6329931618554532,4.9369883392821315e-13,3.0098266931545289e-13,7.4794274509504759e-13,4.7961111346077023e-13,5.5810567399109784e-15,1.8854104310686803e-13,1.1545733779597957e-13,0,5.8175686490358203e-14,2.6612887834278698e-12,4.8849813083506888e-14,0.062499999999959095,32,5.8525333871692427e-12,1.0124123761556802e-12,5.5511151231257827e-16,5.0062953782514796e-11,3.3308477854969866e-12,5.1514348342607263e-14,0.14335441801813431,1.3346331499924418
tri,4,4,0,gll,coupled,0,physical_quadratic,y,direct,3.1061316700303629e-13,1.9021094163683381e-13,3.0597746558669314e-12,1.6329931618554532,5.8242268797643896e-13,3.5507301871107778e-13,1.0946200206886256e-12,7.0619213666613133e-13,5.5810567399109784e-15,0,0,0,5.8175686490358203e-14,2.6612887834278698e-12,4.8849813083506888e-14,0.062499999999959095,32,5.8525333871692427e-12,1.0124123761556802e-12,5.5511151231257827e-16,5.0062953782514796e-11,3.3308477854969866e-12,5.1514348342607263e-14,0.14335441801813431,1.3346331499924418
tri,4,4,0,gll,coupled,0,physical_quadratic,y,fe_geometry,3.1042662240537811e-13,1.9009670686719999e-13,2.7475799413423374e-12,1.6329931618554532,5.6687885201803246e-13,3.4559674508705905e-13,8.9743421548187913e-13,5.7213426592462502e-13,5.5810567399109784e-15,2.0338331812734142e-13,1.245463379015338e-13,0,5.8175686490358203e-14,2.6612887834278698e-12,4.8849813083506888e-14,0.062499999999959095,32,5.8525333871692427e-12,1.0124123761556802e-12,5.5511151231257827e-16,5.0062953782514796e-11,3.3308477854969866e-12,5.1514348342607263e-14,0.14335441801813431,1.3346331499924418
tri,4,4,0,gll,coupled,0,physical_quadratic,xx,recursive,1.2686335119935635e-11,6.3431675599678945e-12,1.402808980088821e-10,1.9999999999999758,2.2430140502226063e-11,1.1215070251113032e-11,2.3234194684603705e-11,1.6298584100620403e-11,5.5810567399109784e-15,1.0114225033183016e-11,5.0571125166036986e-12,0,5.8175686490358203e-14,2.6612887834278698e-12,4.8849813083506888e-14,0.062499999999959095,32,5.8525333871692427e-12,1.0124123761556802e-12,5.5511151231257827e-16,5.0062953782514796e-11,3.3308477854969866e-12,5.1514348342607263e-14,0.14335441801813431,1.3346331499924418
tri,4,4,0,gll,coupled,0,physical_quadratic,xx,direct,1.4175461041070506e-11,7.0877305205353395e-12,1.1691070334052256e-10,1.9999999999999758,2.3262028818928817e-11,1.1631014409464409e-11,1.984283675695648e-11,1.4228275834689508e-11,5.5810567399109784e-15,0,0,0,5.8175686490358203e-14,2.6612887834278698e-12,4.8849813083506888e-14,0.062499999999959095,32,5.8525333871692427e-12,1.0124123761556802e-12,5.5511151231257827e-16,5.0062953782514796e-11,3.3308477854969866e-12,5.1514348342607263e-14,0.14335441801813431,1.3346331499924418
tri,4,4,0,gll,coupled,0,physical_quadratic,xx,fe_geometry,1.2622025425918306e-11,6.3110127129592288e-12,1.3363821160794487e-10,1.9999999999999758,2.135906127683183e-11,1.0679530638415915e-11,3.0862109338579164e-11,2.1762741256670936e-11,5.5810567399109784e-15,1.0309702735127141e-11,5.154851367575997e-12,0,5.8175686490358203e-14,2.6612887834278698e-12,4.8849813083506888e-14,0.062499999999959095,32,5.8525333871692427e-12,1.0124123761556802e-12,5.5511151231257827e-16,5.0062953782514796e-11,3.3308477854969866e-12,5.1514348342607263e-14,0.14335441801813431,1.3346331499924418
tri,4,4,0,gll,coupled,0,physical_quadratic,xy,recursive,9.0074104100718894e-12,9.0074104100719992e-12,8.2668316636613781e-11,0.9999999999999879,1.6935955749550923e-11,1.6935955749550923e-11,2.2206318771345893e-11,1.6681423649364241e-11,5.5810567399109784e-15,8.6970214170721896e-12,8.6970214170382202e-12,0,5.8175686490358203e-14,2.6612887834278698e-12,4.8849813083506888e-14,0.062499999999959095,32,5.8525333871692427e-12,1.0124123761556802e-12,5.5511151231257827e-16,5.0062953782514796e-11,3.3308477854969866e-12,5.1514348342607263e-14,0.14335441801813431,1.3346331499924418
tri,4,4,0,gll,coupled,0,physical_quadratic,xy,direct,1.0534250206229286e-11,1.0534250206229414e-11,7.3020478552621171e-11,0.9999999999999879,1.7291765852957936e-11,1.7291765852957936e-11,1.3967899751947442e-11,1.0644875060157133e-11,5.5810567399109784e-15,0,0,0,5.8175686490358203e-14,2.6612887834278698e-12,4.8849813083506888e-14,0.062499999999959095,32,5.8525333871692427e-12,1.0124123761556802e-12,5.5511151231257827e-16,5.0062953782514796e-11,3.3308477854969866e-12,5.1514348342607263e-14,0.14335441801813431,1.3346331499924418
tri,4,4,0,gll,coupled,0,physical_quadratic,xy,fe_geometry,8.7269744457010003e-12,8.7269744457011053e-12,9.1674667856977976e-11,0.9999999999999879,1.4585076861030797e-11,1.4585076861030797e-11,2.3043349591428661e-11,1.5965662668404901e-11,5.5810567399109784e-15,8.1614782143723062e-12,8.1614782143404307e-12,0,5.8175686490358203e-14,2.6612887834278698e-12,4.8849813083506888e-14,0.062499999999959095,32,5.8525333871692427e-12,1.0124123761556802e-12,5.5511151231257827e-16,5.0062953782514796e-11,3.3308477854969866e-12,5.1514348342607263e-14,0.14335441801813431,1.3346331499924418
tri,4,4,0,gll,coupled,0,physical_quadratic,yy,recursive,1.4125245579933504e-11,7.0626227899668376e-12,2.1104185066178616e-10,1.9999999999999758,2.5671305488057251e-11,1.2835652744028626e-11,2.7638615936636107e-11,1.7847776530291878e-11,5.5810567399109784e-15,9.4527223543253354e-12,4.7263611771759131e-12,0,5.8175686490358203e-14,2.6612887834278698e-12,4.8849813083506888e-14,0.062499999999959095,32,5.8525333871692427e-12,1.0124123761556802e-12,5.5511151231257827e-16,5.0062953782514796e-11,3.3308477854969866e-12,5.1514348342607263e-14,0.14335441801813431,1.3346331499924418
tri,4,4,0,gll,coupled,0,physical_quadratic,yy,direct,1.3069359525567345e-11,6.5346797627837517e-12,1.170503693970204e-10,1.9999999999999758,2.095727841037987e-11,1.0478639205189935e-11,1.7754364293143428e-11,1.2620551429323014e-11,5.5810567399109784e-15,0,0,0,5.8175686490358203e-14,2.6612887834278698e-12,4.8849813083506888e-14,0.062499999999959095,32,5.8525333871692427e-12,1.0124123761556802e-12,5.5511151231257827e-16,5.0062953782514796e-11,3.3308477854969866e-12,5.1514348342607263e-14,0.14335441801813431,1.3346331499924418
tri,4,4,0,gll,coupled,0,physical_quadratic,yy,fe_geometry,1.2091850330613958e-11,6.0459251653070527e-12,1.1964051971347089e-10,1.9999999999999758,1.8533920683033431e-11,9.2669603415167157e-12,1.9569292698520144e-11,1.3205638578971867e-11,5.5810567399109784e-15,9.2927951257078063e-12,4.6463975628669248e-12,0,5.8175686490358203e-14,2.6612887834278698e-12,4.8849813083506888e-14,0.062499999999959095,32,5.8525333871692427e-12,1.0124123761556802e-12,5.5511151231257827e-16,5.0062953782514796e-11,3.3308477854969866e-12,5.1514348342607263e-14,0.14335441801813431,1.3346331499924418
tri,4,4,0,gll,coupled,0,physical_quadratic,xxx,recursive,3.812685256930857e-10,nan,2.4047814244419204e-09,0,5.5369265441202019e-10,nan,8.754923694703072e-10,5.9894488330475397e-10,5.5810567399109784e-15,4.0010103375707231e-10,1.2837440856589641,0,5.8175686490358203e-14,2.6612887834278698e-12,4.8849813083506888e-14,0.062499999999959095,32,5.8525333871692427e-12,1.0124123761556802e-12,5.5511151231257827e-16,5.0062953782514796e-11,3.3308477854969866e-12,5.1514348342607263e-14,0.14335441801813431,1.3346331499924418
tri,4,4,0,gll,coupled,0,physical_quadratic,xxx,direct,3.1166728495710637e-10,nan,1.7982743814204113e-09,0,4.0598903704245121e-10,nan,6.3111507160610108e-10,4.0458960845663898e-10,5.5810567399109784e-15,0,0,0,5.8175686490358203e-14,2.6612887834278698e-12,4.8849813083506888e-14,0.062499999999959095,32,5.8525333871692427e-12,1.0124123761556802e-12,5.5511151231257827e-16,5.0062953782514796e-11,3.3308477854969866e-12,5.1514348342607263e-14,0.14335441801813431,1.3346331499924418
tri,4,4,0,gll,coupled,0,physical_quadratic,xxx,fe_geometry,3.2429165184984896e-10,nan,2.0434505352171841e-09,0,4.3733338862087116e-10,nan,6.2383009317591167e-10,4.2356777662562459e-10,5.5810567399109784e-15,1.294486203550936e-10,0.4153423429504613,0,5.8175686490358203e-14,2.6612887834278698e-12,4.8849813083506888e-14,0.062499999999959095,32,5.8525333871692427e-12,1.0124123761556802e-12,5.5511151231257827e-16,5.0062953782514796e-11,3.3308477854969866e-12,5.1514348342607263e-14,0.14335441801813431,1.3346331499924418
tri,4,4,0,gll,coupled,0,physical_quadratic,xxy,recursive,3.3494527734329613e-10,nan,2.6293559505193516e-09,0,5.5304800829964711e-10,nan,6.9426867761027194e-10,4.8878014800654289e-10,5.5810567399109784e-15,3.1771375644990173e-10,1.196176696163932,0,5.8175686490358203e-14,2.6612887834278698e-12,4.8849813083506888e-14,0.062499999999959095,32,5.8525333871692427e-12,1.0124123761556802e-12,5.5511151231257827e-16,5.0062953782514796e-11,3.3308477854969866e-12,5.1514348342607263e-14,0.14335441801813431,1.3346331499924418
tri,4,4,0,gll,coupled,0,physical_quadratic,xxy,direct,2.6560771286448821e-10,nan,1.3922899140037477e-09,0,3.4770964533138148e-10,nan,6.0709542730472153e-10,3.905352432946194e-10,5.5810567399109784e-15,0,0,0,5.8175686490358203e-14,2.6612887834278698e-12,4.8849813083506888e-14,0.062499999999959095,32,5.8525333871692427e-12,1.0124123761556802e-12,5.5511151231257827e-16,5.0062953782514796e-11,3.3308477854969866e-12,5.1514348342607263e-14,0.14335441801813431,1.3346331499924418
tri,4,4,0,gll,coupled,0,physical_quadratic,xxy,fe_geometry,1.9030295970186191e-10,nan,1.3585271123764053e-09,0,2.6159037083493927e-10,nan,4.0506110920024531e-10,3.0246039490201302e-10,5.5810567399109784e-15,2.0677013600438734e-10,0.77847941151422995,0,5.8175686490358203e-14,2.6612887834278698e-12,4.8849813083506888e-14,0.062499999999959095,32,5.8525333871692427e-12,1.0124123761556802e-12,5.5511151231257827e-16,5.0062953782514796e-11,3.3308477854969866e-12,5.1514348342607263e-14,0.14335441801813431,1.3346331499924418
tri,4,4,0,gll,coupled,0,physical_quadratic,xyy,recursive,3.3862072935347585e-10,nan,3.1194605423223776e-09,0,5.6968961661035539e-10,nan,6.9988238683505298e-10,5.0730228411256821e-10,5.5810567399109784e-15,3.7893942478885192e-10,1.5221574297667062,0,5.8175686490358203e-14,2.6612887834278698e-12,4.8849813083506888e-14,0.062499999999959095,32,5.8525333871692427e-12,1.0124123761556802e-12,5.5511151231257827e-16,5.0062953782514796e-11,3.3308477854969866e-12,5.1514348342607263e-14,0.14335441801813431,1.3346331499924418
tri,4,4,0,gll,coupled,0,physical_quadratic,xyy,direct,2.4894890461292837e-10,nan,1.4109728136435561e-09,0,3.3317449751626426e-10,nan,5.601262693809816e-10,3.4118981402902147e-10,5.5810567399109784e-15,0,0,0,5.8175686490358203e-14,2.6612887834278698e-12,4.8849813083506888e-14,0.062499999999959095,32,5.8525333871692427e-12,1.0124123761556802e-12,5.5511151231257827e-16,5.0062953782514796e-11,3.3308477854969866e-12,5.1514348342607263e-14,0.14335441801813431,1.3346331499924418
tri,4,4,0,gll,coupled,0,physical_quadratic,xyy,fe_geometry,1.7524841562605476e-10,nan,1.1054622446627461e-09,0,2.4161807256191363e-10,nan,3.4625220576815152e-10,2.4941605241853403e-10,5.5810567399109784e-15,2.5351757529376644e-10,1.0183518408644598,0,5.8175686490358203e-14,2.6612887834278698e-12,4.8849813083506888e-14,0.062499999999959095,32,5.8525333871692427e-12,1.0124123761556802e-12,5.5511151231257827e-16,5.0062953782514796e-11,3.3308477854969866e-12,5.1514348342607263e-14,0.14335441801813431,1.3346331499924418
tri,4,4,0,gll,coupled,0,physical_quadratic,yyy,recursive,3.2464732007907481e-10,nan,2.2547374375166079e-09,0,4.9456898298549365e-10,nan,7.9007672418777597e-10,5.5506293898266619e-10,5.5810567399109784e-15,3.3180622322260166e-10,1.2600459361095233,0,5.8175686490358203e-14,2.6612887834278698e-12,4.8849813083506888e-14,0.062499999999959095,32,5.8525333871692427e-12,1.0124123761556802e-12,5.5511151231257827e-16,5.0062953782514796e-11,3.3308477854969866e-12,5.1514348342607263e-14,0.14335441801813431,1.3346331499924418
tri,4,4,0,gll,coupled,0,physical_quadratic,yyy,direct,2.6332867216498135e-10,nan,1.5768520439486016e-09,0,3.4716123261139639e-10,nan,5.7000956434449204e-10,3.7470400911731788e-10,5.5810567399109784e-15,0,0,0,5.8175686490358203e-14,2.6612887834278698e-12,4.8849813083506888e-14,0.062499999999959095,32,5.8525333871692427e-12,1.0124123761556802e-12,5.5511151231257827e-16,5.0062953782514796e-11,3.3308477854969866e-12,5.1514348342607263e-14,0.14335441801813431,1.3346331499924418
tri,4,4,0,gll,coupled,0,physical_quadratic,yyy,fe_geometry,2.6495964137364857e-10,nan,1.7834034734511164e-09,0,3.3848582379460827e-10,nan,5.5722956901153343e-10,3.4932388125102853e-10,5.5810567399109784e-15,2.9873364626146182e-10,1.1344516486009488,0,5.8175686490358203e-14,2.6612887834278698e-12,4.8849813083506888e-14,0.062499999999959095,32,5.8525333871692427e-12,1.0124123761556802e-12,5.5511151231257827e-16,5.0062953782514796e-11,3.3308477854969866e-12,5.1514348342607263e-14,0.14335441801813431,1.3346331499924418
