rank,element,sample,x,y,value
0,0,polynomial,0.0088515681000703259,0,0.24953493648006231
0,0,polynomial,0.039269908169872414,0,0.26415294529725813
0,0,polynomial,0.069688248239674497,0,0.27879675049348057
0,0,center,0.039269908169872414,0,0.26415294529725813
0,1,polynomial,0.087391384439815145,0,0.28733078722597599
0,1,polynomial,0.11780972450961724,0,0.30201308577925068
0,1,polynomial,0.14822806457941934,0,0.31671691528013957
0,1,center,0.11780972450961724,0,0.30201308577925068
0,2,polynomial,0.16593120077955997,0,0.32528396317614622
0,2,polynomial,0.19634954084936207,0,0.34001967601495736
0,2,polynomial,0.22676788091916417,0,0.3547723766702407
0,2,center,0.19634954084936207,0,0.34001967601495736
0,3,polynomial,0.2444710171193048,0,0.36336576080254201
0,3,polynomial,0.2748893571891069,0,0.37814308060298668
0,3,polynomial,0.30530769725890899,0,0.39293320780128344
0,3,center,0.2748893571891069,0,0.37814308060298668
0,4,polynomial,0.32301083345904963,0,0.40154647695910922
0,4,polynomial,0.35342917352885173,0,0.41635480630959104
0,4,polynomial,0.38384751359865382,0,0.43117169725194221
0,4,center,0.35342917352885173,0,0.41635480630959104
0,5,polynomial,0.40155064979879446,0,0.43979857649863152
0,5,polynomial,0.43196898986859655,0,0.4546268126280254
0,5,polynomial,0.46238732993839865,0,0.46945947592729137
0,5,center,0.43196898986859655,0,0.4546268126280254
0,6,polynomial,0.48009046613853928,0,0.47809364747624367
0,6,polynomial,0.51050880620834138,0,0.49293129341639308
0,6,polynomial,0.54092714627814342,0,0.50776926222579366
0,6,center,0.51050880620834138,0,0.49293129341639308
0,7,polynomial,0.55863028247828417,0,0.51640462282211741
0,7,polynomial,0.58904862254808621,0,0.53124093809233552
0,7,polynomial,0.61946696261788825,0,0.54607343171194489
0,7,center,0.58904862254808621,0,0.53124093809233552
0,8,polynomial,0.63717009881802888,0,0.55470370394010249
0,8,polynomial,0.66758843888783104,0,0.56952809766159984
0,8,polynomial,0.69800677895763308,0,0.58434455928111995
0,8,center,0.66758843888783104,0,0.56952809766159984
0,9,polynomial,0.71570991515777382,0,0.59296360092726008
0,9,polynomial,0.74612825522757587,0,0.6077653431739114
0,9,polynomial,0.77654659529737791,0,0.62255493372123571
0,9,center,0.74612825522757587,0,0.6077653431739114
0,10,polynomial,0.79424973149751854,0,0.63115639208749741
0,10,polynomial,0.82466807156732069,0,0.64592462512151272
0,10,polynomial,0.85508641163712285,0,0.66067647085503456
0,10,center,0.82466807156732069,0,0.64592462512151272
0,11,polynomial,0.87278954783726359,0,0.66925400327279994
0,11,polynomial,0.90320788790706552,0,0.6839776890603545
0,11,polynomial,0.93362622797686767,0,0.69868059689947082
0,11,center,0.90320788790706552,0,0.6839776890603545
0,12,polynomial,0.95132936417700831,0,0.70722761801935274
0,12,polynomial,0.98174770424681035,0,0.7218953931460278
0,12,polynomial,1.0121660443166125,0,0.73653791306193495
0,12,center,0.98174770424681035,0,0.7218953931460278
0,13,polynomial,1.0298691805167532,0,0.7450477158996992
0,13,polynomial,1.0602875205865552,0,0.75964791810564769
0,13,polynomial,1.0907058606563573,0,0.77421818977334855
0,13,center,1.0602875205865552,0,0.75964791810564769
0,14,polynomial,1.1084089968564979,0,0.78268377781050591
0,14,polynomial,1.1388273369263,0,0.79720425305839782
0,14,polynomial,1.1692456769961022,0,0.81168995218675621
0,14,center,1.1388273369263,0,0.79720425305839782
0,15,polynomial,1.1869488131962429,0,0.82010407229886906
0,15,polynomial,1.2173671532660448,0,0.83453218830837317
0,15,polynomial,1.247785493335847,0,0.84892042848660065
0,15,center,1.2173671532660448,0,0.83453218830837317
0,16,polynomial,1.2654886295359875,0,0.85727545968595598
0,16,polynomial,1.2959069696057897,0,0.87159791567527145
0,16,polynomial,1.3263253096755918,0,0.88587513188726541
0,16,center,1.2959069696057897,0,0.87159791567527145
0,17,polynomial,1.3440284458757323,0,0.89416305529288798
0,17,polynomial,1.3744467859455345,0,0.90836584313577884
0,17,polynomial,1.4048651260153366,0,0.92251769326960709
0,17,center,1.3744467859455345,0,0.90836584313577884
0,18,polynomial,1.4225682622154772,0,0.93073000300738085
0,18,polynomial,1.4529866022852793,0,0.9447982228536731
0,18,polynomial,1.4834049423550815,0,0.95880943216952907
0,18,center,1.4529866022852793,0,0.9447982228536731
0,19,polynomial,1.5011080785552222,0,0.96693706204262142
0,19,polynomial,1.5315264186250241,0,0.9808548195420852
0,19,polynomial,1.5619447586948263,0,0.99470904725404563
0,19,center,1.5315264186250241,0,0.9808548195420852
0,20,polynomial,1.5796478948949668,0,1.0027422752980311
0,20,polynomial,1.610066234964769,0,1.0164924826629684
0,20,polynomial,1.6404845750345711,0,1.030172125821591
0,20,center,1.610066234964769,0,1.0164924826629684
0,21,polynomial,1.6581877112347116,0,1.0381004642319873
0,21,polynomial,1.688606051304514,0,1.0516646662198197
0,21,polynomial,1.7190243913743162,0,1.0651506658033241
0,21,center,1.688606051304514,0,1.0516646662198197
0,22,polynomial,1.7367275275744569,0,1.0729627363285543
0,22,polynomial,1.7671458676442586,0,1.0863208651693212
0,22,polynomial,1.7975642077140606,0,1.0995924486905018
0,22,center,1.7671458676442586,0,1.0863208651693212
0,23,polynomial,1.8152673439142013,0,1.1072758286902786
0,23,polynomial,1.8456856839840032,0,1.1204059413247456
0,23,polynomial,1.8761040240538056,0,1.1334403387874794
0,23,center,1.8456856839840032,0,1.1204059413247456
0,24,polynomial,1.8938071602539461,0,1.140981384343549
0,24,polynomial,1.9242255003237483,0,1.1538593290875776
0,24,polynomial,1.9546438403935504,0,1.1666314150352095
0,24,center,1.9242255003237483,0,1.1538593290875776
0,25,polynomial,1.9723469765936912,0,1.1740150418126745
0,25,polynomial,2.0027653166634929,0,1.1866140686168885
0,25,polynomial,2.033183656733295,0,1.1990959406077155
0,25,center,2.0027653166634929,0,1.1866140686168885
0,26,polynomial,2.050886792933436,0,1.2063053624498072
0,26,polynomial,2.0813051330032382,0,1.2185956390275072
0,26,polynomial,2.1117234730730399,0,1.2307560926654832
0,26,center,2.0813051330032382,0,1.2185956390275072
0,27,polynomial,2.1294266092731808,0,1.2377724967722772
0,27,polynomial,2.1598449493429825,0,1.249720518627303
0,27,polynomial,2.1902632894127847,0,1.2615244045430192
0,27,center,2.1598449493429825,0,1.249720518627303
0,28,polynomial,2.2079664256129257,0,1.2683265511426252
0,28,polynomial,2.2383847656827278,0,1.2798944028373564
0,28,polynomial,2.2688031057525295,0,1.2913018179397722
0,28,center,2.2383847656827278,0,1.2798944028373564
0,29,polynomial,2.28650624195267,0,1.2978655358855977
0,29,polynomial,2.3169245820224722,0,1.3090099635269348
0,29,polynomial,2.3473429220922744,0,1.3199752300975991
0,29,center,2.3169245820224722,0,1.3090099635269348
0,30,polynomial,2.3650460582924153,0,1.3262727769924065
0,30,polynomial,2.3954643983622175,0,1.3369440026842789
0,30,polynomial,2.4258827384320192,0,1.3474143565250132
0,30,center,2.3954643983622175,0,1.3369440026842789
0,31,polynomial,2.4435858746321601,0,1.3534135935927327
0,31,polynomial,2.4740042147019619,0,1.3635537831869571
0,31,polynomial,2.504422554771764,0,1.3734676670107926
0,31,center,2.4740042147019619,0,1.3635537831869571
0,32,polynomial,2.5221256909719045,0,1.3791309801154488
0,32,polynomial,2.5525440310417071,0,1.3886722284409228
0,32,polynomial,2.5829623711115088,0,1.3979570325574362
0,32,center,2.5525440310417071,0,1.3886722284409228
0,33,polynomial,2.6006655073116498,0,1.403239896627404
0,33,polynomial,2.6310838473814515,0,1.4121015340244176
0,33,polynomial,2.6615021874512537,0,1.4206705513584181
0,33,center,2.6310838473814515,0,1.4121015340244176
0,34,polynomial,2.6792053236513946,0,1.4255195836480792
0,34,polynomial,2.7096236637211968,0,1.433604501627108
0,34,polynomial,2.7400420037909985,0,1.441352736260874
0,34,center,2.7096236637211968,0,1.433604501627108
0,35,polynomial,2.7577451399911395,0,1.4457029984162824
0,35,polynomial,2.7881634800609412,0,1.4528925239299317
0,35,polynomial,2.8185818201307433,0,1.4596907816289868
0,35,center,2.7881634800609412,0,1.4528925239299317
0,36,polynomial,2.8362849563308843,0,1.4634619453041051
0,36,polynomial,2.8667032964006864,0,1.469608500593047
0,36,polynomial,2.8971216364704881,0,1.4752948210109844
0,36,center,2.8667032964006864,0,1.469608500593047
0,37,polynomial,2.9148247726706287,0,1.4783855562850026
0,37,polynomial,2.9452431127404308,0,1.4833018220280441
0,37,polynomial,2.975661452810233,0,1.4876686410627786
0,37,center,2.9452431127404308,0,1.4833018220280441
0,38,polynomial,2.9933645890103739,0,1.4899481130829557
0,38,polynomial,3.0237829290801761,0,1.4933904380851928
0,38,polynomial,3.0542012691499778,0,1.4961645789070643
0,38,center,3.0237829290801761,0,1.4933904380851928
0,39,polynomial,3.0719044053501188,0,1.4974590104312988
0,39,polynomial,3.1023227454199205,0,1.4991008739471547
0,39,polynomial,3.1327410854897226,0,1.4999108208832734
0,39,center,3.1023227454199205,0,1.4991008739471547
0,40,polynomial,3.1504442216898632,0,1.499981129157504
0,40,polynomial,3.1808625617596653,0,1.4993683290553061
0,40,polynomial,3.211280901829467,0,1.4976873773613568
0,40,center,3.1808625617596653,0,1.4993683290553061
0,41,polynomial,3.228984038029608,0,1.4961894310609207
0,41,polynomial,3.2594023780994101,0,1.4926590262421759
0,41,polynomial,3.2898207181692123,0,1.4876985163685792
0,41,center,3.2594023780994101,0,1.4926590262421759
0,42,polynomial,3.3075238543693533,0,1.4841061014309014
0,42,polynomial,3.3379421944391554,0,1.4766257790718536
0,42,polynomial,3.3683605345089571,0,1.4671122743133924
0,42,center,3.3379421944391554,0,1.4766257790718536
0,43,polynomial,3.3860636707090976,0,1.4605494230654272
0,43,polynomial,3.4164820107789002,0,1.4473571230402607
0,43,polynomial,3.4469003508487024,0,1.4309887055331909
0,43,center,3.4164820107789002,0,1.4473571230402607
0,44,polynomial,3.4646034870488434,0,1.4196848005819049
0,44,polynomial,3.4950218271186451,0,1.3970927182683996
0,44,polynomial,3.5254401671884468,0,1.3691035665965965
0,44,center,3.4950218271186451,0,1.3970927182683996
0,45,polynomial,3.5431433033885877,0,1.3484467185085554
0,45,polynomial,3.5735616434583894,0,1.292656295818186
0,45,polynomial,3.6039799835281912,0,1.2371837023130703
0,45,center,3.5735616434583894,0,1.292656295818186
0,46,polynomial,3.6216831197283321,0,1.2077055014003233
0,46,polynomial,3.6521014597981343,0,0.82317212002992046
0,46,polynomial,3.6825197998679364,0,0.23430407986406451
0,46,center,3.6521014597981343,0,0.82317212002992046
0,47,polynomial,3.7002229360680774,0,-0.16719582589366278
0,47,polynomial,3.7306412761378791,0,-0.2612537073475929
0,47,polynomial,3.7610596162076813,0,-0.30724219783530676
0,47,center,3.7306412761378791,0,-0.2612537073475929
0,48,polynomial,3.7787627524078222,0,-0.33591502365668974
0,48,polynomial,3.8091810924776244,0,-0.37094481096319482
0,48,polynomial,3.8395994325474265,0,-0.39836052178376352
0,48,center,3.8091810924776244,0,-0.37094481096319482
0,49,polynomial,3.8573025687475671,0,-0.41206929661923064
0,49,polynomial,3.8877209088173692,0,-0.43194925955118701
0,49,polynomial,3.9181392488871714,0,-0.44797594858393486
0,49,center,3.8877209088173692,0,-0.43194925955118701
0,50,polynomial,3.9358423850873119,0,-0.45597461239225467
0,50,polynomial,3.9662607251571136,0,-0.46765900817342854
0,50,polynomial,3.9966790652269153,0,-0.4769842565278512
0,50,center,3.9662607251571136,0,-0.46765900817342854
0,51,polynomial,4.0143822014270558,0,-0.48153916303586364
0,51,polynomial,4.0448005414968584,0,-0.48799298002131342
0,51,polynomial,4.075218881566661,0,-0.49283350298201806
0,51,center,4.0448005414968584,0,-0.48799298002131342
0,52,polynomial,4.092922017766802,0,-0.49502810150699267
0,52,polynomial,4.1233403578366037,0,-0.49780793146963881
0,52,polynomial,4.1537586979064054,0,-0.49940545900741501
0,52,center,4.1233403578366037,0,-0.49780793146963881
0,53,polynomial,4.1714618341065455,0,-0.49986576733532756
0,53,polynomial,4.2018801741763481,0,-0.49990265454536037
0,53,polynomial,4.2322985142461507,0,-0.49903117728726554
0,53,center,4.2018801741763481,0,-0.49990265454536037
0,54,polynomial,4.2500016504462907,0,-0.49815591912722224
0,54,polynomial,4.2804199905160925,0,-0.49605660285269065
0,54,polynomial,4.3108383305858951,0,-0.49323510687419342
0,54,center,4.2804199905160925,0,-0.49605660285269065
0,55,polynomial,4.328541466786036,0,-0.49129594551833505
0,55,polynomial,4.3589598068558377,0,-0.48748067389113964
0,55,polynomial,4.3893781469256403,0,-0.48307622500763586
0,55,center,4.3589598068558377,0,-0.48748067389113964
0,56,polynomial,4.4070812831257804,0,-0.48026768091157856
0,56,polynomial,4.437499623195583,0,-0.47504114305929585
0,56,polynomial,4.4679179632653856,0,-0.46932417372163143
0,56,center,4.437499623195583,0,-0.47504114305929585
0,57,polynomial,4.4856210994655257,0,-0.46579096975771006
0,57,polynomial,4.5160394395353283,0,-0.45938208312292517
0,57,polynomial,4.54645777960513,0,-0.45255836268857713
0,57,center,4.5160394395353283,0,-0.45938208312292517
0,58,polynomial,4.5641609158052701,0,-0.4484115102428376
0,58,polynomial,4.5945792558750727,0,-0.44099727107286435
0,58,polynomial,4.6249975959448753,0,-0.43322753925413754
0,58,center,4.5945792558750727,0,-0.44099727107286435
0,59,polynomial,4.6427007321450153,0,-0.42855432056851334
0,59,polynomial,4.673119072214817,0,-0.42027483006487676
0,59,polynomial,4.7035374122846196,0,-0.41168744156582177
0,59,center,4.673119072214817,0,-0.42027483006487676
0,60,polynomial,4.7212405484847606,0,-0.40655795547286261
0,60,polynomial,4.7516588885545623,0,-0.3975263205978305
0,60,polynomial,4.782077228624364,0,-0.38822561325615207
0,60,center,4.7516588885545623,0,-0.3975263205978305
0,61,polynomial,4.7997803648245041,0,-0.38269714935966331
0,61,polynomial,4.8301987048943067,0,-0.37300629848863665
0,61,polynomial,4.8606170449641093,0,-0.36307855105498588
0,61,center,4.8301987048943067,0,-0.37300629848863665
0,62,polynomial,4.8783201811642494,0,-0.35719859809159743
0,62,polynomial,4.9087385212340511,0,-0.346925879486911
0,62,polynomial,4.9391568613038537,0,-0.33644334737723125
0,62,center,4.9087385212340511,0,-0.346925879486911
0,63,polynomial,4.9568599975039946,0,-0.3302519654728201
0,63,polynomial,4.9872783375737963,0,-0.31946277385585048
0,63,polynomial,5.0176966776435989,0,-0.3084866682658845
0,63,center,4.9872783375737963,0,-0.31946277385585048
0,64,polynomial,5.035399813843739,0,-0.30201775467248271
0,64,polynomial,5.0658181539135416,0,-0.29076785211256778
0,64,polynomial,5.0962364939833442,0,-0.27935091114534771
0,64,center,5.0658181539135416,0,-0.29076785211256778
0,65,polynomial,5.1139396301834843,0,-0.2726338514202708
0,65,polynomial,5.1443579702532869,0,-0.26097129979804667
0,65,polynomial,5.1747763103230886,0,-0.24915869605698182
0,65,center,5.1443579702532869,0,-0.26097129979804667
0,66,polynomial,5.1924794465232296,0,-0.24221880647038552
0,66,polynomial,5.2228977865930313,0,-0.23018570393112139
0,66,polynomial,5.2533161266628339,0,-0.21801769108217064
0,66,center,5.2228977865930313,0,-0.23018570393112139
0,67,polynomial,5.271019262862974,0,-0.2108772242620762
0,67,polynomial,5.3014376029327757,0,-0.1985099787511741
0,67,polynomial,5.3318559430025783,0,-0.18602095209866162
0,67,center,5.3014376029327757,0,-0.1985099787511741
0,68,polynomial,5.3495590792027183,0,-0.17869974571525712
0,68,polynomial,5.3799774192725209,0,-0.16603157998966137
0,68,polynomial,5.4103957593423235,0,-0.15325340625173423
0,68,center,5.3799774192725209,0,-0.16603157998966137
0,69,polynomial,5.4280988955424645,0,-0.1457685148991853
0,69,polynomial,5.4585172356122662,0,-0.13282752036837481
0,69,polynomial,5.4889355756820679,0,-0.11978719912820499
0,69,center,5.4585172356122662,0,-0.13282752036837481
0,70,polynomial,5.5066387118822089,0,-0.11215514934147905
0,70,polynomial,5.5370570519520097,0,-0.098968757589785433
0,70,polynomial,5.5674753920218123,0,-0.085692090683299749
0,70,center,5.5370570519520097,0,-0.098968757589785433
0,71,polynomial,5.5851785282219524,0,-0.077925633693673321
0,71,polynomial,5.615596868291755,0,-0.064515691246903761
0,71,polynomial,5.6460152083615576,0,-0.051024967778714916
0,71,center,5.615596868291755,0,-0.064515691246903761
0,72,polynomial,5.6637183445616976,0,-0.043139377957903
0,72,polynomial,5.6941366846315002,0,-0.029529259717960298
0,72,polynomial,5.724555024701302,0,-0.015844176712246857
0,72,center,5.6941366846315002,0,-0.029529259717960298
0,73,polynomial,5.7422581609014429,0,-0.007847951696525449
0,73,polynomial,5.7726765009712446,0,0.005943917192847291
0,73,polynomial,5.8030948410410472,0,0.019800220569737799
0,73,center,5.7726765009712446,0,0.005943917192847291
0,74,polynomial,5.8207979772411873,0,0.027893633967422025
0,74,polynomial,5.851216317310989,0,0.041851229940167475
0,74,polynomial,5.8816346573807916,0,0.055865628415183437
0,74,center,5.851216317310989,0,0.041851229940167475
0,75,polynomial,5.8993377935809317,0,0.064047279903184609
0,75,polynomial,5.9297561336507343,0,0.078148954813282559
0,75,polynomial,5.9601744737205369,0,0.092303077726612323
0,75,center,5.9297561336507343,0,0.078148954813282559
0,76,polynomial,5.9778776099206778,0,0.1005643421857481
0,76,polynomial,6.0082959499904796,0,0.11479831700583581
0,76,polynomial,6.0387142900602822,0,0.12907777511536453
0,76,center,6.0082959499904796,0,0.11479831700583581
0,77,polynomial,6.0564174262604222,0,0.13740871158203163
0,77,polynomial,6.0868357663302248,0,0.15175775532855446
0,77,polynomial,6.1172541064000265,0,0.16614782868768499
0,77,center,6.0868357663302248,0,0.15175775532855446
0,78,polynomial,6.1349572426001675,0,0.17454119350431882
0,78,polynomial,6.1653755826699692,0,0.18899340867433034
0,78,polynomial,6.1957939227397718,0,0.20348083735955988
0,78,center,6.1653755826699692,0,0.18899340867433034
0,79,polynomial,6.2134970589399128,0,0.21192815507536208
0,79,polynomial,6.2439153990097136,0,0.2264689403073526
0,79,polynomial,6.2743337390795162,0,0.24104056631499282
0,79,center,6.2439153990097136,0,0.2264689403073526
