rank,element,sample,x,y,density,velocity_x,velocity_y,pressure
0,0,polynomial,-4.9955975911961223,0,44.500000000000007,0.69799999999999984,0,352.80000000000007
0,0,polynomial,-4.98046875,0,44.5,0.69799999999999895,0,352.80000000000007
0,0,polynomial,-4.9653399088038777,0,44.5,0.69800000000000018,0,352.7999999999999
0,0,center,-4.98046875,0,44.5,0.69799999999999895,0,352.80000000000007
0,1,polynomial,-4.9565350911961223,0,44.500000000000007,0.69799999999999984,0,352.80000000000007
0,1,polynomial,-4.94140625,0,44.5,0.69799999999999895,0,352.80000000000001
0,1,polynomial,-4.9262774088038777,0,44.5,0.69799999999999973,0,352.7999999999999
0,1,center,-4.94140625,0,44.5,0.69799999999999895,0,352.80000000000001
0,2,polynomial,-4.9174725911961232,0,44.500000000000007,0.69799999999999907,0,352.80000000000007
0,2,polynomial,-4.90234375,0,44.5,0.69799999999999895,0,352.80000000000001
0,2,polynomial,-4.8872149088038777,0,44.5,0.6979999999999994,0,352.7999999999999
0,2,center,-4.90234375,0,44.5,0.69799999999999895,0,352.80000000000001
0,3,polynomial,-4.8784100911961223,0,44.500000000000007,0.69799999999999884,0,352.80000000000007
0,3,polynomial,-4.86328125,0,44.5,0.69799999999999895,0,352.80000000000007
0,3,polynomial,-4.8481524088038777,0,44.499999999999993,0.69799999999999984,0,352.7999999999999
0,3,center,-4.86328125,0,44.5,0.69799999999999895,0,352.80000000000007
0,4,polynomial,-4.8393475911961232,0,44.500000000000007,0.69799999999999884,0,352.80000000000007
0,4,polynomial,-4.82421875,0,44.5,0.69799999999999895,0,352.80000000000007
0,4,polynomial,-4.8090899088038777,0,44.499999999999993,0.69799999999999951,0,352.7999999999999
0,4,center,-4.82421875,0,44.5,0.69799999999999895,0,352.80000000000007
0,5,polynomial,-4.8002850911961223,0,44.500000000000007,0.69799999999999884,0,352.80000000000007
0,5,polynomial,-4.78515625,0,44.5,0.69799999999999918,0,352.80000000000001
0,5,polynomial,-4.7700274088038777,0,44.5,0.6979999999999994,0,352.7999999999999
0,5,center,-4.78515625,0,44.5,0.69799999999999918,0,352.80000000000001
0,6,polynomial,-4.7612225911961232,0,44.500000000000007,0.69799999999999884,0,352.80000000000007
0,6,polynomial,-4.74609375,0,44.5,0.69799999999999918,0,352.80000000000001
0,6,polynomial,-4.7309649088038777,0,44.5,0.6979999999999994,0,352.7999999999999
0,6,center,-4.74609375,0,44.5,0.69799999999999918,0,352.80000000000001
0,7,polynomial,-4.7221600911961232,0,44.500000000000007,0.69799999999999884,0,352.80000000000007
0,7,polynomial,-4.70703125,0,44.5,0.69799999999999918,0,352.80000000000001
0,7,polynomial,-4.6919024088038777,0,44.5,0.6979999999999994,0,352.7999999999999
0,7,center,-4.70703125,0,44.5,0.69799999999999918,0,352.80000000000001
0,8,polynomial,-4.6830975911961223,0,44.500000000000007,0.69799999999999884,0,352.80000000000007
0,8,polynomial,-4.66796875,0,44.5,0.69799999999999918,0,352.80000000000001
0,8,polynomial,-4.6528399088038777,0,44.5,0.6979999999999994,0,352.7999999999999
0,8,center,-4.66796875,0,44.5,0.69799999999999918,0,352.80000000000001
0,9,polynomial,-4.6440350911961232,0,44.500000000000007,0.69799999999999884,0,352.80000000000007
0,9,polynomial,-4.62890625,0,44.5,0.69799999999999918,0,352.80000000000001
0,9,polynomial,-4.6137774088038777,0,44.5,0.6979999999999994,0,352.7999999999999
0,9,center,-4.62890625,0,44.5,0.69799999999999918,0,352.80000000000001
0,10,polynomial,-4.6049725911961223,0,44.500000000000007,0.69799999999999884,0,352.80000000000007
0,10,polynomial,-4.58984375,0,44.5,0.69799999999999918,0,352.80000000000001
0,10,polynomial,-4.5747149088038777,0,44.5,0.6979999999999994,0,352.7999999999999
0,10,center,-4.58984375,0,44.5,0.69799999999999918,0,352.80000000000001
0,11,polynomial,-4.5659100911961232,0,44.500000000000007,0.69799999999999884,0,352.80000000000007
0,11,polynomial,-4.55078125,0,44.5,0.69799999999999918,0,352.80000000000001
0,11,polynomial,-4.5356524088038777,0,44.5,0.6979999999999994,0,352.7999999999999
0,11,center,-4.55078125,0,44.5,0.69799999999999918,0,352.80000000000001
0,12,polynomial,-4.5268475911961223,0,44.500000000000007,0.69799999999999884,0,352.80000000000007
0,12,polynomial,-4.51171875,0,44.5,0.69799999999999918,0,352.80000000000001
0,12,polynomial,-4.4965899088038777,0,44.5,0.6979999999999994,0,352.7999999999999
0,12,center,-4.51171875,0,44.5,0.69799999999999918,0,352.80000000000001
0,13,polynomial,-4.4877850911961232,0,44.500000000000007,0.69799999999999884,0,352.80000000000007
0,13,polynomial,-4.47265625,0,44.5,0.69799999999999918,0,352.80000000000001
0,13,polynomial,-4.4575274088038777,0,44.5,0.6979999999999994,0,352.7999999999999
0,13,center,-4.47265625,0,44.5,0.69799999999999918,0,352.80000000000001
0,14,polynomial,-4.4487225911961223,0,44.500000000000007,0.69799999999999884,0,352.80000000000007
0,14,polynomial,-4.43359375,0,44.5,0.69799999999999918,0,352.80000000000001
0,14,polynomial,-4.4184649088038777,0,44.5,0.6979999999999994,0,352.7999999999999
0,14,center,-4.43359375,0,44.5,0.69799999999999918,0,352.80000000000001
0,15,polynomial,-4.4096600911961223,0,44.500000000000007,0.69799999999999884,0,352.80000000000007
0,15,polynomial,-4.39453125,0,44.5,0.69799999999999918,0,352.80000000000001
0,15,polynomial,-4.3794024088038777,0,44.5,0.6979999999999994,0,352.7999999999999
0,15,center,-4.39453125,0,44.5,0.69799999999999918,0,352.80000000000001
0,16,polynomial,-4.3705975911961223,0,44.500000000000007,0.69799999999999884,0,352.80000000000007
0,16,polynomial,-4.35546875,0,44.5,0.69799999999999918,0,352.80000000000001
0,16,polynomial,-4.3403399088038777,0,44.5,0.6979999999999994,0,352.7999999999999
0,16,center,-4.35546875,0,44.5,0.69799999999999918,0,352.80000000000001
0,17,polynomial,-4.3315350911961232,0,44.500000000000007,0.69799999999999884,0,352.80000000000007
0,17,polynomial,-4.31640625,0,44.5,0.69799999999999918,0,352.80000000000001
0,17,polynomial,-4.3012774088038777,0,44.5,0.6979999999999994,0,352.7999999999999
0,17,center,-4.31640625,0,44.5,0.69799999999999918,0,352.80000000000001
0,18,polynomial,-4.2924725911961232,0,44.500000000000007,0.69799999999999884,0,352.80000000000007
0,18,polynomial,-4.27734375,0,44.5,0.69799999999999918,0,352.80000000000001
0,18,polynomial,-4.2622149088038777,0,44.5,0.6979999999999994,0,352.7999999999999
0,18,center,-4.27734375,0,44.5,0.69799999999999918,0,352.80000000000001
0,19,polynomial,-4.2534100911961232,0,44.500000000000007,0.69799999999999884,0,352.80000000000007
0,19,polynomial,-4.23828125,0,44.5,0.69799999999999918,0,352.80000000000001
0,19,polynomial,-4.2231524088038777,0,44.5,0.69799999999999973,0,352.7999999999999
0,19,center,-4.23828125,0,44.5,0.69799999999999918,0,352.80000000000001
0,20,polynomial,-4.2143475911961232,0,44.500000000000007,0.69799999999999884,0,352.80000000000007
0,20,polynomial,-4.19921875,0,44.5,0.69799999999999918,0,352.80000000000001
0,20,polynomial,-4.1840899088038777,0,44.5,0.6979999999999994,0,352.7999999999999
0,20,center,-4.19921875,0,44.5,0.69799999999999918,0,352.80000000000001
0,21,polynomial,-4.1752850911961223,0,44.500000000000007,0.69799999999999884,0,352.80000000000007
0,21,polynomial,-4.16015625,0,44.5,0.69799999999999918,0,352.80000000000001
0,21,polynomial,-4.1450274088038777,0,44.5,0.69799999999999973,0,352.7999999999999
0,21,center,-4.16015625,0,44.5,0.69799999999999918,0,352.80000000000001
0,22,polynomial,-4.1362225911961223,0,44.500000000000007,0.69799999999999884,0,352.80000000000007
0,22,polynomial,-4.12109375,0,44.5,0.69799999999999918,0,352.80000000000001
0,22,polynomial,-4.1059649088038777,0,44.5,0.6979999999999994,0,352.7999999999999
0,22,center,-4.12109375,0,44.5,0.69799999999999918,0,352.80000000000001
0,23,polynomial,-4.0971600911961223,0,44.500000000000007,0.69799999999999884,0,352.80000000000007
0,23,polynomial,-4.08203125,0,44.5,0.69799999999999918,0,352.80000000000001
0,23,polynomial,-4.0669024088038777,0,44.5,0.69799999999999973,0,352.7999999999999
0,23,center,-4.08203125,0,44.5,0.69799999999999918,0,352.80000000000001
0,24,polynomial,-4.0580975911961232,0,44.500000000000007,0.69799999999999884,0,352.80000000000007
0,24,polynomial,-4.04296875,0,44.5,0.69799999999999918,0,352.80000000000001
0,24,polynomial,-4.0278399088038777,0,44.5,0.6979999999999994,0,352.7999999999999
0,24,center,-4.04296875,0,44.5,0.69799999999999918,0,352.80000000000001
0,25,polynomial,-4.0190350911961232,0,44.500000000000007,0.69799999999999884,0,352.80000000000007
0,25,polynomial,-4.00390625,0,44.5,0.69799999999999918,0,352.80000000000001
0,25,polynomial,-3.9887774088038772,0,44.5,0.69799999999999973,0,352.7999999999999
0,25,center,-4.00390625,0,44.5,0.69799999999999918,0,352.80000000000001
0,26,polynomial,-3.9799725911961228,0,44.500000000000007,0.69799999999999884,0,352.80000000000007
0,26,polynomial,-3.96484375,0,44.5,0.69799999999999918,0,352.80000000000001
0,26,polynomial,-3.9497149088038772,0,44.5,0.6979999999999994,0,352.7999999999999
0,26,center,-3.96484375,0,44.5,0.69799999999999918,0,352.80000000000001
0,27,polynomial,-3.9409100911961228,0,44.500000000000007,0.69799999999999884,0,352.80000000000007
0,27,polynomial,-3.92578125,0,44.5,0.69799999999999918,0,352.80000000000001
0,27,polynomial,-3.9106524088038772,0,44.5,0.69799999999999973,0,352.7999999999999
0,27,center,-3.92578125,0,44.5,0.69799999999999918,0,352.80000000000001
0,28,polynomial,-3.9018475911961228,0,44.500000000000007,0.69799999999999884,0,352.80000000000007
0,28,polynomial,-3.88671875,0,44.5,0.69799999999999918,0,352.80000000000001
0,28,polynomial,-3.8715899088038772,0,44.5,0.6979999999999994,0,352.7999999999999
0,28,center,-3.88671875,0,44.5,0.69799999999999918,0,352.80000000000001
0,29,polynomial,-3.8627850911961228,0,44.500000000000007,0.69799999999999884,0,352.80000000000007
0,29,polynomial,-3.84765625,0,44.5,0.69799999999999918,0,352.80000000000001
0,29,polynomial,-3.8325274088038772,0,44.5,0.69799999999999973,0,352.7999999999999
0,29,center,-3.84765625,0,44.5,0.69799999999999918,0,352.80000000000001
0,30,polynomial,-3.8237225911961228,0,44.500000000000007,0.69799999999999884,0,352.80000000000007
0,30,polynomial,-3.80859375,0,44.5,0.69799999999999918,0,352.80000000000001
0,30,polynomial,-3.7934649088038772,0,44.5,0.6979999999999994,0,352.7999999999999
0,30,center,-3.80859375,0,44.5,0.69799999999999918,0,352.80000000000001
0,31,polynomial,-3.7846600911961228,0,44.500000000000007,0.69799999999999884,0,352.80000000000007
0,31,polynomial,-3.76953125,0,44.5,0.69799999999999918,0,352.80000000000001
0,31,polynomial,-3.7544024088038772,0,44.5,0.69799999999999973,0,352.7999999999999
0,31,center,-3.76953125,0,44.5,0.69799999999999918,0,352.80000000000001
0,32,polynomial,-3.7455975911961228,0,44.500000000000007,0.69799999999999884,0,352.80000000000007
0,32,polynomial,-3.73046875,0,44.5,0.69799999999999918,0,352.80000000000001
0,32,polynomial,-3.7153399088038772,0,44.5,0.69799999999999973,0,352.7999999999999
0,32,center,-3.73046875,0,44.5,0.69799999999999918,0,352.80000000000001
0,33,polynomial,-3.7065350911961228,0,44.500000000000007,0.69799999999999884,0,352.80000000000007
0,33,polynomial,-3.69140625,0,44.5,0.69799999999999918,0,352.80000000000001
0,33,polynomial,-3.6762774088038772,0,44.5,0.69799999999999973,0,352.7999999999999
0,33,center,-3.69140625,0,44.5,0.69799999999999918,0,352.80000000000001
0,34,polynomial,-3.6674725911961228,0,44.500000000000007,0.69799999999999907,0,352.80000000000007
0,34,polynomial,-3.65234375,0,44.5,0.69799999999999918,0,352.80000000000001
0,34,polynomial,-3.6372149088038772,0,44.5,0.69799999999999995,0,352.7999999999999
0,34,center,-3.65234375,0,44.5,0.69799999999999918,0,352.80000000000001
0,35,polynomial,-3.6284100911961228,0,44.500000000000007,0.69799999999999929,0,352.80000000000007
0,35,polynomial,-3.61328125,0,44.5,0.69799999999999918,0,352.80000000000001
0,35,polynomial,-3.5981524088038772,0,44.5,0.69799999999999995,0,352.7999999999999
0,35,center,-3.61328125,0,44.5,0.69799999999999918,0,352.80000000000001
0,36,polynomial,-3.5893475911961228,0,44.500000000000007,0.69799999999999929,0,352.80000000000007
0,36,polynomial,-3.57421875,0,44.5,0.69799999999999918,0,352.80000000000001
0,36,polynomial,-3.5590899088038772,0,44.5,0.69800000000000018,0,352.7999999999999
0,36,center,-3.57421875,0,44.5,0.69799999999999918,0,352.80000000000001
0,37,polynomial,-3.5502850911961223,0,44.500000000000007,0.69799999999999929,0,352.80000000000007
0,37,polynomial,-3.53515625,0,44.5,0.69799999999999918,0,352.80000000000007
0,37,polynomial,-3.5200274088038772,0,44.5,0.69800000000000018,0,352.7999999999999
0,37,center,-3.53515625,0,44.5,0.69799999999999918,0,352.80000000000007
0,38,polynomial,-3.5112225911961228,0,44.500000000000007,0.69799999999999929,0,352.80000000000007
0,38,polynomial,-3.49609375,0,44.5,0.69799999999999918,0,352.80000000000007
0,38,polynomial,-3.4809649088038772,0,44.5,0.69800000000000018,0,352.7999999999999
0,38,center,-3.49609375,0,44.5,0.69799999999999918,0,352.80000000000007
0,39,polynomial,-3.4721600911961228,0,44.500000000000007,0.69799999999999929,0,352.80000000000007
0,39,polynomial,-3.45703125,0,44.5,0.69799999999999918,0,352.80000000000007
0,39,polynomial,-3.4419024088038772,0,44.5,0.69800000000000018,0,352.7999999999999
0,39,center,-3.45703125,0,44.5,0.69799999999999918,0,352.80000000000007
0,40,polynomial,-3.4330975911961228,0,44.500000000000007,0.69799999999999929,0,352.80000000000007
0,40,polynomial,-3.41796875,0,44.5,0.69799999999999895,0,352.80000000000007
0,40,polynomial,-3.4028399088038772,0,44.5,0.69800000000000018,0,352.7999999999999
0,40,center,-3.41796875,0,44.5,0.69799999999999895,0,352.80000000000007
0,41,polynomial,-3.3940350911961228,0,44.500000000000007,0.69799999999999929,0,352.80000000000007
0,41,polynomial,-3.37890625,0,44.5,0.69799999999999895,0,352.80000000000007
0,41,polynomial,-3.3637774088038772,0,44.5,0.69800000000000006,0,352.7999999999999
0,41,center,-3.37890625,0,44.5,0.69799999999999895,0,352.80000000000007
0,42,polynomial,-3.3549725911961228,0,44.500000000000007,0.69799999999999929,0,352.80000000000007
0,42,polynomial,-3.33984375,0,44.5,0.69799999999999873,0,352.80000000000007
0,42,polynomial,-3.3247149088038772,0,44.5,0.69800000000000006,0,352.7999999999999
0,42,center,-3.33984375,0,44.5,0.69799999999999873,0,352.80000000000007
0,43,polynomial,-3.3159100911961228,0,44.500000000000007,0.69799999999999929,0,352.80000000000007
0,43,polynomial,-3.30078125,0,44.5,0.69799999999999873,0,352.80000000000007
0,43,polynomial,-3.2856524088038772,0,44.5,0.69800000000000006,0,352.7999999999999
0,43,center,-3.30078125,0,44.5,0.69799999999999873,0,352.80000000000007
0,44,polynomial,-3.2768475911961228,0,44.500000000000007,0.69799999999999929,0,352.80000000000007
0,44,polynomial,-3.26171875,0,44.5,0.69799999999999873,0,352.80000000000007
0,44,polynomial,-3.2465899088038772,0,44.5,0.69799999999999995,0,352.7999999999999
0,44,center,-3.26171875,0,44.5,0.69799999999999873,0,352.80000000000007
0,45,polynomial,-3.2377850911961228,0,44.500000000000007,0.69799999999999929,0,352.80000000000007
0,45,polynomial,-3.22265625,0,44.5,0.69799999999999873,0,352.80000000000007
0,45,polynomial,-3.2075274088038772,0,44.5,0.69799999999999984,0,352.7999999999999
0,45,center,-3.22265625,0,44.5,0.69799999999999873,0,352.80000000000007
0,46,polynomial,-3.1987225911961228,0,44.500000000000007,0.69799999999999895,0,352.80000000000007
0,46,polynomial,-3.18359375,0,44.5,0.69799999999999873,0,352.80000000000007
0,46,polynomial,-3.1684649088038772,0,44.5,0.69799999999999984,0,352.7999999999999
0,46,center,-3.18359375,0,44.5,0.69799999999999873,0,352.80000000000007
0,47,polynomial,-3.1596600911961228,0,44.500000000000007,0.69799999999999895,0,352.80000000000007
0,47,polynomial,-3.14453125,0,44.5,0.69799999999999873,0,352.80000000000007
0,47,polynomial,-3.1294024088038772,0,44.5,0.69799999999999995,0,352.7999999999999
0,47,center,-3.14453125,0,44.5,0.69799999999999873,0,352.80000000000007
0,48,polynomial,-3.1205975911961228,0,44.500000000000007,0.69799999999999907,0,352.80000000000007
0,48,polynomial,-3.10546875,0,44.5,0.69799999999999873,0,352.80000000000007
0,48,polynomial,-3.0903399088038772,0,44.5,0.69799999999999995,0,352.7999999999999
0,48,center,-3.10546875,0,44.5,0.69799999999999873,0,352.80000000000007
0,49,polynomial,-3.0815350911961228,0,44.500000000000007,0.69799999999999929,0,352.80000000000007
0,49,polynomial,-3.06640625,0,44.5,0.69799999999999873,0,352.80000000000007
0,49,polynomial,-3.0512774088038772,0,44.5,0.69799999999999995,0,352.7999999999999
0,49,center,-3.06640625,0,44.5,0.69799999999999873,0,352.80000000000007
0,50,polynomial,-3.0424725911961228,0,44.500000000000007,0.69799999999999929,0,352.80000000000007
0,50,polynomial,-3.02734375,0,44.5,0.69799999999999873,0,352.80000000000007
0,50,polynomial,-3.0122149088038772,0,44.5,0.69800000000000006,0,352.7999999999999
0,50,center,-3.02734375,0,44.5,0.69799999999999873,0,352.80000000000007
0,51,polynomial,-3.0034100911961228,0,44.500000000000007,0.69799999999999929,0,352.80000000000007
0,51,polynomial,-2.98828125,0,44.5,0.69799999999999884,0,352.80000000000007
0,51,polynomial,-2.9731524088038772,0,44.5,0.69800000000000006,0,352.7999999999999
0,51,center,-2.98828125,0,44.5,0.69799999999999884,0,352.80000000000007
0,52,polynomial,-2.9643475911961228,0,44.500000000000007,0.69799999999999929,0,352.80000000000007
0,52,polynomial,-2.94921875,0,44.5,0.69799999999999884,0,352.80000000000007
0,52,polynomial,-2.9340899088038772,0,44.5,0.69800000000000006,0,352.7999999999999
0,52,center,-2.94921875,0,44.5,0.69799999999999884,0,352.80000000000007
0,53,polynomial,-2.9252850911961228,0,44.500000000000007,0.69799999999999929,0,352.80000000000007
0,53,polynomial,-2.91015625,0,44.5,0.69799999999999884,0,352.80000000000007
0,53,polynomial,-2.8950274088038772,0,44.5,0.69800000000000006,0,352.7999999999999
0,53,center,-2.91015625,0,44.5,0.69799999999999884,0,352.80000000000007
0,54,polynomial,-2.8862225911961228,0,44.500000000000007,0.69799999999999929,0,352.80000000000007
0,54,polynomial,-2.87109375,0,44.5,0.69799999999999884,0,352.80000000000007
0,54,polynomial,-2.8559649088038772,0,44.5,0.69800000000000006,0,352.7999999999999
0,54,center,-2.87109375,0,44.5,0.69799999999999884,0,352.80000000000007
0,55,polynomial,-2.8471600911961228,0,44.500000000000007,0.69799999999999929,0,352.80000000000007
0,55,polynomial,-2.83203125,0,44.5,0.69799999999999884,0,352.80000000000007
0,55,polynomial,-2.8169024088038772,0,44.5,0.69800000000000006,0,352.7999999999999
0,55,center,-2.83203125,0,44.5,0.69799999999999884,0,352.80000000000007
0,56,polynomial,-2.8080975911961228,0,44.500000000000007,0.69799999999999929,0,352.80000000000007
0,56,polynomial,-2.79296875,0,44.5,0.69799999999999884,0,352.80000000000007
0,56,polynomial,-2.7778399088038772,0,44.5,0.69800000000000006,0,352.7999999999999
0,56,center,-2.79296875,0,44.5,0.69799999999999884,0,352.80000000000007
0,57,polynomial,-2.7690350911961223,0,44.500000000000007,0.69799999999999929,0,352.80000000000007
0,57,polynomial,-2.75390625,0,44.5,0.69799999999999884,0,352.80000000000007
0,57,polynomial,-2.7387774088038772,0,44.5,0.69800000000000006,0,352.7999999999999
0,57,center,-2.75390625,0,44.5,0.69799999999999884,0,352.80000000000007
0,58,polynomial,-2.7299725911961228,0,44.500000000000007,0.69799999999999929,0,352.80000000000007
0,58,polynomial,-2.71484375,0,44.5,0.69799999999999884,0,352.80000000000007
0,58,polynomial,-2.6997149088038772,0,44.5,0.69800000000000006,0,352.7999999999999
0,58,center,-2.71484375,0,44.5,0.69799999999999884,0,352.80000000000007
0,59,polynomial,-2.6909100911961228,0,44.500000000000007,0.69799999999999929,0,352.80000000000007
0,59,polynomial,-2.67578125,0,44.5,0.69799999999999884,0,352.80000000000007
0,59,polynomial,-2.6606524088038772,0,44.5,0.69800000000000006,0,352.7999999999999
0,59,center,-2.67578125,0,44.5,0.69799999999999884,0,352.80000000000007
0,60,polynomial,-2.6518475911961228,0,44.500000000000007,0.69799999999999929,0,352.80000000000007
0,60,polynomial,-2.63671875,0,44.5,0.69799999999999884,0,352.80000000000007
0,60,polynomial,-2.6215899088038772,0,44.5,0.69800000000000006,0,352.7999999999999
0,60,center,-2.63671875,0,44.5,0.69799999999999884,0,352.80000000000007
0,61,polynomial,-2.6127850911961228,0,44.500000000000007,0.69799999999999929,0,352.80000000000007
0,61,polynomial,-2.59765625,0,44.5,0.69799999999999884,0,352.80000000000007
0,61,polynomial,-2.5825274088038772,0,44.5,0.69800000000000006,0,352.7999999999999
0,61,center,-2.59765625,0,44.5,0.69799999999999884,0,352.80000000000007
0,62,polynomial,-2.5737225911961228,0,44.500000000000007,0.69799999999999929,0,352.80000000000007
0,62,polynomial,-2.55859375,0,44.5,0.69799999999999884,0,352.80000000000007
0,62,polynomial,-2.5434649088038772,0,44.5,0.69800000000000006,0,352.7999999999999
0,62,center,-2.55859375,0,44.5,0.69799999999999884,0,352.80000000000007
0,63,polynomial,-2.5346600911961228,0,44.500000000000007,0.69799999999999929,0,352.80000000000007
0,63,polynomial,-2.51953125,0,44.5,0.69799999999999884,0,352.80000000000007
0,63,polynomial,-2.5044024088038772,0,44.5,0.69800000000000006,0,352.7999999999999
0,63,center,-2.51953125,0,44.5,0.69799999999999884,0,352.80000000000007
0,64,polynomial,-2.4955975911961223,0,44.500000000000007,0.69799999999999929,0,352.80000000000007
0,64,polynomial,-2.48046875,0,44.5,0.69799999999999884,0,352.80000000000007
0,64,polynomial,-2.4653399088038772,0,44.5,0.69800000000000006,0,352.7999999999999
0,64,center,-2.48046875,0,44.5,0.69799999999999884,0,352.80000000000007
0,65,polynomial,-2.4565350911961228,0,44.500000000000007,0.69799999999999929,0,352.80000000000007
0,65,polynomial,-2.44140625,0,44.5,0.69799999999999884,0,352.80000000000007
0,65,polynomial,-2.4262774088038772,0,44.5,0.69800000000000006,0,352.7999999999999
0,65,center,-2.44140625,0,44.5,0.69799999999999884,0,352.80000000000007
0,66,polynomial,-2.4174725911961228,0,44.500000000000007,0.69799999999999929,0,352.80000000000007
0,66,polynomial,-2.40234375,0,44.5,0.69799999999999884,0,352.80000000000007
0,66,polynomial,-2.3872149088038772,0,44.5,0.69800000000000006,0,352.7999999999999
0,66,center,-2.40234375,0,44.5,0.69799999999999884,0,352.80000000000007
0,67,polynomial,-2.3784100911961228,0,44.500000000000007,0.69799999999999929,0,352.80000000000007
0,67,polynomial,-2.36328125,0,44.5,0.69799999999999884,0,352.80000000000007
0,67,polynomial,-2.3481524088038772,0,44.5,0.69800000000000006,0,352.7999999999999
0,67,center,-2.36328125,0,44.5,0.69799999999999884,0,352.80000000000007
0,68,polynomial,-2.3393475911961228,0,44.500000000000007,0.69799999999999929,0,352.80000000000007
0,68,polynomial,-2.32421875,0,44.5,0.69799999999999884,0,352.80000000000007
0,68,polynomial,-2.3090899088038772,0,44.5,0.69800000000000006,0,352.7999999999999
0,68,center,-2.32421875,0,44.5,0.69799999999999884,0,352.80000000000007
0,69,polynomial,-2.3002850911961228,0,44.500000000000007,0.69799999999999929,0,352.80000000000007
0,69,polynomial,-2.28515625,0,44.5,0.69799999999999884,0,352.80000000000007
0,69,polynomial,-2.2700274088038772,0,44.5,0.69800000000000006,0,352.7999999999999
0,69,center,-2.28515625,0,44.5,0.69799999999999884,0,352.80000000000007
0,70,polynomial,-2.2612225911961228,0,44.500000000000007,0.69799999999999929,0,352.80000000000007
0,70,polynomial,-2.24609375,0,44.5,0.69799999999999884,0,352.80000000000007
0,70,polynomial,-2.2309649088038772,0,44.5,0.69800000000000006,0,352.7999999999999
0,70,center,-2.24609375,0,44.5,0.69799999999999884,0,352.80000000000007
0,71,polynomial,-2.2221600911961228,0,44.500000000000007,0.69799999999999929,0,352.80000000000007
0,71,polynomial,-2.20703125,0,44.5,0.69799999999999884,0,352.80000000000007
0,71,polynomial,-2.1919024088038772,0,44.5,0.69800000000000006,0,352.7999999999999
0,71,center,-2.20703125,0,44.5,0.69799999999999884,0,352.80000000000007
0,72,polynomial,-2.1830975911961228,0,44.500000000000007,0.69799999999999929,0,352.80000000000007
0,72,polynomial,-2.16796875,0,44.5,0.69799999999999884,0,352.80000000000007
0,72,polynomial,-2.1528399088038772,0,44.5,0.69800000000000006,0,352.7999999999999
0,72,center,-2.16796875,0,44.5,0.69799999999999884,0,352.80000000000007
0,73,polynomial,-2.1440350911961228,0,44.500000000000007,0.69799999999999929,0,352.80000000000007
0,73,polynomial,-2.12890625,0,44.5,0.69799999999999884,0,352.80000000000007
0,73,polynomial,-2.1137774088038772,0,44.5,0.69800000000000006,0,352.7999999999999
0,73,center,-2.12890625,0,44.5,0.69799999999999884,0,352.80000000000007
0,74,polynomial,-2.1049725911961228,0,44.500000000000007,0.69799999999999929,0,352.80000000000007
0,74,polynomial,-2.08984375,0,44.5,0.69799999999999884,0,352.80000000000007
0,74,polynomial,-2.0747149088038772,0,44.5,0.69800000000000006,0,352.7999999999999
0,74,center,-2.08984375,0,44.5,0.69799999999999884,0,352.80000000000007
0,75,polynomial,-2.0659100911961228,0,44.500000000000007,0.69799999999999929,0,352.80000000000007
0,75,polynomial,-2.05078125,0,44.5,0.69799999999999884,0,352.80000000000007
0,75,polynomial,-2.0356524088038772,0,44.5,0.69800000000000006,0,352.7999999999999
0,75,center,-2.05078125,0,44.5,0.69799999999999884,0,352.80000000000007
0,76,polynomial,-2.0268475911961228,0,44.500000000000007,0.69799999999999929,0,352.80000000000007
0,76,polynomial,-2.01171875,0,44.5,0.69799999999999884,0,352.80000000000007
0,76,polynomial,-1.9965899088038772,0,44.5,0.69800000000000006,0,352.7999999999999
0,76,center,-2.01171875,0,44.5,0.69799999999999884,0,352.80000000000007
0,77,polynomial,-1.9877850911961228,0,44.500000000000007,0.69799999999999929,0,352.80000000000007
0,77,polynomial,-1.97265625,0,44.5,0.69799999999999884,0,352.80000000000007
0,77,polynomial,-1.9575274088038772,0,44.5,0.69800000000000006,0,352.7999999999999
0,77,center,-1.97265625,0,44.5,0.69799999999999884,0,352.80000000000007
0,78,polynomial,-1.9487225911961228,0,44.500000000000007,0.69799999999999929,0,352.80000000000007
0,78,polynomial,-1.93359375,0,44.5,0.69799999999999884,0,352.80000000000007
0,78,polynomial,-1.9184649088038772,0,44.5,0.69800000000000006,0,352.7999999999999
0,78,center,-1.93359375,0,44.5,0.69799999999999884,0,352.80000000000007
0,79,polynomial,-1.9096600911961226,0,44.500000000000007,0.69799999999999929,0,352.80000000000007
0,79,polynomial,-1.89453125,0,44.5,0.69799999999999884,0,352.80000000000007
0,79,polynomial,-1.8794024088038772,0,44.5,0.69800000000000006,0,352.7999999999999
0,79,center,-1.89453125,0,44.5,0.69799999999999884,0,352.80000000000007
0,80,polynomial,-1.8705975911961228,0,44.500000000000007,0.69799999999999929,0,352.80000000000007
0,80,polynomial,-1.85546875,0,44.5,0.69799999999999884,0,352.80000000000007
0,80,polynomial,-1.8403399088038772,0,44.5,0.69800000000000006,0,352.7999999999999
0,80,center,-1.85546875,0,44.5,0.69799999999999884,0,352.80000000000007
0,81,polynomial,-1.8315350911961228,0,44.500000000000007,0.69799999999999929,0,352.80000000000007
0,81,polynomial,-1.81640625,0,44.5,0.69799999999999884,0,352.80000000000007
0,81,polynomial,-1.8012774088038772,0,44.5,0.69800000000000006,0,352.7999999999999
0,81,center,-1.81640625,0,44.5,0.69799999999999884,0,352.80000000000007
0,82,polynomial,-1.7924725911961226,0,44.500000000000007,0.69799999999999929,0,352.80000000000007
0,82,polynomial,-1.77734375,0,44.5,0.69799999999999884,0,352.80000000000007
0,82,polynomial,-1.7622149088038772,0,44.5,0.69800000000000006,0,352.7999999999999
0,82,center,-1.77734375,0,44.5,0.69799999999999884,0,352.80000000000007
0,83,polynomial,-1.7534100911961228,0,44.500000000000007,0.69799999999999929,0,352.80000000000007
0,83,polynomial,-1.73828125,0,44.5,0.69799999999999884,0,352.80000000000007
0,83,polynomial,-1.7231524088038772,0,44.5,0.69800000000000006,0,352.7999999999999
0,83,center,-1.73828125,0,44.5,0.69799999999999884,0,352.80000000000007
0,84,polynomial,-1.7143475911961228,0,44.500000000000007,0.69799999999999929,0,352.80000000000007
0,84,polynomial,-1.69921875,0,44.5,0.69799999999999884,0,352.80000000000007
0,84,polynomial,-1.6840899088038772,0,44.5,0.69800000000000006,0,352.7999999999999
0,84,center,-1.69921875,0,44.5,0.69799999999999884,0,352.80000000000007
0,85,polynomial,-1.6752850911961228,0,44.500000000000007,0.69799999999999929,0,352.80000000000007
0,85,polynomial,-1.66015625,0,44.5,0.69799999999999884,0,352.80000000000007
0,85,polynomial,-1.6450274088038772,0,44.5,0.69799999999999995,0,352.7999999999999
0,85,center,-1.66015625,0,44.5,0.69799999999999884,0,352.80000000000007
0,86,polynomial,-1.6362225911961228,0,44.500000000000007,0.69799999999999929,0,352.80000000000007
0,86,polynomial,-1.62109375,0,44.5,0.69799999999999895,0,352.80000000000007
0,86,polynomial,-1.6059649088038772,0,44.5,0.69799999999999984,0,352.7999999999999
0,86,center,-1.62109375,0,44.5,0.69799999999999895,0,352.80000000000007
0,87,polynomial,-1.5971600911961228,0,44.500000000000007,0.69799999999999907,0,352.80000000000007
0,87,polynomial,-1.58203125,0,44.5,0.69799999999999895,0,352.80000000000007
0,87,polynomial,-1.5669024088038772,0,44.5,0.69799999999999973,0,352.7999999999999
0,87,center,-1.58203125,0,44.5,0.69799999999999895,0,352.80000000000007
0,88,polynomial,-1.5580975911961228,0,44.500000000000007,0.69799999999999884,0,352.80000000000007
0,88,polynomial,-1.54296875,0,44.5,0.69799999999999895,0,352.80000000000007
0,88,polynomial,-1.5278399088038772,0,44.5,0.69799999999999973,0,352.7999999999999
0,88,center,-1.54296875,0,44.5,0.69799999999999895,0,352.80000000000007
0,89,polynomial,-1.5190350911961226,0,44.500000000000007,0.69799999999999884,0,352.80000000000007
0,89,polynomial,-1.50390625,0,44.5,0.69799999999999895,0,352.80000000000007
0,89,polynomial,-1.4887774088038772,0,44.5,0.69799999999999973,0,352.7999999999999
0,89,center,-1.50390625,0,44.5,0.69799999999999895,0,352.80000000000007
0,90,polynomial,-1.4799725911961228,0,44.500000000000007,0.69799999999999884,0,352.80000000000007
0,90,polynomial,-1.46484375,0,44.5,0.69799999999999895,0,352.80000000000007
0,90,polynomial,-1.4497149088038772,0,44.5,0.69799999999999973,0,352.7999999999999
0,90,center,-1.46484375,0,44.5,0.69799999999999895,0,352.80000000000007
0,91,polynomial,-1.4409100911961228,0,44.500000000000007,0.69799999999999884,0,352.80000000000007
0,91,polynomial,-1.42578125,0,44.5,0.69799999999999895,0,352.80000000000007
0,91,polynomial,-1.4106524088038772,0,44.5,0.69799999999999973,0,352.7999999999999
0,91,center,-1.42578125,0,44.5,0.69799999999999895,0,352.80000000000007
0,92,polynomial,-1.4018475911961226,0,44.500000000000007,0.69799999999999884,0,352.80000000000007
0,92,polynomial,-1.38671875,0,44.5,0.69799999999999895,0,352.80000000000007
0,92,polynomial,-1.3715899088038772,0,44.5,0.69799999999999973,0,352.7999999999999
0,92,center,-1.38671875,0,44.5,0.69799999999999895,0,352.80000000000007
0,93,polynomial,-1.3627850911961228,0,44.500000000000007,0.69799999999999884,0,352.80000000000007
0,93,polynomial,-1.34765625,0,44.5,0.69799999999999895,0,352.80000000000007
0,93,polynomial,-1.3325274088038772,0,44.5,0.69799999999999973,0,352.7999999999999
0,93,center,-1.34765625,0,44.5,0.69799999999999895,0,352.80000000000007
0,94,polynomial,-1.3237225911961228,0,44.500000000000007,0.69799999999999884,0,352.80000000000007
0,94,polynomial,-1.30859375,0,44.5,0.69799999999999895,0,352.80000000000007
0,94,polynomial,-1.2934649088038772,0,44.5,0.69799999999999973,0,352.7999999999999
0,94,center,-1.30859375,0,44.5,0.69799999999999895,0,352.80000000000007
0,95,polynomial,-1.2846600911961228,0,44.500000000000007,0.69799999999999884,0,352.80000000000007
0,95,polynomial,-1.26953125,0,44.5,0.69799999999999895,0,352.80000000000007
0,95,polynomial,-1.2544024088038772,0,44.5,0.69799999999999973,0,352.7999999999999
0,95,center,-1.26953125,0,44.5,0.69799999999999895,0,352.80000000000007
0,96,polynomial,-1.2455975911961226,0,44.500000000000007,0.69799999999999884,0,352.80000000000007
0,96,polynomial,-1.23046875,0,44.5,0.69799999999999895,0,352.80000000000007
0,96,polynomial,-1.2153399088038772,0,44.5,0.69799999999999973,0,352.7999999999999
0,96,center,-1.23046875,0,44.5,0.69799999999999895,0,352.80000000000007
0,97,polynomial,-1.2065350911961228,0,44.500000000000007,0.69799999999999884,0,352.80000000000007
0,97,polynomial,-1.19140625,0,44.5,0.69799999999999895,0,352.80000000000007
0,97,polynomial,-1.1762774088038772,0,44.5,0.69799999999999973,0,352.7999999999999
0,97,center,-1.19140625,0,44.5,0.69799999999999895,0,352.80000000000007
0,98,polynomial,-1.1674725911961228,0,44.500000000000007,0.69799999999999884,0,352.80000000000007
0,98,polynomial,-1.15234375,0,44.5,0.69799999999999895,0,352.80000000000007
0,98,polynomial,-1.1372149088038772,0,44.5,0.69799999999999973,0,352.7999999999999
0,98,center,-1.15234375,0,44.5,0.69799999999999895,0,352.80000000000007
0,99,polynomial,-1.1284100911961226,0,44.500000000000007,0.69799999999999884,0,352.80000000000007
0,99,polynomial,-1.11328125,0,44.5,0.69799999999999895,0,352.80000000000007
0,99,polynomial,-1.0981524088038772,0,44.5,0.69799999999999973,0,352.7999999999999
0,99,center,-1.11328125,0,44.5,0.69799999999999895,0,352.80000000000007
0,100,polynomial,-1.0893475911961228,0,44.500000000000007,0.69799999999999884,0,352.80000000000007
0,100,polynomial,-1.07421875,0,44.5,0.69799999999999895,0,352.80000000000007
0,100,polynomial,-1.0590899088038772,0,44.5,0.69799999999999973,0,352.7999999999999
0,100,center,-1.07421875,0,44.5,0.69799999999999895,0,352.80000000000007
0,101,polynomial,-1.0502850911961228,0,44.500000000000007,0.69799999999999884,0,352.80000000000007
0,101,polynomial,-1.03515625,0,44.5,0.69799999999999895,0,352.80000000000007
0,101,polynomial,-1.0200274088038772,0,44.5,0.69799999999999973,0,352.7999999999999
0,101,center,-1.03515625,0,44.5,0.69799999999999895,0,352.80000000000007
0,102,polynomial,-1.0112225911961228,0,44.500000000000007,0.69799999999999884,0,352.80000000000007
0,102,polynomial,-0.99609375,0,44.5,0.69799999999999895,0,352.80000000000007
0,102,polynomial,-0.98096490880387732,0,44.5,0.69799999999999973,0,352.7999999999999
0,102,center,-0.99609375,0,44.5,0.69799999999999895,0,352.80000000000007
0,103,polynomial,-0.97216009119612268,0,44.500000000000007,0.69799999999999884,0,352.80000000000007
0,103,polynomial,-0.95703125,0,44.499999999999993,0.69799999999999895,0,352.80000000000007
0,103,polynomial,-0.94190240880387732,0,44.500000000000014,0.69799999999999951,0,352.7999999999999
0,103,center,-0.95703125,0,44.499999999999993,0.69799999999999895,0,352.80000000000007
0,104,polynomial,-0.93309759119612279,0,44.500000000000007,0.69799999999999895,0,352.80000000000001
0,104,polynomial,-0.91796875,0,44.499999999999893,0.69799999999999907,0,352.80000000000001
0,104,polynomial,-0.90283990880387732,0,44.500000000000085,0.69799999999999862,0,352.80000000000007
0,104,center,-0.91796875,0,44.499999999999893,0.69799999999999907,0,352.80000000000001
0,105,polynomial,-0.89403509119612268,0,44.500000000000014,0.69800000000000151,0,352.79999999999961
0,105,polynomial,-0.87890625,0,44.499999999999652,0.69800000000000273,0,352.7999999999991
0,105,polynomial,-0.86377740880387732,0,44.500000000000625,0.69799999999999218,0,352.80000000000075
0,105,center,-0.87890625,0,44.499999999999652,0.69800000000000273,0,352.7999999999991
0,106,polynomial,-0.85497259119612279,0,44.500000000000263,0.69800000000000029,0,352.79999999999973
0,106,polynomial,-0.83984375,0,44.499999999998401,0.69800000000001627,0,352.79999999999728
0,106,polynomial,-0.82471490880387732,0,44.500000000003702,0.69799999999997187,0,352.80000000000376
0,106,center,-0.83984375,0,44.499999999998401,0.69800000000001627,0,352.79999999999728
0,107,polynomial,-0.81591009119612279,0,44.500000000002032,0.6979999999999712,0,352.80000000000376
0,107,polynomial,-0.80078125,0,44.499999999991282,0.69800000000007301,0,352.79999999998853
0,107,polynomial,-0.78565240880387732,0,44.500000000019192,0.6979999999999873,0,352.80000000000126
0,107,center,-0.80078125,0,44.499999999991282,0.69800000000007301,0,352.79999999998853
0,108,polynomial,-0.77684759119612268,0,44.500000000012989,0.69799999999974283,0,352.80000000003758
0,108,polynomial,-0.76171875,0,44.499999999954305,0.69800000000020279,0,352.79999999996897
0,108,polynomial,-0.74658990880387732,0,44.50000000009458,0.69800000000075557,0,352.79999999988729
0,108,center,-0.76171875,0,44.499999999954305,0.69800000000020279,0,352.79999999996897
0,109,polynomial,-0.73778509119612279,0,44.500000000072241,0.6979999999985661,0,352.80000000021215
0,109,polynomial,-0.72265625,0,44.499999999772001,0.69799999999963958,0,352.80000000005265
0,109,polynomial,-0.70752740880387732,0,44.50000000046591,0.69800000000691775,0,352.79999999897353
0,109,center,-0.72265625,0,44.499999999772001,0.69799999999963958,0,352.80000000005265
0,110,polynomial,-0.69872259119612268,0,44.500000000348678,0.69799999999528228,0,352.80000000069884
0,110,polynomial,-0.68359375,0,44.499999998892498,0.69799999999109197,0,352.80000000131986
0,110,polynomial,-0.66846490880387732,0,44.500000002412385,0.69800000003535201,0,352.79999999475802
0,110,center,-0.68359375,0,44.499999998892498,0.69799999999109197,0,352.80000000131986
0,111,polynomial,-0.65966009119612279,0,44.500000001460457,0.69800000000247076,0,352.7999999996328
0,111,polynomial,-0.64453125,0,44.499999994554962,0.69799999993894868,0,352.80000000905005
0,111,polynomial,-0.62940240880387732,0,44.50000001328322,0.69800000008440766,0,352.79999998748514
0,111,center,-0.64453125,0,44.499999994554962,0.69799999993894868,0,352.80000000905005
0,112,polynomial,-0.62059759119612268,0,44.500000005588049,0.69800000014845787,0,352.79999997798944
0,112,polynomial,-0.60546875,0,44.499999971988096,0.69799999978431082,0,352.80000003197551
0,112,polynomial,-0.59033990880387732,0,44.500000073683118,0.69799999968212423,0,352.80000004712531
0,112,center,-0.60546875,0,44.499999971988096,0.69799999978431082,0,352.80000003197551
0,113,polynomial,-0.58153509119612268,0,44.500000023997167,0.69800000098412829,0,352.79999985409756
0,113,polynomial,-0.56640625,0,44.499999851707187,0.69800000009862995,0,352.79999998537664
0,113,polynomial,-0.55127740880387732,0,44.500000377907128,0.69799999579351135,0,352.80000062363052
0,113,center,-0.56640625,0,44.499999851707187,0.69800000009862995,0,352.79999998537664
0,114,polynomial,-0.54247259119612268,0,44.50000014139507,0.69800000258221873,0,352.79999961717317
0,114,polynomial,-0.52734375,0,44.499999247417421,0.69800000603057955,0,352.79999910593733
0,114,polynomial,-0.51221490880387732,0,44.500001660199679,0.69799998261562601,0,352.80000257731297
0,114,center,-0.52734375,0,44.499999247417421,0.69800000603057955,0,352.79999910593733
0,115,polynomial,-0.50341009119612279,0,44.500000922130816,0.6979999909688207,0,352.80000133891315
0,115,polynomial,-0.48828125,0,44.499996635880599,0.69800003161304625,0,352.79999531321772
0,115,polynomial,-0.47315240880387727,0,44.500005978286403,0.69800000493371472,0,352.79999926855186
0,115,center,-0.48828125,0,44.499996635880599,0.69800003161304625,0,352.79999531321772
0,116,polynomial,-0.46434759119612273,0,44.500004911979254,0.69799989439688759,0,352.80001565616192
0,116,polynomial,-0.44921875,0,44.499987510769472,0.69800001634812914,0,352.79999757629923
0,116,polynomial,-0.43408990880387727,0,44.500018938247408,0.69800039802721592,0,352.79994099062378
0,116,center,-0.44921875,0,44.499987510769472,0.69800001634812914,0,352.79999757629923
0,117,polynomial,-0.42528509119612273,0,44.500017896137223,0.69799975287284011,0,352.80003663787079
0,117,polynomial,-0.41015625,0,44.499959785234424,0.69799938142261442,0,352.80009170667711
0,117,polynomial,-0.39502740880387727,0,44.500073746957248,0.69800133601665471,0,352.79980192952598
0,117,center,-0.41015625,0,44.499959785234424,0.69799938142261442,0,352.80009170667711
0,118,polynomial,-0.38622259119612273,0,44.500039418443819,0.69800136884380892,0,352.79979706079695
0,118,polynomial,-0.37109375,0,44.499850188082533,0.69799774139227666,0,352.80033484952844
0,118,polynomial,-0.35596490880387727,0,44.500375330832298,0.69799602809260175,0,352.800588854311
0,118,center,-0.37109375,0,44.499850188082533,0.69799774139227666,0,352.80033484952844
0,119,polynomial,-0.34716009119612273,0,44.50010875734489,0.69800793003419992,0,352.79882429571171
0,119,polynomial,-0.33203125,0,44.499285055765654,0.69800699561940072,0,352.79896293798748
0,119,polynomial,-0.31690240880387727,0,44.501439307154413,0.69797028238405134,0,352.80440576244263
0,119,center,-0.33203125,0,44.499285055765654,0.69800699561940072,0,352.79896293798748
0,120,polynomial,-0.30809759119612268,0,44.500935871364106,0.69798559355573297,0,352.8021360585534
0,120,polynomial,-0.29296875,0,44.497391519359383,0.69804794704762996,0,352.79289180844853
0,120,polynomial,-0.27783990880387727,0,44.502335797707779,0.69805283818863284,0,352.79216651704559
0,120,center,-0.29296875,0,44.497391519359383,0.69804794704762996,0,352.79289180844853
0,121,polynomial,-0.26903509119612273,0,44.504024538060435,0.69787545190509614,0,352.81847107845351
0,121,polynomial,-0.25390625,0,44.495139993616327,0.69794439794713425,0,352.80823494510224
0,121,polynomial,-0.23877740880387727,0,44.499319237246034,0.69863479198878375,0,352.70590432951781
0,121,center,-0.25390625,0,44.495139993616327,0.69794439794713425,0,352.80823494510224
0,122,polynomial,-0.22997259119612273,0,44.498229380186551,0.6986197000287605,0,352.70817588657968
0,122,polynomial,-0.21484375,0,44.467333625857819,0.69939153737108484,0,352.59366849860641
0,122,polynomial,-0.19971490880387727,0,44.449625107092977,0.70316402758928165,0,352.03518190710724
0,122,center,-0.21484375,0,44.467333625857819,0.69939153737108484,0,352.59366849860641
0,123,polynomial,-0.19091009119612273,0,44.33180138729135,0.71187530990637049,0,350.74846044154231
0,123,polynomial,-0.17578125,0,43.860445015006881,0.7435816034636531,0,346.09775848063072
0,123,polynomial,-0.16065240880387727,0,43.240199201075598,0.79655717669691617,0,338.44550926009219
0,123,center,-0.17578125,0,43.860445015006881,0.7435816034636531,0,346.09775848063072
0,124,polynomial,-0.15184759119612271,0,42.722357703708781,0.83678944110469167,0,332.73665793385106
0,124,polynomial,-0.13671875,0,41.612960937255544,0.91383079598608719,0,322.00701969086276
0,124,polynomial,-0.12158990880387728,0,40.619323319981703,1.0044369771687089,0,309.81100424494093
0,124,center,-0.13671875,0,41.612960937255544,0.91383079598608719,0,322.00701969086276
0,125,polynomial,-0.11278509119612273,0,39.996382231896597,1.0581513689765252,0,302.76256393944936
0,125,polynomial,-0.09765625,0,38.696173119444893,1.1468832457929066,0,291.3629908405332
0,125,polynomial,-0.082527408803877281,0,37.789650221846117,1.2377719776274303,0,280.16394088417564
0,125,center,-0.09765625,0,38.696173119444893,1.1468832457929066,0,291.3629908405332
0,126,polynomial,-0.073722591196122719,0,37.347988084108565,1.2842017195868025,0,274.56788090300211
0,126,polynomial,-0.05859375,0,36.241355306873679,1.3587877374969295,0,265.71116462999413
0,126,polynomial,-0.043464908803877281,0,35.516090565583006,1.4371463405939029,0,256.76682756720788
0,126,center,-0.05859375,0,36.241355306873679,1.3587877374969295,0,265.71116462999413
0,127,polynomial,-0.034660091196122719,0,35.219868508476559,1.474605064812716,0,252.56617303835614
0,127,polynomial,-0.01953125,0,34.70940169083697,1.5181940611278764,0,247.70213194599987
0,127,polynomial,-0.0044024088038772773,0,35.225237647582112,1.5442624071172892,0,244.82190324884391
0,127,center,-0.01953125,0,34.70940169083697,1.5181940611278764,0,247.70213194599987
0,128,polynomial,0.0044024088038772781,0,36.38413116020655,1.5469640274499781,0,244.48917074463384
0,128,polynomial,0.01953125,0,39.147588578735359,1.5509273067312292,0,243.88607890409264
0,128,polynomial,0.034660091196122719,0,43.158052436925729,1.5599539597958345,0,242.62512691652367
0,128,center,0.01953125,0,39.147588578735359,1.5509273067312292,0,243.88607890409264
0,129,polynomial,0.043464908803877274,0,48.414438640939565,1.5624465183931806,0,242.00058587280091
0,129,polynomial,0.05859375,0,58.277598965931702,1.5570526663918101,0,241.66782060456651
0,129,polynomial,0.073722591196122719,0,67.836009923557981,1.542246565177863,0,241.44182541236265
0,129,center,0.05859375,0,58.277598965931702,1.5570526663918101,0,241.66782060456651
0,130,polynomial,0.082527408803877267,0,78.794350742438851,1.5153109827853286,0,238.92971997958071
0,130,polynomial,0.09765625,0,90.403030577540179,1.4338372862923594,0,225.37431530720136
0,130,polynomial,0.11278509119612272,0,95.635539701137887,1.3420578216135239,0,209.45145819378089
0,130,center,0.09765625,0,90.403030577540179,1.4338372862923594,0,225.37431530720136
0,131,polynomial,0.12158990880387728,0,94.48414470126427,1.1708006457419717,0,181.23268686130231
0,131,polynomial,0.13671875,0,79.229761636890984,0.74853052915357388,0,122.46389347339604
0,131,polynomial,0.15184759119612273,0,64.457155091398221,0.37861199422530312,0,85.633774692617934
0,131,center,0.13671875,0,79.229761636890984,0.74853052915357388,0,122.46389347339604
0,132,polynomial,0.16065240880387727,0,53.409853616361715,0.11186127111052799,0,64.576273957036634
0,132,polynomial,0.17578125,0,49.908168824087575,-0.0072248701748811161,0,56.620961717697192
0,132,polynomial,0.19091009119612273,0,50.171612898601524,0.0045260428089871829,0,57.396682259811257
0,132,center,0.17578125,0,49.908168824087575,-0.0072248701748811161,0,56.620961717697192
0,133,polynomial,0.19971490880387727,0,50.233448098588504,0.0083864419538863047,0,57.631350487662985
0,133,polynomial,0.21484375,0,49.918436604623821,-0.0026623132733971113,0,56.932154342491899
0,133,polynomial,0.22997259119612273,0,50.025304140605833,0.00065745884784790417,0,57.141430530726346
0,133,center,0.21484375,0,49.918436604623821,-0.0026623132733971113,0,56.932154342491899
0,134,polynomial,0.23877740880387729,0,50.034926901194972,0.0011759216182961124,0,57.174354879269238
0,134,polynomial,0.25390625,0,49.985209199012694,-0.00044639776703598542,0,57.071794688540258
0,134,polynomial,0.26903509119612273,0,50.00261522443536,6.459316893467263e-05,0,57.104078398784019
0,134,center,0.25390625,0,49.985209199012694,-0.00044639776703598542,0,57.071794688540258
0,135,polynomial,0.27783990880387727,0,50.006150490899877,0.00019413262072322235,0,57.112273889110348
0,135,polynomial,0.29296875,0,49.997881876868917,-6.3164884154015782e-05,0,57.096006971328947
0,135,polynomial,0.30809759119612273,0,50.000173310761021,4.2125300693798947e-06,0,57.100266202061206
0,135,center,0.29296875,0,49.997881876868917,-6.3164884154015782e-05,0,57.096006971328947
0,136,polynomial,0.31690240880387727,0,50.000950666652777,2.9112815453971317e-05,0,57.101840578299353
0,136,polynomial,0.33203125,0,49.999716459620352,-8.4388973518805933e-06,0,57.099466484615789
0,136,polynomial,0.34716009119612273,0,50.000012206459736,3.1139904654857096e-07,0,57.10001968480001
0,136,center,0.33203125,0,49.999716459620352,-8.4388973518805933e-06,0,57.099466484615789
0,137,polynomial,0.35596490880387727,0,50.000134602109661,4.045731052529391e-06,0,57.100255778780273
0,137,polynomial,0.37109375,0,49.999961110963177,-1.144591726484699e-06,0,57.09992763695292
0,137,polynomial,0.38622259119612273,0,50.000002052118653,5.4633627226898621e-08,0,57.100003453990517
0,137,center,0.37109375,0,49.999961110963177,-1.144591726484699e-06,0,57.09992763695292
0,138,polynomial,0.39502740880387727,0,50.000018731709304,5.5253937818221279e-07,0,57.100034932555729
0,138,polynomial,0.41015625,0,49.999994376088416,-1.6203965071105244e-07,0,57.099989755559086
0,138,polynomial,0.42528509119612273,0,50.000000448501829,1.1776132543978988e-08,0,57.100000744507462
0,138,center,0.41015625,0,49.999994376088416,-1.6203965071105244e-07,0,57.099989755559086
0,139,polynomial,0.43408990880387727,0,50.000002671635755,7.7147898411295374e-08,0,57.100004877431331
0,139,polynomial,0.44921875,0,49.999999159861574,-2.3654092789556052e-08,0,57.099998504544772
0,139,polynomial,0.46434759119612273,0,50.000000081541785,2.1087355073519922e-09,0,57.100000133317891
0,139,center,0.44921875,0,49.999999159861574,-2.3654092789556052e-08,0,57.099998504544772
0,140,polynomial,0.47315240880387732,0,50.000000391827484,1.1080272173172066e-08,0,57.100000700514897
0,140,polynomial,0.48828125,0,49.999999874392785,-3.4703992304857713e-09,0,57.099999780594757
0,140,polynomial,0.50341009119612268,0,50.000000012426845,3.1864613203229845e-10,0,57.100000020145217
0,140,center,0.48828125,0,49.999999874392785,-3.4703992304857713e-09,0,57.099999780594757
0,141,polynomial,0.51221490880387732,0,50.000000057951354,1.6099934592354287e-09,0,57.100000101786613
0,141,polynomial,0.52734375,0,49.999999981586761,-5.0188426436562526e-10,0,57.099999968269799
0,141,polynomial,0.54247259119612268,0,50.000000001684164,4.3090920690469899e-11,0,57.100000002724023
0,141,center,0.52734375,0,49.999999981586761,-5.0188426436562526e-10,0,57.099999968269799
0,142,polynomial,0.55127740880387721,0,50.000000008461704,2.3185657725046674e-10,0,57.100000014658164
0,142,polynomial,0.56640625,0,49.999999997374907,-7.0867731267380458e-11,0,57.099999995519404
0,142,polynomial,0.58153509119612268,0,50.000000000214953,5.521414954476174e-12,0,57.100000000348821
0,142,center,0.56640625,0,49.999999997374907,-7.0867731267380458e-11,0,57.099999995519404
0,143,polynomial,0.59033990880387732,0,50.000000001203155,3.2621934938152518e-11,0,57.100000002062224
0,143,polynomial,0.60546875,0,49.999999999636401,-9.7438055522490876e-12,0,57.099999999383819
0,143,polynomial,0.62059759119612268,0,50.000000000027278,7.0795707169539101e-13,0,57.100000000044574
0,143,center,0.60546875,0,49.999999999636401,-9.7438055522490876e-12,0,57.099999999383819
0,144,polynomial,0.62940240880387721,0,50.000000000165471,4.4513642806113661e-12,0,57.10000000028127
0,144,polynomial,0.64453125,0,49.999999999950838,-1.305716516058426e-12,0,57.099999999917351
0,144,polynomial,0.65966009119612268,0,50.000000000003475,9.4391480348147239e-14,0,57.100000000005821
0,144,center,0.64453125,0,49.999999999950838,-1.305716516058426e-12,0,57.099999999917351
0,145,polynomial,0.66846490880387732,0,50.000000000021871,5.8694545962385812e-13,0,57.100000000037006
0,145,polynomial,0.68359375,0,49.999999999993399,-1.7131830356809355e-13,0,57.099999999989095
0,145,polynomial,0.69872259119612268,0,50.000000000000377,1.2884858599979895e-14,0,57.100000000000726
0,145,center,0.68359375,0,49.999999999993399,-1.7131830356809355e-13,0,57.099999999989095
0,146,polynomial,0.70752740880387721,0,50.0000000000027,7.4579923418180332e-14,0,57.100000000004613
0,146,polynomial,0.72265625,0,49.999999999999062,-2.2127557161954167e-14,0,57.099999999998488
0,146,polynomial,0.73778509119612268,0,49.999999999999986,1.5224892028922232e-15,0,57.10000000000003
0,146,center,0.72265625,0,49.999999999999062,-2.2127557161954167e-14,0,57.099999999998488
0,147,polynomial,0.74658990880387732,0,50.000000000000284,8.5033858191121523e-15,0,57.100000000000534
0,147,polynomial,0.76171875,0,49.99999999999978,-3.5413995880733196e-15,0,57.09999999999976
0,147,polynomial,0.77684759119612268,0,49.99999999999995,9.2524035771885073e-17,0,57.099999999999945
0,147,center,0.76171875,0,49.99999999999978,-3.5413995880733196e-15,0,57.09999999999976
0,148,polynomial,0.78565240880387732,0,50.000000000000028,6.4319871368400421e-16,0,57.100000000000065
0,148,polynomial,0.80078125,0,49.999999999999993,-1.0240665192767584e-15,0,57.100000000000001
0,148,polynomial,0.81591009119612268,0,49.999999999999993,4.2251234061016292e-16,0,57.099999999999987
0,148,center,0.80078125,0,49.999999999999993,-1.0240665192767584e-15,0,57.100000000000001
0,149,polynomial,0.82471490880387732,0,49.999999999999993,1.1159990376629574e-16,0,57.100000000000009
0,149,polynomial,0.83984375,0,49.999999999999993,-9.3899286632408526e-16,0,57.100000000000001
0,149,polynomial,0.85497259119612268,0,49.999999999999993,3.6851694842996157e-16,0,57.099999999999987
0,149,center,0.83984375,0,49.999999999999993,-9.3899286632408526e-16,0,57.100000000000001
0,150,polynomial,0.86377740880387732,0,49.999999999999993,1.0395073441989241e-16,0,57.100000000000009
0,150,polynomial,0.87890625,0,49.999999999999993,-9.4890064173454477e-16,0,57.100000000000001
0,150,polynomial,0.89403509119612268,0,49.999999999999993,3.6233710694477688e-16,0,57.099999999999987
0,150,center,0.87890625,0,49.999999999999993,-9.4890064173454477e-16,0,57.100000000000001
0,151,polynomial,0.90283990880387721,0,49.999999999999993,1.1240846293796903e-16,0,57.100000000000009
0,151,polynomial,0.91796875,0,49.999999999999993,-9.2787247858750311e-16,0,57.100000000000001
0,151,polynomial,0.93309759119612268,0,49.999999999999993,3.690542516174111e-16,0,57.099999999999987
0,151,center,0.91796875,0,49.999999999999993,-9.2787247858750311e-16,0,57.100000000000001
0,152,polynomial,0.94190240880387732,0,49.999999999999993,1.0336613187156059e-16,0,57.100000000000009
0,152,polynomial,0.95703125,0,49.999999999999993,-9.4157876114559824e-16,0,57.100000000000001
0,152,polynomial,0.97216009119612268,0,49.999999999999993,3.6398646281128759e-16,0,57.099999999999987
0,152,center,0.95703125,0,49.999999999999993,-9.4157876114559824e-16,0,57.100000000000001
0,153,polynomial,0.98096490880387732,0,49.999999999999993,1.0400267610688975e-16,0,57.100000000000009
0,153,polynomial,0.99609375,0,49.999999999999993,-9.4614936925537419e-16,0,57.100000000000001
0,153,polynomial,1.0112225911961228,0,49.999999999999993,3.639640114148611e-16,0,57.099999999999987
0,153,center,0.99609375,0,49.999999999999993,-9.4614936925537419e-16,0,57.100000000000001
0,154,polynomial,1.0200274088038774,0,49.999999999999993,1.0614554405874522e-16,0,57.100000000000009
0,154,polynomial,1.03515625,0,49.999999999999993,-9.434155017248685e-16,0,57.100000000000001
0,154,polynomial,1.0502850911961228,0,49.999999999999993,3.6618208237262769e-16,0,57.099999999999987
0,154,center,1.03515625,0,49.999999999999993,-9.434155017248685e-16,0,57.100000000000001
0,155,polynomial,1.0590899088038772,0,49.999999999999993,1.0392747310097861e-16,0,57.100000000000009
0,155,polynomial,1.07421875,0,49.999999999999993,-9.420272727785627e-16,0,57.100000000000001
0,155,polynomial,1.0893475911961228,0,49.999999999999993,3.6390913645775183e-16,0,57.099999999999987
0,155,center,1.07421875,0,49.999999999999993,-9.420272727785627e-16,0,57.100000000000001
0,156,polynomial,1.0981524088038772,0,49.999999999999993,1.0389979516244227e-16,0,57.100000000000009
0,156,polynomial,1.11328125,0,49.999999999999993,-9.4041498337043003e-16,0,57.100000000000001
0,156,polynomial,1.1284100911961228,0,49.999999999999993,3.6390378655217639e-16,0,57.099999999999987
0,156,center,1.11328125,0,49.999999999999993,-9.4041498337043003e-16,0,57.100000000000001
0,157,polynomial,1.1372149088038772,0,49.999999999999993,1.0161776155672203e-16,0,57.100000000000009
0,157,polynomial,1.15234375,0,49.999999999999993,-9.4469171947783547e-16,0,57.100000000000001
0,157,polynomial,1.1674725911961228,0,49.999999999999993,3.6165389349187762e-16,0,57.099999999999987
0,157,center,1.15234375,0,49.999999999999993,-9.4469171947783547e-16,0,57.100000000000001
0,158,polynomial,1.1762774088038772,0,49.999999999999993,1.0386765461702083e-16,0,57.100000000000009
0,158,polynomial,1.19140625,0,49.999999999999993,-9.4470496548406639e-16,0,57.100000000000001
0,158,polynomial,1.2065350911961228,0,49.999999999999993,3.6104429275098592e-16,0,57.099999999999987
0,158,center,1.19140625,0,49.999999999999993,-9.4470496548406639e-16,0,57.100000000000001
0,159,polynomial,1.2153399088038774,0,49.999999999999993,1.0219936832502031e-16,0,57.100000000000009
0,159,polynomial,1.23046875,0,49.999999999999993,-9.4229565863380112e-16,0,57.100000000000001
0,159,polynomial,1.2455975911961228,0,49.999999999999993,3.5556775802022407e-16,0,57.099999999999987
0,159,center,1.23046875,0,49.999999999999993,-9.4229565863380112e-16,0,57.100000000000001
0,160,polynomial,1.2544024088038772,0,49.999999999999993,1.0540713604942233e-16,0,57.100000000000009
0,160,polynomial,1.26953125,0,49.999999999999993,-9.4512995929534038e-16,0,57.100000000000001
0,160,polynomial,1.2846600911961228,0,49.999999999999993,3.57751399216998e-16,0,57.099999999999987
0,160,center,1.26953125,0,49.999999999999993,-9.4512995929534038e-16,0,57.100000000000001
0,161,polynomial,1.2934649088038772,0,49.999999999999993,1.0097915530741273e-16,0,57.100000000000009
0,161,polynomial,1.30859375,0,49.999999999999993,-9.4794536143737261e-16,0,57.100000000000001
0,161,polynomial,1.3237225911961228,0,49.999999999999993,3.5552418783634233e-16,0,57.099999999999987
0,161,center,1.30859375,0,49.999999999999993,-9.4794536143737261e-16,0,57.100000000000001
0,162,polynomial,1.3325274088038772,0,49.999999999999993,9.6525103120795575e-17,0,57.100000000000009
0,162,polynomial,1.34765625,0,49.999999999999993,-9.490396934916796e-16,0,57.100000000000001
0,162,polynomial,1.3627850911961228,0,49.999999999999993,3.549380981851219e-16,0,57.099999999999987
0,162,center,1.34765625,0,49.999999999999993,-9.490396934916796e-16,0,57.100000000000001
0,163,polynomial,1.3715899088038774,0,49.999999999999993,9.488451271676558e-17,0,57.100000000000009
0,163,polynomial,1.38671875,0,49.999999999999993,-9.4941396407927454e-16,0,57.100000000000001
0,163,polynomial,1.4018475911961228,0,49.999999999999993,3.5549962373546788e-16,0,57.099999999999987
0,163,center,1.38671875,0,49.999999999999993,-9.4941396407927454e-16,0,57.100000000000001
0,164,polynomial,1.4106524088038772,0,49.999999999999993,9.8758991857304172e-17,0,57.100000000000009
0,164,polynomial,1.42578125,0,49.999999999999993,-9.4523669896986062e-16,0,57.100000000000001
0,164,polynomial,1.4409100911961228,0,49.999999999999993,3.532966759532075e-16,0,57.099999999999987
0,164,center,1.42578125,0,49.999999999999993,-9.4523669896986062e-16,0,57.100000000000001
0,165,polynomial,1.4497149088038772,0,49.999999999999993,9.8716563830660184e-17,0,57.100000000000009
0,165,polynomial,1.46484375,0,49.999999999999993,-9.5042606811257777e-16,0,57.100000000000001
0,165,polynomial,1.4799725911961228,0,49.999999999999993,3.571288517315135e-16,0,57.099999999999987
0,165,center,1.46484375,0,49.999999999999993,-9.5042606811257777e-16,0,57.100000000000001
0,166,polynomial,1.4887774088038774,0,49.999999999999993,9.4847670184480537e-17,0,57.100000000000009
0,166,polynomial,1.50390625,0,49.999999999999993,-9.5353152225947913e-16,0,57.100000000000001
0,166,polynomial,1.5190350911961228,0,49.999999999999993,3.5491501784970156e-16,0,57.099999999999987
0,166,center,1.50390625,0,49.999999999999993,-9.5353152225947913e-16,0,57.100000000000001
0,167,polynomial,1.5278399088038772,0,49.999999999999993,9.4828543562718882e-17,0,57.100000000000009
0,167,polynomial,1.54296875,0,49.999999999999993,-9.5048739372426367e-16,0,57.100000000000001
0,167,polynomial,1.5580975911961228,0,49.999999999999993,3.5269536124585487e-16,0,57.099999999999987
0,167,center,1.54296875,0,49.999999999999993,-9.5048739372426367e-16,0,57.100000000000001
0,168,polynomial,1.5669024088038772,0,49.999999999999993,9.0400313691345177e-17,0,57.100000000000009
0,168,polynomial,1.58203125,0,49.999999999999993,-9.5775707473608258e-16,0,57.100000000000001
0,168,polynomial,1.5971600911961228,0,49.999999999999993,3.510429796612108e-16,0,57.099999999999987
0,168,center,1.58203125,0,49.999999999999993,-9.5775707473608258e-16,0,57.100000000000001
0,169,polynomial,1.6059649088038774,0,49.999999999999993,9.2035509626650186e-17,0,57.100000000000009
0,169,polynomial,1.62109375,0,49.999999999999993,-9.5741420399124663e-16,0,57.100000000000001
0,169,polynomial,1.6362225911961228,0,49.999999999999993,3.5269431064407365e-16,0,57.099999999999987
0,169,center,1.62109375,0,49.999999999999993,-9.5741420399124663e-16,0,57.100000000000001
0,170,polynomial,1.6450274088038774,0,49.999999999999993,9.038612929670947e-17,0,57.100000000000009
0,170,polynomial,1.66015625,0,49.999999999999993,-9.6054569089668437e-16,0,57.100000000000001
0,170,polynomial,1.6752850911961228,0,49.999999999999993,3.5048616058696493e-16,0,57.099999999999987
0,170,center,1.66015625,0,49.999999999999993,-9.6054569089668437e-16,0,57.100000000000001
0,171,polynomial,1.6840899088038772,0,49.999999999999993,9.0383863861607408e-17,0,57.100000000000009
0,171,polynomial,1.69921875,0,49.999999999999993,-9.6019699030034129e-16,0,57.100000000000001
0,171,polynomial,1.7143475911961228,0,49.999999999999993,3.5047506859487487e-16,0,57.099999999999987
0,171,center,1.69921875,0,49.999999999999993,-9.6019699030034129e-16,0,57.100000000000001
0,172,polynomial,1.7231524088038772,0,49.999999999999993,9.2600103569849669e-17,0,57.100000000000009
0,172,polynomial,1.73828125,0,49.999999999999993,-9.5228062931071765e-16,0,57.100000000000001
0,172,polynomial,1.7534100911961228,0,49.999999999999993,3.444304683377315e-16,0,57.099999999999987
0,172,center,1.73828125,0,49.999999999999993,-9.5228062931071765e-16,0,57.100000000000001
0,173,polynomial,1.7622149088038774,0,49.999999999999993,9.4215567897765401e-17,0,57.100000000000009
0,173,polynomial,1.77734375,0,49.999999999999993,-9.5742657768269277e-16,0,57.100000000000001
0,173,polynomial,1.7924725911961228,0,49.999999999999993,3.4824440430560589e-16,0,57.099999999999987
0,173,center,1.77734375,0,49.999999999999993,-9.5742657768269277e-16,0,57.100000000000001
0,174,polynomial,1.8012774088038772,0,49.999999999999993,9.0403301060313881e-17,0,57.100000000000009
0,174,polynomial,1.81640625,0,49.999999999999993,-9.6020717226485101e-16,0,57.100000000000001
0,174,polynomial,1.8315350911961228,0,49.999999999999993,3.476904061795963e-16,0,57.099999999999987
0,174,center,1.81640625,0,49.999999999999993,-9.6020717226485101e-16,0,57.100000000000001
0,175,polynomial,1.8403399088038772,0,49.999999999999993,8.8748469938153297e-17,0,57.100000000000009
0,175,polynomial,1.85546875,0,49.999999999999993,-9.5642800599490645e-16,0,57.100000000000001
0,175,polynomial,1.8705975911961228,0,49.999999999999993,3.4222814925929553e-16,0,57.099999999999987
0,175,center,1.85546875,0,49.999999999999993,-9.5642800599490645e-16,0,57.100000000000001
0,176,polynomial,1.8794024088038774,0,49.999999999999993,8.9803497030980627e-17,0,57.100000000000009
0,176,polynomial,1.89453125,0,49.999999999999993,-9.6159801614187364e-16,0,57.100000000000001
0,176,polynomial,1.9096600911961228,0,49.999999999999993,3.4827798939251876e-16,0,57.099999999999987
0,176,center,1.89453125,0,49.999999999999993,-9.6159801614187364e-16,0,57.100000000000001
0,177,polynomial,1.9184649088038772,0,49.999999999999993,8.5956563519219603e-17,0,57.100000000000009
0,177,polynomial,1.93359375,0,49.999999999999993,-9.6435164941870149e-16,0,57.100000000000001
0,177,polynomial,1.9487225911961228,0,49.999999999999993,3.4827798939251876e-16,0,57.099999999999987
0,177,center,1.93359375,0,49.999999999999993,-9.6435164941870149e-16,0,57.100000000000001
0,178,polynomial,1.9575274088038772,0,49.999999999999993,8.5956563519219603e-17,0,57.100000000000009
0,178,polynomial,1.97265625,0,49.999999999999993,-9.6470006388533546e-16,0,57.100000000000001
0,178,polynomial,1.9877850911961228,0,49.999999999999993,3.4827798939251876e-16,0,57.099999999999987
0,178,center,1.97265625,0,49.999999999999993,-9.6470006388533546e-16,0,57.100000000000001
0,179,polynomial,1.9965899088038774,0,49.999999999999993,8.5956563519219603e-17,0,57.100000000000009
0,179,polynomial,2.01171875,0,49.999999999999993,-9.6470006388533546e-16,0,57.100000000000001
0,179,polynomial,2.0268475911961228,0,49.999999999999993,3.4827798939251876e-16,0,57.099999999999987
0,179,center,2.01171875,0,49.999999999999993,-9.6470006388533546e-16,0,57.100000000000001
0,180,polynomial,2.0356524088038772,0,49.999999999999993,8.5956563519219603e-17,0,57.100000000000009
0,180,polynomial,2.05078125,0,49.999999999999993,-9.6470006388533546e-16,0,57.100000000000001
0,180,polynomial,2.0659100911961228,0,49.999999999999993,3.4827798939251876e-16,0,57.099999999999987
0,180,center,2.05078125,0,49.999999999999993,-9.6470006388533546e-16,0,57.100000000000001
0,181,polynomial,2.0747149088038772,0,49.999999999999993,8.5956563519219603e-17,0,57.100000000000009
0,181,polynomial,2.08984375,0,49.999999999999993,-9.6470006388533546e-16,0,57.100000000000001
0,181,polynomial,2.1049725911961228,0,49.999999999999993,3.4827798939251876e-16,0,57.099999999999987
0,181,center,2.08984375,0,49.999999999999993,-9.6470006388533546e-16,0,57.100000000000001
0,182,polynomial,2.1137774088038772,0,49.999999999999993,8.5956563519219603e-17,0,57.100000000000009
0,182,polynomial,2.12890625,0,49.999999999999993,-9.6470006388533546e-16,0,57.100000000000001
0,182,polynomial,2.1440350911961228,0,49.999999999999993,3.4827798939251876e-16,0,57.099999999999987
0,182,center,2.12890625,0,49.999999999999993,-9.6470006388533546e-16,0,57.100000000000001
0,183,polynomial,2.1528399088038772,0,49.999999999999993,8.5956563519219603e-17,0,57.100000000000009
0,183,polynomial,2.16796875,0,49.999999999999993,-9.6470006388533546e-16,0,57.100000000000001
0,183,polynomial,2.1830975911961228,0,49.999999999999993,3.4827798939251876e-16,0,57.099999999999987
0,183,center,2.16796875,0,49.999999999999993,-9.6470006388533546e-16,0,57.100000000000001
0,184,polynomial,2.1919024088038772,0,49.999999999999993,8.5956563519219603e-17,0,57.100000000000009
0,184,polynomial,2.20703125,0,49.999999999999993,-9.6470006388533546e-16,0,57.100000000000001
0,184,polynomial,2.2221600911961228,0,49.999999999999993,3.4827798939251876e-16,0,57.099999999999987
0,184,center,2.20703125,0,49.999999999999993,-9.6470006388533546e-16,0,57.100000000000001
0,185,polynomial,2.2309649088038772,0,49.999999999999993,8.5956563519219603e-17,0,57.100000000000009
0,185,polynomial,2.24609375,0,49.999999999999993,-9.6470006388533546e-16,0,57.100000000000001
0,185,polynomial,2.2612225911961228,0,49.999999999999993,3.4827798939251876e-16,0,57.099999999999987
0,185,center,2.24609375,0,49.999999999999993,-9.6470006388533546e-16,0,57.100000000000001
0,186,polynomial,2.2700274088038772,0,49.999999999999993,8.5956563519219603e-17,0,57.100000000000009
0,186,polynomial,2.28515625,0,49.999999999999993,-9.6470006388533546e-16,0,57.100000000000001
0,186,polynomial,2.3002850911961228,0,49.999999999999993,3.4827798939251876e-16,0,57.099999999999987
0,186,center,2.28515625,0,49.999999999999993,-9.6470006388533546e-16,0,57.100000000000001
0,187,polynomial,2.3090899088038772,0,49.999999999999993,8.5956563519219603e-17,0,57.100000000000009
0,187,polynomial,2.32421875,0,49.999999999999993,-9.6470006388533546e-16,0,57.100000000000001
0,187,polynomial,2.3393475911961228,0,49.999999999999993,3.4827798939251876e-16,0,57.099999999999987
0,187,center,2.32421875,0,49.999999999999993,-9.6470006388533546e-16,0,57.100000000000001
0,188,polynomial,2.3481524088038772,0,49.999999999999993,8.5956563519219603e-17,0,57.100000000000009
0,188,polynomial,2.36328125,0,49.999999999999993,-9.6470006388533546e-16,0,57.100000000000001
0,188,polynomial,2.3784100911961228,0,49.999999999999993,3.4827798939251876e-16,0,57.099999999999987
0,188,center,2.36328125,0,49.999999999999993,-9.6470006388533546e-16,0,57.100000000000001
0,189,polynomial,2.3872149088038772,0,49.999999999999993,8.5956563519219603e-17,0,57.100000000000009
0,189,polynomial,2.40234375,0,49.999999999999993,-9.6470006388533546e-16,0,57.100000000000001
0,189,polynomial,2.4174725911961228,0,49.999999999999993,3.4827798939251876e-16,0,57.099999999999987
0,189,center,2.40234375,0,49.999999999999993,-9.6470006388533546e-16,0,57.100000000000001
0,190,polynomial,2.4262774088038772,0,49.999999999999993,8.5956563519219603e-17,0,57.100000000000009
0,190,polynomial,2.44140625,0,49.999999999999993,-9.6470006388533546e-16,0,57.100000000000001
0,190,polynomial,2.4565350911961228,0,49.999999999999993,3.4827798939251876e-16,0,57.099999999999987
0,190,center,2.44140625,0,49.999999999999993,-9.6470006388533546e-16,0,57.100000000000001
0,191,polynomial,2.4653399088038777,0,49.999999999999993,8.5956563519219603e-17,0,57.100000000000009
0,191,polynomial,2.48046875,0,49.999999999999993,-9.6470006388533546e-16,0,57.100000000000001
0,191,polynomial,2.4955975911961228,0,49.999999999999993,3.4827798939251876e-16,0,57.099999999999987
0,191,center,2.48046875,0,49.999999999999993,-9.6470006388533546e-16,0,57.100000000000001
0,192,polynomial,2.5044024088038772,0,49.999999999999993,8.5956563519219603e-17,0,57.100000000000009
0,192,polynomial,2.51953125,0,49.999999999999993,-9.6470006388533546e-16,0,57.100000000000001
0,192,polynomial,2.5346600911961228,0,49.999999999999993,3.4827798939251876e-16,0,57.099999999999987
0,192,center,2.51953125,0,49.999999999999993,-9.6470006388533546e-16,0,57.100000000000001
0,193,polynomial,2.5434649088038772,0,49.999999999999993,8.5956563519219603e-17,0,57.100000000000009
0,193,polynomial,2.55859375,0,49.999999999999993,-9.6470006388533546e-16,0,57.100000000000001
0,193,polynomial,2.5737225911961228,0,49.999999999999993,3.4827798939251876e-16,0,57.099999999999987
0,193,center,2.55859375,0,49.999999999999993,-9.6470006388533546e-16,0,57.100000000000001
0,194,polynomial,2.5825274088038772,0,49.999999999999993,8.5956563519219603e-17,0,57.100000000000009
0,194,polynomial,2.59765625,0,49.999999999999993,-9.6470006388533546e-16,0,57.100000000000001
0,194,polynomial,2.6127850911961228,0,49.999999999999993,3.4827798939251876e-16,0,57.099999999999987
0,194,center,2.59765625,0,49.999999999999993,-9.6470006388533546e-16,0,57.100000000000001
0,195,polynomial,2.6215899088038772,0,49.999999999999993,8.5956563519219603e-17,0,57.100000000000009
0,195,polynomial,2.63671875,0,49.999999999999993,-9.6470006388533546e-16,0,57.100000000000001
0,195,polynomial,2.6518475911961228,0,49.999999999999993,3.4827798939251876e-16,0,57.099999999999987
0,195,center,2.63671875,0,49.999999999999993,-9.6470006388533546e-16,0,57.100000000000001
0,196,polynomial,2.6606524088038772,0,49.999999999999993,8.5956563519219603e-17,0,57.100000000000009
0,196,polynomial,2.67578125,0,49.999999999999993,-9.6470006388533546e-16,0,57.100000000000001
0,196,polynomial,2.6909100911961228,0,49.999999999999993,3.4827798939251876e-16,0,57.099999999999987
0,196,center,2.67578125,0,49.999999999999993,-9.6470006388533546e-16,0,57.100000000000001
0,197,polynomial,2.6997149088038772,0,49.999999999999993,8.5956563519219603e-17,0,57.100000000000009
0,197,polynomial,2.71484375,0,49.999999999999993,-9.6470006388533546e-16,0,57.100000000000001
0,197,polynomial,2.7299725911961228,0,49.999999999999993,3.4827798939251876e-16,0,57.099999999999987
0,197,center,2.71484375,0,49.999999999999993,-9.6470006388533546e-16,0,57.100000000000001
0,198,polynomial,2.7387774088038777,0,49.999999999999993,8.5956563519219603e-17,0,57.100000000000009
0,198,polynomial,2.75390625,0,49.999999999999993,-9.6470006388533546e-16,0,57.100000000000001
0,198,polynomial,2.7690350911961228,0,49.999999999999993,3.4827798939251876e-16,0,57.099999999999987
0,198,center,2.75390625,0,49.999999999999993,-9.6470006388533546e-16,0,57.100000000000001
0,199,polynomial,2.7778399088038772,0,49.999999999999993,8.5956563519219603e-17,0,57.100000000000009
0,199,polynomial,2.79296875,0,49.999999999999993,-9.6470006388533546e-16,0,57.100000000000001
0,199,polynomial,2.8080975911961228,0,49.999999999999993,3.4827798939251876e-16,0,57.099999999999987
0,199,center,2.79296875,0,49.999999999999993,-9.6470006388533546e-16,0,57.100000000000001
0,200,polynomial,2.8169024088038772,0,49.999999999999993,8.5956563519219603e-17,0,57.100000000000009
0,200,polynomial,2.83203125,0,49.999999999999993,-9.6470006388533546e-16,0,57.100000000000001
0,200,polynomial,2.8471600911961228,0,49.999999999999993,3.4827798939251876e-16,0,57.099999999999987
0,200,center,2.83203125,0,49.999999999999993,-9.6470006388533546e-16,0,57.100000000000001
0,201,polynomial,2.8559649088038772,0,49.999999999999993,8.5956563519219603e-17,0,57.100000000000009
0,201,polynomial,2.87109375,0,49.999999999999993,-9.6470006388533546e-16,0,57.100000000000001
0,201,polynomial,2.8862225911961228,0,49.999999999999993,3.4827798939251876e-16,0,57.099999999999987
0,201,center,2.87109375,0,49.999999999999993,-9.6470006388533546e-16,0,57.100000000000001
0,202,polynomial,2.8950274088038772,0,49.999999999999993,8.5956563519219603e-17,0,57.100000000000009
0,202,polynomial,2.91015625,0,49.999999999999993,-9.6470006388533546e-16,0,57.100000000000001
0,202,polynomial,2.9252850911961228,0,49.999999999999993,3.4827798939251876e-16,0,57.099999999999987
0,202,center,2.91015625,0,49.999999999999993,-9.6470006388533546e-16,0,57.100000000000001
0,203,polynomial,2.9340899088038772,0,49.999999999999993,8.5956563519219603e-17,0,57.100000000000009
0,203,polynomial,2.94921875,0,49.999999999999993,-9.6470006388533546e-16,0,57.100000000000001
0,203,polynomial,2.9643475911961228,0,49.999999999999993,3.4827798939251876e-16,0,57.099999999999987
0,203,center,2.94921875,0,49.999999999999993,-9.6470006388533546e-16,0,57.100000000000001
0,204,polynomial,2.9731524088038777,0,49.999999999999993,8.5956563519219603e-17,0,57.100000000000009
0,204,polynomial,2.98828125,0,49.999999999999993,-9.6470006388533546e-16,0,57.100000000000001
0,204,polynomial,3.0034100911961228,0,49.999999999999993,3.4827798939251876e-16,0,57.099999999999987
0,204,center,2.98828125,0,49.999999999999993,-9.6470006388533546e-16,0,57.100000000000001
0,205,polynomial,3.0122149088038777,0,49.999999999999993,8.5956563519219603e-17,0,57.100000000000009
0,205,polynomial,3.02734375,0,49.999999999999993,-9.6470006388533546e-16,0,57.100000000000001
0,205,polynomial,3.0424725911961228,0,49.999999999999993,3.4827798939251876e-16,0,57.099999999999987
0,205,center,3.02734375,0,49.999999999999993,-9.6470006388533546e-16,0,57.100000000000001
0,206,polynomial,3.0512774088038772,0,49.999999999999993,8.5956563519219603e-17,0,57.100000000000009
0,206,polynomial,3.06640625,0,49.999999999999993,-9.6470006388533546e-16,0,57.100000000000001
0,206,polynomial,3.0815350911961228,0,49.999999999999993,3.4827798939251876e-16,0,57.099999999999987
0,206,center,3.06640625,0,49.999999999999993,-9.6470006388533546e-16,0,57.100000000000001
0,207,polynomial,3.0903399088038772,0,49.999999999999993,8.5956563519219603e-17,0,57.100000000000009
0,207,polynomial,3.10546875,0,49.999999999999993,-9.6470006388533546e-16,0,57.100000000000001
0,207,polynomial,3.1205975911961228,0,49.999999999999993,3.4827798939251876e-16,0,57.099999999999987
0,207,center,3.10546875,0,49.999999999999993,-9.6470006388533546e-16,0,57.100000000000001
0,208,polynomial,3.1294024088038772,0,49.999999999999993,8.5956563519219603e-17,0,57.100000000000009
0,208,polynomial,3.14453125,0,49.999999999999993,-9.6470006388533546e-16,0,57.100000000000001
0,208,polynomial,3.1596600911961228,0,49.999999999999993,3.4827798939251876e-16,0,57.099999999999987
0,208,center,3.14453125,0,49.999999999999993,-9.6470006388533546e-16,0,57.100000000000001
0,209,polynomial,3.1684649088038772,0,49.999999999999993,8.5956563519219603e-17,0,57.100000000000009
0,209,polynomial,3.18359375,0,49.999999999999993,-9.6470006388533546e-16,0,57.100000000000001
0,209,polynomial,3.1987225911961228,0,49.999999999999993,3.4827798939251876e-16,0,57.099999999999987
0,209,center,3.18359375,0,49.999999999999993,-9.6470006388533546e-16,0,57.100000000000001
0,210,polynomial,3.2075274088038772,0,49.999999999999993,8.5956563519219603e-17,0,57.100000000000009
0,210,polynomial,3.22265625,0,49.999999999999993,-9.6470006388533546e-16,0,57.100000000000001
0,210,polynomial,3.2377850911961228,0,49.999999999999993,3.4827798939251876e-16,0,57.099999999999987
0,210,center,3.22265625,0,49.999999999999993,-9.6470006388533546e-16,0,57.100000000000001
0,211,polynomial,3.2465899088038777,0,49.999999999999993,8.5956563519219603e-17,0,57.100000000000009
0,211,polynomial,3.26171875,0,49.999999999999993,-9.6470006388533546e-16,0,57.100000000000001
0,211,polynomial,3.2768475911961228,0,49.999999999999993,3.4827798939251876e-16,0,57.099999999999987
0,211,center,3.26171875,0,49.999999999999993,-9.6470006388533546e-16,0,57.100000000000001
0,212,polynomial,3.2856524088038777,0,49.999999999999993,8.5956563519219603e-17,0,57.100000000000009
0,212,polynomial,3.30078125,0,49.999999999999993,-9.6470006388533546e-16,0,57.100000000000001
0,212,polynomial,3.3159100911961228,0,49.999999999999993,3.4827798939251876e-16,0,57.099999999999987
0,212,center,3.30078125,0,49.999999999999993,-9.6470006388533546e-16,0,57.100000000000001
0,213,polynomial,3.3247149088038772,0,49.999999999999993,8.5956563519219603e-17,0,57.100000000000009
0,213,polynomial,3.33984375,0,49.999999999999993,-9.6470006388533546e-16,0,57.100000000000001
0,213,polynomial,3.3549725911961228,0,49.999999999999993,3.4827798939251876e-16,0,57.099999999999987
0,213,center,3.33984375,0,49.999999999999993,-9.6470006388533546e-16,0,57.100000000000001
0,214,polynomial,3.3637774088038772,0,49.999999999999993,8.5956563519219603e-17,0,57.100000000000009
0,214,polynomial,3.37890625,0,49.999999999999993,-9.6470006388533546e-16,0,57.100000000000001
0,214,polynomial,3.3940350911961228,0,49.999999999999993,3.4827798939251876e-16,0,57.099999999999987
0,214,center,3.37890625,0,49.999999999999993,-9.6470006388533546e-16,0,57.100000000000001
0,215,polynomial,3.4028399088038772,0,49.999999999999993,8.5956563519219603e-17,0,57.100000000000009
0,215,polynomial,3.41796875,0,49.999999999999993,-9.6470006388533546e-16,0,57.100000000000001
0,215,polynomial,3.4330975911961228,0,49.999999999999993,3.4827798939251876e-16,0,57.099999999999987
0,215,center,3.41796875,0,49.999999999999993,-9.6470006388533546e-16,0,57.100000000000001
0,216,polynomial,3.4419024088038772,0,49.999999999999993,8.5956563519219603e-17,0,57.100000000000009
0,216,polynomial,3.45703125,0,49.999999999999993,-9.6470006388533546e-16,0,57.100000000000001
0,216,polynomial,3.4721600911961228,0,49.999999999999993,3.4827798939251876e-16,0,57.099999999999987
0,216,center,3.45703125,0,49.999999999999993,-9.6470006388533546e-16,0,57.100000000000001
0,217,polynomial,3.4809649088038772,0,49.999999999999993,8.5956563519219603e-17,0,57.100000000000009
0,217,polynomial,3.49609375,0,49.999999999999993,-9.6330640601879919e-16,0,57.100000000000001
0,217,polynomial,3.5112225911961228,0,49.999999999999993,3.4604813680606072e-16,0,57.099999999999987
0,217,center,3.49609375,0,49.999999999999993,-9.6330640601879919e-16,0,57.100000000000001
0,218,polynomial,3.5200274088038777,0,49.999999999999993,8.8186416105677603e-17,0,57.100000000000009
0,218,polynomial,3.53515625,0,49.999999999999993,-9.5919279733167996e-16,0,57.100000000000001
0,218,polynomial,3.5502850911961228,0,49.999999999999993,3.4002382605328432e-16,0,57.099999999999987
0,218,center,3.53515625,0,49.999999999999993,-9.5919279733167996e-16,0,57.100000000000001
0,219,polynomial,3.5590899088038772,0,49.999999999999993,9.2007820236991837e-17,0,57.100000000000009
0,219,polynomial,3.57421875,0,49.999999999999993,-9.6020435827533737e-16,0,57.100000000000001
0,219,polynomial,3.5893475911961228,0,49.999999999999993,3.4604813680606072e-16,0,57.099999999999987
0,219,center,3.57421875,0,49.999999999999993,-9.6020435827533737e-16,0,57.100000000000001
0,220,polynomial,3.5981524088038772,0,49.999999999999993,8.8186416105677603e-17,0,57.100000000000009
0,220,polynomial,3.61328125,0,49.999999999999993,-9.6159713077653062e-16,0,57.100000000000001
0,220,polynomial,3.6284100911961228,0,49.999999999999993,3.4607366618650759e-16,0,57.099999999999987
0,220,center,3.61328125,0,49.999999999999993,-9.6159713077653062e-16,0,57.100000000000001
0,221,polynomial,3.6372149088038772,0,49.999999999999993,8.8160886725230788e-17,0,57.100000000000009
0,221,polynomial,3.65234375,0,49.999999999999993,-9.5781506841399984e-16,0,57.100000000000001
0,221,polynomial,3.6674725911961228,0,49.999999999999993,3.4222814925929553e-16,0,57.099999999999987
0,221,center,3.65234375,0,49.999999999999993,-9.5781506841399984e-16,0,57.100000000000001
0,222,polynomial,3.6762774088038772,0,49.999999999999993,9.4210726858454085e-17,0,57.100000000000009
0,222,polynomial,3.69140625,0,49.999999999999993,-9.5745377788888823e-16,0,57.100000000000001
0,222,polynomial,3.7065350911961228,0,49.999999999999993,3.4827661411713979e-16,0,57.099999999999987
0,222,center,3.69140625,0,49.999999999999993,-9.5745377788888823e-16,0,57.100000000000001
0,223,polynomial,3.7153399088038772,0,49.999999999999993,9.0371091248780177e-17,0,57.100000000000009
0,223,polynomial,3.73046875,0,49.999999999999993,-9.5505199689315282e-16,0,57.100000000000001
0,223,polynomial,3.7455975911961228,0,49.999999999999993,3.4443376452396353e-16,0,57.099999999999987
0,223,center,3.73046875,0,49.999999999999993,-9.5505199689315282e-16,0,57.100000000000001
0,224,polynomial,3.7544024088038777,0,49.999999999999993,9.2011034220494099e-17,0,57.100000000000009
0,224,polynomial,3.76953125,0,49.999999999999993,-9.5606001802464831e-16,0,57.100000000000001
0,224,polynomial,3.7846600911961228,0,49.999999999999993,3.5046668453938708e-16,0,57.099999999999987
0,224,center,3.76953125,0,49.999999999999993,-9.5606001802464831e-16,0,57.100000000000001
0,225,polynomial,3.7934649088038777,0,49.999999999999993,9.2612044196359248e-17,0,57.100000000000009
0,225,polynomial,3.80859375,0,49.999999999999993,-9.5227030773292453e-16,0,57.100000000000001
0,225,polynomial,3.8237225911961228,0,49.999999999999993,3.466437995840404e-16,0,57.099999999999987
0,225,center,3.80859375,0,49.999999999999993,-9.5227030773292453e-16,0,57.100000000000001
0,226,polynomial,3.8325274088038772,0,49.999999999999993,9.4252139583560476e-17,0,57.100000000000009
0,226,polynomial,3.84765625,0,49.999999999999993,-9.5603550924452297e-16,0,57.100000000000001
0,226,polynomial,3.8627850911961228,0,49.999999999999993,3.5044827634491236e-16,0,57.099999999999987
0,226,center,3.84765625,0,49.999999999999993,-9.5603550924452297e-16,0,57.100000000000001
0,227,polynomial,3.8715899088038772,0,49.999999999999993,9.2631882073371593e-17,0,57.100000000000009
0,227,polynomial,3.88671875,0,49.999999999999993,-9.5465716982073445e-16,0,57.100000000000001
0,227,polynomial,3.9018475911961228,0,49.999999999999993,3.5269950792919371e-16,0,57.099999999999987
0,227,center,3.88671875,0,49.999999999999993,-9.5465716982073445e-16,0,57.100000000000001
0,228,polynomial,3.9106524088038772,0,49.999999999999993,9.2596544349392808e-17,0,57.100000000000009
0,228,polynomial,3.92578125,0,49.999999999999993,-9.560298671367332e-16,0,57.100000000000001
0,228,polynomial,3.9409100911961228,0,49.999999999999993,3.5490657990839442e-16,0,57.099999999999987
0,228,center,3.92578125,0,49.999999999999993,-9.560298671367332e-16,0,57.100000000000001
0,229,polynomial,3.9497149088038772,0,49.999999999999993,9.2610301448775369e-17,0,57.100000000000009
0,229,polynomial,3.96484375,0,49.999999999999993,-9.5496450862052921e-16,0,57.100000000000001
0,229,polynomial,3.9799725911961228,0,49.999999999999993,3.5267553820983771e-16,0,57.099999999999987
0,229,center,3.96484375,0,49.999999999999993,-9.5496450862052921e-16,0,57.100000000000001
0,230,polynomial,3.9887774088038772,0,49.999999999999993,9.4845294148291409e-17,0,57.100000000000009
0,230,polynomial,4.00390625,0,49.999999999999993,-9.5357243525167995e-16,0,57.100000000000001
0,230,polynomial,4.0190350911961223,0,49.999999999999993,3.5489742013300666e-16,0,57.099999999999987
0,230,center,4.00390625,0,49.999999999999993,-9.5357243525167995e-16,0,57.100000000000001
0,231,polynomial,4.0278399088038777,0,49.999999999999993,9.4867058551314819e-17,0,57.100000000000009
0,231,polynomial,4.04296875,0,49.999999999999993,-9.5322064368801093e-16,0,57.100000000000001
0,231,polynomial,4.0580975911961223,0,49.999999999999993,3.5714446725257211e-16,0,57.099999999999987
0,231,center,4.04296875,0,49.999999999999993,-9.5322064368801093e-16,0,57.100000000000001
0,232,polynomial,4.0669024088038777,0,49.999999999999993,9.7071679152757729e-17,0,57.100000000000009
0,232,polynomial,4.08203125,0,49.999999999999993,-9.4904126279977514e-16,0,57.100000000000001
0,232,polynomial,4.0971600911961223,0,49.999999999999993,3.5713455670025949e-16,0,57.099999999999987
0,232,center,4.08203125,0,49.999999999999993,-9.4904126279977514e-16,0,57.100000000000001
0,233,polynomial,4.1059649088038768,0,49.999999999999993,9.9328382098523835e-17,0,57.100000000000009
0,233,polynomial,4.12109375,0,49.999999999999993,-9.4798712561890178e-16,0,57.100000000000001
0,233,polynomial,4.1362225911961223,0,49.999999999999993,3.5715931716326234e-16,0,57.099999999999987
0,233,center,4.12109375,0,49.999999999999993,-9.4798712561890178e-16,0,57.100000000000001
0,234,polynomial,4.1450274088038777,0,49.999999999999993,1.0155551975908126e-16,0,57.100000000000009
0,234,polynomial,4.16015625,0,49.999999999999993,-9.437946901715834e-16,0,57.100000000000001
0,234,polynomial,4.1752850911961223,0,49.999999999999993,3.5335882858471417e-16,0,57.099999999999987
0,234,center,4.16015625,0,49.999999999999993,-9.437946901715834e-16,0,57.100000000000001
0,235,polynomial,4.1840899088038777,0,49.999999999999993,1.0538092666300202e-16,0,57.100000000000009
0,235,polynomial,4.19921875,0,49.999999999999993,-9.4513416816722435e-16,0,57.100000000000001
0,235,polynomial,4.2143475911961223,0,49.999999999999993,3.5337028467566754e-16,0,57.099999999999987
0,235,center,4.19921875,0,49.999999999999993,-9.4513416816722435e-16,0,57.100000000000001
0,236,polynomial,4.2231524088038777,0,49.999999999999993,1.0098403021463732e-16,0,57.100000000000009
0,236,polynomial,4.23828125,0,49.999999999999993,-9.5031151416794342e-16,0,57.100000000000001
0,236,polynomial,4.2534100911961223,0,49.999999999999993,3.571610207836019e-16,0,57.099999999999987
0,236,center,4.23828125,0,49.999999999999993,-9.5031151416794342e-16,0,57.100000000000001
0,237,polynomial,4.2622149088038777,0,49.999999999999993,1.0381087019359923e-16,0,57.100000000000009
0,237,polynomial,4.27734375,0,49.999999999999993,-9.4096657058684705e-16,0,57.100000000000001
0,237,polynomial,4.2924725911961223,0,49.999999999999993,3.577780843972421e-16,0,57.099999999999987
0,237,center,4.27734375,0,49.999999999999993,-9.4096657058684705e-16,0,57.100000000000001
0,238,polynomial,4.3012774088038777,0,49.999999999999993,1.0099825498807148e-16,0,57.100000000000009
0,238,polynomial,4.31640625,0,49.999999999999993,-9.4613359938869472e-16,0,57.100000000000001
0,238,polynomial,4.3315350911961223,0,49.999999999999993,3.5941044914397959e-16,0,57.099999999999987
0,238,center,4.31640625,0,49.999999999999993,-9.4613359938869472e-16,0,57.100000000000001
0,239,polynomial,4.3403399088038777,0,49.999999999999993,1.0383628740825989e-16,0,57.100000000000009
0,239,polynomial,4.35546875,0,49.999999999999993,-9.4093102917353636e-16,0,57.100000000000001
0,239,polynomial,4.3705975911961223,0,49.999999999999993,3.6223338838862785e-16,0,57.099999999999987
0,239,center,4.35546875,0,49.999999999999993,-9.4093102917353636e-16,0,57.100000000000001
0,240,polynomial,4.3794024088038768,0,49.999999999999993,1.0328815972027061e-16,0,57.100000000000009
0,240,polynomial,4.39453125,0,49.999999999999993,-9.4360538148287845e-16,0,57.100000000000001
0,240,polynomial,4.4096600911961223,0,49.999999999999993,3.6003474203488617e-16,0,57.099999999999987
0,240,center,4.39453125,0,49.999999999999993,-9.4360538148287845e-16,0,57.100000000000001
0,241,polynomial,4.4184649088038777,0,49.999999999999993,1.0104135741623631e-16,0,57.100000000000009
0,241,polynomial,4.43359375,0,49.999999999999993,-9.5052702089341143e-16,0,57.100000000000001
0,241,polynomial,4.4487225911961223,0,49.999999999999993,3.600668511864309e-16,0,57.099999999999987
0,241,center,4.43359375,0,49.999999999999993,-9.5052702089341143e-16,0,57.100000000000001
0,242,polynomial,4.4575274088038777,0,49.999999999999993,1.0549774088852721e-16,0,57.100000000000009
0,242,polynomial,4.47265625,0,49.999999999999993,-9.421998925600635e-16,0,57.100000000000001
0,242,polynomial,4.4877850911961223,0,49.999999999999993,3.6448826540186911e-16,0,57.099999999999987
0,242,center,4.47265625,0,49.999999999999993,-9.421998925600635e-16,0,57.100000000000001
0,243,polynomial,4.4965899088038777,0,49.999999999999993,1.0562129007173707e-16,0,57.100000000000009
0,243,polynomial,4.51171875,0,49.999999999999993,-9.4020609724643334e-16,0,57.100000000000001
0,243,polynomial,4.5268475911961223,0,49.999999999999993,3.6623854638928737e-16,0,57.099999999999987
0,243,center,4.51171875,0,49.999999999999993,-9.4020609724643334e-16,0,57.100000000000001
0,244,polynomial,4.5356524088038768,0,49.999999999999993,1.0618183709968436e-16,0,57.100000000000009
0,244,polynomial,4.55078125,0,49.999999999999993,-9.4157820718961275e-16,0,57.100000000000001
0,244,polynomial,4.5659100911961223,0,49.999999999999993,3.6619027023423695e-16,0,57.099999999999987
0,244,center,4.55078125,0,49.999999999999993,-9.4157820718961275e-16,0,57.100000000000001
0,245,polynomial,4.5747149088038777,0,49.999999999999993,1.0623011325473484e-16,0,57.100000000000009
0,245,polynomial,4.58984375,0,49.999999999999993,-9.3623724460760274e-16,0,57.100000000000001
0,245,polynomial,4.6049725911961223,0,49.999999999999993,3.6626370909450994e-16,0,57.099999999999987
0,245,center,4.58984375,0,49.999999999999993,-9.3623724460760274e-16,0,57.100000000000001
0,246,polynomial,4.6137774088038768,0,49.999999999999993,1.0848186078823597e-16,0,57.100000000000009
0,246,polynomial,4.62890625,0,49.999999999999993,-9.3726333517976953e-16,0,57.100000000000001
0,246,polynomial,4.6440350911961223,0,49.999999999999993,3.6852646182640152e-16,0,57.099999999999987
0,246,center,4.62890625,0,49.999999999999993,-9.3726333517976953e-16,0,57.100000000000001
0,247,polynomial,4.6528399088038777,0,49.999999999999993,1.0413386650570609e-16,0,57.100000000000009
0,247,polynomial,4.66796875,0,49.999999999999993,-9.4414272065222694e-16,0,57.100000000000001
0,247,polynomial,4.6830975911961223,0,49.999999999999993,3.6852200461342523e-16,0,57.099999999999987
0,247,center,4.66796875,0,49.999999999999993,-9.4414272065222694e-16,0,57.100000000000001
0,248,polynomial,4.6919024088038777,0,49.999999999999993,1.0856433255042164e-16,0,57.100000000000009
0,248,polynomial,4.70703125,0,49.999999999999993,-9.3742777531391432e-16,0,57.100000000000001
0,248,polynomial,4.7221600911961223,0,49.999999999999993,3.6629504111029033e-16,0,57.099999999999987
0,248,center,4.70703125,0,49.999999999999993,-9.3742777531391432e-16,0,57.100000000000001
0,249,polynomial,4.7309649088038777,0,49.999999999999993,1.1314876648856482e-16,0,57.100000000000009
0,249,polynomial,4.74609375,0,49.999999999999993,-9.2740115622181206e-16,0,57.100000000000001
0,249,polynomial,4.7612225911961223,0,49.999999999999993,3.6624870888815392e-16,0,57.099999999999987
0,249,center,4.74609375,0,49.999999999999993,-9.2740115622181206e-16,0,57.100000000000001
0,250,polynomial,4.7700274088038777,0,49.999999999999993,1.1319509871070163e-16,0,57.100000000000009
0,250,polynomial,4.78515625,0,49.999999999999993,-9.1585766170141094e-16,0,57.100000000000001
0,250,polynomial,4.8002850911961223,0,49.999999999999993,3.6623001949536808e-16,0,57.099999999999987
0,250,center,4.78515625,0,49.999999999999993,-9.1585766170141094e-16,0,57.100000000000001
0,251,polynomial,4.8090899088038768,0,49.999999999999993,1.0849417985162214e-16,0,57.100000000000009
0,251,polynomial,4.82421875,0,49.999999999999993,-9.1137946151455035e-16,0,57.100000000000001
0,251,polynomial,4.8393475911961223,0,49.999999999999986,3.7644396209948155e-16,0,57.099999999999987
0,251,center,4.82421875,0,49.999999999999993,-9.1137946151455035e-16,0,57.100000000000001
0,252,polynomial,4.8481524088038777,0,49.999999999999993,1.0029852339021354e-16,0,57.100000000000009
0,252,polynomial,4.86328125,0,49.999999999999993,-9.4378762482191419e-16,0,57.100000000000001
0,252,polynomial,4.8784100911961223,0,49.999999999999972,3.8129062703852807e-16,0,57.099999999999987
0,252,center,4.86328125,0,49.999999999999993,-9.4378762482191419e-16,0,57.100000000000001
0,253,polynomial,4.8872149088038768,0,49.999999999999993,1.432384331350207e-16,0,57.100000000000009
0,253,polynomial,4.90234375,0,49.999999999999993,-8.8700733927297867e-16,0,57.100000000000001
0,253,polynomial,4.9174725911961223,0,49.999999999999986,3.7807691049864478e-16,0,57.099999999999987
0,253,center,4.90234375,0,49.999999999999993,-8.8700733927297867e-16,0,57.100000000000001
0,254,polynomial,4.9262774088038777,0,49.999999999999993,8.6919339036021254e-17,0,57.100000000000009
0,254,polynomial,4.94140625,0,49.999999999999993,-9.0946031858747999e-16,0,57.100000000000001
0,254,polynomial,4.9565350911961223,0,49.999999999999993,5.8273286721697779e-16,0,57.099999999999987
0,254,center,4.94140625,0,49.999999999999993,-9.0946031858747999e-16,0,57.100000000000001
0,255,polynomial,4.9653399088038777,0,49.999999999999993,3.3663715463618509e-16,0,57.100000000000009
0,255,polynomial,4.98046875,0,49.999999999999993,-1.1722585417740345e-15,0,57.100000000000001
0,255,polynomial,4.9955975911961223,0,49.999999999999993,-3.4551071394190638e-16,0,57.100000000000001
0,255,center,4.98046875,0,49.999999999999993,-1.1722585417740345e-15,0,57.100000000000001
