dimension,n,curved,field,order,method,max_scaled_error,max_absolute_error,max_nonzero_relative_error
2.0,2.0,0.0,constant,1.0,recursive,4.523521793386903e-14,4.523521793386903e-14,nan
2.0,2.0,0.0,constant,1.0,direct,4.210047421793206e-14,4.210047421793206e-14,nan
2.0,2.0,0.0,constant,1.0,fe_geometry,4.21004742179311e-14,4.21004742179311e-14,nan
2.0,2.0,0.0,constant,2.0,recursive,1.426141879807474e-12,1.426141879807474e-12,nan
2.0,2.0,0.0,constant,2.0,direct,1.0096190550257232e-12,1.0096190550257232e-12,nan
2.0,2.0,0.0,constant,2.0,fe_geometry,1.0096190550257022e-12,1.0096190550257022e-12,nan
2.0,2.0,0.0,constant,3.0,recursive,2.580349606007226e-11,2.580349606007226e-11,nan
2.0,2.0,0.0,constant,3.0,direct,2.34513137797876e-11,2.34513137797876e-11,nan
2.0,2.0,0.0,constant,3.0,fe_geometry,2.345131377978608e-11,2.345131377978608e-11,nan
2.0,2.0,0.0,constant,4.0,recursive,3.1147402072912397e-10,3.1147402072912397e-10,nan
2.0,2.0,0.0,constant,4.0,direct,3.0046825827412245e-10,3.0046825827412245e-10,nan
2.0,2.0,0.0,constant,4.0,fe_geometry,3.004682582740708e-10,3.004682582740708e-10,nan
2.0,2.0,0.0,constant,5.0,recursive,6.364712933685075e-09,6.364712933685075e-09,nan
2.0,2.0,0.0,constant,5.0,direct,4.2744431993924075e-09,4.2744431993924075e-09,nan
2.0,2.0,0.0,constant,5.0,fe_geometry,4.274443199392044e-09,4.274443199392044e-09,nan
2.0,2.0,0.0,constant,6.0,recursive,1.1137286303023109e-07,1.1137286303023109e-07,nan
2.0,2.0,0.0,constant,6.0,direct,5.830333975609392e-08,5.830333975609392e-08,nan
2.0,2.0,0.0,constant,6.0,fe_geometry,5.83033397560803e-08,5.83033397560803e-08,nan
2.0,2.0,0.0,constant,7.0,recursive,2.3920177734839643e-06,2.3920177734839643e-06,nan
2.0,2.0,0.0,constant,7.0,direct,4.7022476792335513e-07,4.7022476792335513e-07,nan
2.0,2.0,0.0,constant,7.0,fe_geometry,4.7022476792301987e-07,4.7022476792301987e-07,nan
2.0,2.0,0.0,constant,8.0,recursive,4.140537948142289e-05,4.140537948142289e-05,nan
2.0,2.0,0.0,constant,8.0,direct,4.945322871208191e-06,4.945322871208191e-06,nan
2.0,2.0,0.0,constant,8.0,fe_geometry,4.945322871205614e-06,4.945322871205614e-06,nan
2.0,2.0,0.0,constant,9.0,recursive,0.0007169388569096389,0.0007169388569096389,nan
2.0,2.0,0.0,constant,9.0,direct,4.459172487258911e-05,4.459172487258911e-05,nan
2.0,2.0,0.0,constant,9.0,fe_geometry,4.459172487251328e-05,4.459172487251328e-05,nan
2.0,2.0,0.0,constant,10.0,recursive,0.00675238400188068,0.00675238400188068,nan
2.0,2.0,0.0,constant,10.0,direct,0.00018440186977386475,0.00018440186977386475,nan
2.0,2.0,0.0,constant,10.0,fe_geometry,0.00018440186977383883,0.00018440186977383883,nan
2.0,2.0,0.0,quintic,1.0,recursive,3.4416913763379853e-15,3.4416913763379853e-15,3.186751274387021e-14
2.0,2.0,0.0,quintic,1.0,direct,2.921274333544943e-14,2.921274333544943e-14,2.704883642171242e-13
2.0,2.0,0.0,quintic,1.0,fe_geometry,3.973210649377279e-14,3.973210649377279e-14,3.678898749423404e-13
2.0,2.0,0.0,quintic,2.0,recursive,1.0269562977782698e-13,1.0269562977782698e-13,1.5559943905731353e-13
2.0,2.0,0.0,quintic,2.0,direct,3.1175062531474396e-13,3.1175062531474396e-13,5.613565168260945e-13
2.0,2.0,0.0,quintic,2.0,fe_geometry,4.390932062392494e-13,4.390932062392494e-13,7.552292125012623e-13
2.0,2.0,0.0,quintic,3.0,recursive,9.803269307440128e-13,2.3527846337856317e-12,9.803269307440128e-13
2.0,2.0,0.0,quintic,3.0,direct,2.533528942194607e-12,5.0670578843892145e-12,2.533528942194607e-12
2.0,2.0,0.0,quintic,3.0,fe_geometry,3.042233132077853e-12,6.084466264155708e-12,3.042233132077853e-12
2.0,2.0,0.0,quintic,4.0,recursive,1.684906324980711e-11,3.5079494864476146e-11,1.4616456193531726e-12
2.0,2.0,0.0,quintic,4.0,direct,6.643509226051949e-11,6.643509226051949e-11,4.983347068332478e-12
2.0,2.0,0.0,quintic,4.0,fe_geometry,7.227648502804905e-11,7.227648502804905e-11,5.739853037312059e-12
2.0,2.0,0.0,quintic,5.0,recursive,2.4172717862545413e-10,3.8913583466637647e-10,3.242798622219804e-12
2.0,2.0,0.0,quintic,5.0,direct,1.078912491720985e-09,1.078912491720985e-09,5.001155045647465e-12
2.0,2.0,0.0,quintic,5.0,fe_geometry,1.1383016940372349e-09,1.1383016940372349e-09,5.5826158510778134e-12
2.0,2.0,0.0,quintic,6.0,recursive,6.395487204982486e-09,6.395487204982486e-09,nan
2.0,2.0,0.0,quintic,6.0,direct,1.495796672315919e-08,1.495796672315919e-08,nan
2.0,2.0,0.0,quintic,6.0,fe_geometry,1.5385992335393115e-08,1.5385992335393115e-08,nan
2.0,2.0,0.0,quintic,7.0,recursive,1.2181141964345751e-07,1.2181141964345751e-07,nan
2.0,2.0,0.0,quintic,7.0,direct,1.974564220290631e-07,1.974564220290631e-07,nan
2.0,2.0,0.0,quintic,7.0,fe_geometry,2.0951772961867446e-07,2.0951772961867446e-07,nan
2.0,2.0,0.0,quintic,8.0,recursive,2.0914948995583942e-06,2.0914948995583942e-06,nan
2.0,2.0,0.0,quintic,8.0,direct,2.8794215759262444e-06,2.8794215759262444e-06,nan
2.0,2.0,0.0,quintic,8.0,fe_geometry,2.9806156238988484e-06,2.9806156238988484e-06,nan
2.0,2.0,0.0,quintic,9.0,recursive,4.147857526966747e-05,4.147857526966747e-05,nan
2.0,2.0,0.0,quintic,9.0,direct,2.4378777947276828e-05,2.4378777947276828e-05,nan
2.0,2.0,0.0,quintic,9.0,fe_geometry,2.4530167033039768e-05,2.4530167033039768e-05,nan
2.0,2.0,0.0,quintic,10.0,recursive,0.00042044317313818874,0.00042044317313818874,nan
2.0,2.0,0.0,quintic,10.0,direct,9.624488884583115e-05,9.624488884583115e-05,nan
2.0,2.0,0.0,quintic,10.0,fe_geometry,9.607340550464158e-05,9.607340550464158e-05,nan
2.0,8.0,0.0,constant,1.0,recursive,1.143325317149075e-13,1.143325317149075e-13,nan
2.0,8.0,0.0,constant,1.0,direct,1.6840189687172824e-13,1.6840189687172824e-13,nan
2.0,8.0,0.0,constant,1.0,fe_geometry,1.6840189687172198e-13,1.6840189687172198e-13,nan
2.0,8.0,0.0,constant,2.0,recursive,1.473393158047581e-11,1.473393158047581e-11,nan
2.0,8.0,0.0,constant,2.0,direct,1.615390488041157e-11,1.615390488041157e-11,nan
2.0,8.0,0.0,constant,2.0,fe_geometry,1.6153904880410963e-11,1.6153904880410963e-11,nan
2.0,8.0,0.0,constant,3.0,recursive,1.102002156765192e-09,1.102002156765192e-09,nan
2.0,8.0,0.0,constant,3.0,direct,1.5008840819064063e-09,1.5008840819064063e-09,nan
2.0,8.0,0.0,constant,3.0,fe_geometry,1.5008840819062481e-09,1.5008840819062481e-09,nan
2.0,8.0,0.0,constant,4.0,recursive,5.682526820799678e-08,5.682526820799678e-08,nan
2.0,8.0,0.0,constant,4.0,direct,7.691987411817535e-08,7.691987411817535e-08,nan
2.0,8.0,0.0,constant,4.0,fe_geometry,7.691987411815336e-08,7.691987411815336e-08,nan
2.0,8.0,0.0,constant,5.0,recursive,6.319428460478541e-06,6.319428460478541e-06,nan
2.0,8.0,0.0,constant,5.0,direct,4.377029836177825e-06,4.377029836177825e-06,nan
2.0,8.0,0.0,constant,5.0,fe_geometry,4.377029836177191e-06,4.377029836177191e-06,nan
2.0,8.0,0.0,constant,6.0,recursive,0.0004017817759242172,0.0004017817759242172,nan
2.0,8.0,0.0,constant,6.0,direct,0.0002388104796409607,0.0002388104796409607,nan
2.0,8.0,0.0,constant,6.0,fe_geometry,0.00023881047964087007,0.00023881047964087007,nan
2.0,8.0,0.0,constant,7.0,recursive,0.03602395978443676,0.03602395978443676,nan
2.0,8.0,0.0,constant,7.0,direct,0.0077041625976562505,0.0077041625976562505,nan
2.0,8.0,0.0,constant,7.0,fe_geometry,0.007704162597647784,0.007704162597647784,nan
2.0,8.0,0.0,constant,8.0,recursive,2.7028738665203265,2.7028738665203265,nan
2.0,8.0,0.0,constant,8.0,direct,0.3240966796875,0.3240966796875,nan
2.0,8.0,0.0,constant,8.0,fe_geometry,0.32409667968716027,0.32409667968716027,nan
2.0,8.0,0.0,constant,9.0,recursive,165.67182229876676,165.67182229876676,nan
2.0,8.0,0.0,constant,9.0,direct,11.689453125,11.689453125,nan
2.0,8.0,0.0,constant,9.0,fe_geometry,11.689453124970582,11.689453124970582,nan
2.0,8.0,0.0,constant,10.0,recursive,5659.35804035877,5659.35804035877,nan
2.0,8.0,0.0,constant,10.0,direct,193.359375,193.359375,nan
2.0,8.0,0.0,constant,10.0,fe_geometry,193.35937500010806,193.35937500010806,nan
2.0,8.0,0.0,quintic,1.0,recursive,9.71445146547012e-16,9.71445146547012e-16,1.5338607577058072e-14
2.0,8.0,0.0,quintic,1.0,direct,6.418476861114186e-15,6.418476861114186e-15,1.126048572125295e-13
2.0,8.0,0.0,quintic,1.0,fe_geometry,1.2836953722228372e-14,1.2836953722228372e-14,2.25209714425059e-13
2.0,8.0,0.0,quintic,2.0,recursive,1.7363888105137448e-13,1.7363888105137448e-13,4.287379779046281e-13
2.0,8.0,0.0,quintic,2.0,direct,3.106404022901188e-13,3.106404022901188e-13,1.1094300081789951e-12
2.0,8.0,0.0,quintic,2.0,fe_geometry,7.099321130965563e-13,7.099321130965563e-13,1.752918797769274e-12
2.0,8.0,0.0,quintic,3.0,recursive,5.0039602091563495e-12,1.2009504501975243e-11,5.0039602091563495e-12
2.0,8.0,0.0,quintic,3.0,direct,1.8745481357638836e-11,2.6243673900694375e-11,1.8745481357638836e-11
2.0,8.0,0.0,quintic,3.0,fe_geometry,2.3365277966393342e-11,3.271138915295069e-11,2.3365277966393342e-11
2.0,8.0,0.0,quintic,4.0,recursive,5.177966298423958e-10,5.999156726943511e-10,1.4997891817358777e-10
2.0,8.0,0.0,quintic,4.0,direct,1.2817198241698696e-09,1.2817198241698696e-09,2.478972582764527e-11
2.0,8.0,0.0,quintic,4.0,fe_geometry,1.472802623658077e-09,1.472802623658077e-09,2.1504797942384357e-11
2.0,8.0,0.0,quintic,5.0,recursive,7.632427442606901e-08,7.632427442606901e-08,1.4492016475742276e-10
2.0,8.0,0.0,quintic,5.0,direct,7.861534524636229e-08,7.861534524636229e-08,3.607325993471022e-10
2.0,8.0,0.0,quintic,5.0,fe_geometry,9.140683470076452e-08,9.140683470076452e-08,3.876287735238293e-10
2.0,8.0,0.0,quintic,6.0,recursive,5.903009166609125e-06,5.903009166609125e-06,nan
2.0,8.0,0.0,quintic,6.0,direct,4.15778717273497e-06,4.15778717273497e-06,nan
2.0,8.0,0.0,quintic,6.0,fe_geometry,4.547687922324274e-06,4.547687922324274e-06,nan
2.0,8.0,0.0,quintic,7.0,recursive,0.0004556499976826224,0.0004556499976826224,nan
2.0,8.0,0.0,quintic,7.0,direct,0.00013738610269501805,0.00013738610269501805,nan
2.0,8.0,0.0,quintic,7.0,fe_geometry,0.00015817508680351255,0.00015817508680351255,nan
2.0,8.0,0.0,quintic,8.0,recursive,0.03876516526932805,0.03876516526932805,nan
2.0,8.0,0.0,quintic,8.0,direct,0.008363903403282165,0.008363903403282165,nan
2.0,8.0,0.0,quintic,8.0,fe_geometry,0.00913142941927402,0.00913142941927402,nan
2.0,8.0,0.0,quintic,9.0,recursive,2.192698676982896,2.192698676982896,nan
2.0,8.0,0.0,quintic,9.0,direct,0.2791914067268372,0.2791914067268372,nan
2.0,8.0,0.0,quintic,9.0,fe_geometry,0.28807960060251475,0.28807960060251475,nan
2.0,8.0,0.0,quintic,10.0,recursive,66.75272675116976,66.75272675116976,nan
2.0,8.0,0.0,quintic,10.0,direct,4.396853828430176,4.396853828430176,nan
2.0,8.0,0.0,quintic,10.0,fe_geometry,4.2980280100518025,4.2980280100518025,nan
2.0,32.0,0.0,constant,1.0,recursive,5.818464924315001e-13,5.818464924315001e-13,nan
2.0,32.0,0.0,constant,1.0,direct,6.73607587486913e-13,6.73607587486913e-13,nan
2.0,32.0,0.0,constant,1.0,fe_geometry,6.736075874868351e-13,6.736075874868351e-13,nan
2.0,32.0,0.0,constant,2.0,recursive,3.0770878879004415e-10,3.0770878879004415e-10,nan
2.0,32.0,0.0,constant,2.0,direct,2.5846247808658513e-10,2.5846247808658513e-10,nan
2.0,32.0,0.0,constant,2.0,fe_geometry,2.584624780865547e-10,2.584624780865547e-10,nan
2.0,32.0,0.0,constant,3.0,recursive,8.996760018662402e-08,8.996760018662402e-08,nan
2.0,32.0,0.0,constant,3.0,direct,9.605658124201e-08,9.605658124201e-08,nan
2.0,32.0,0.0,constant,3.0,fe_geometry,9.605658124197544e-08,9.605658124197544e-08,nan
2.0,32.0,0.0,constant,4.0,recursive,1.886978094348891e-05,1.886978094348891e-05,nan
2.0,32.0,0.0,constant,4.0,direct,1.969148777425289e-05,1.969148777425289e-05,nan
2.0,32.0,0.0,constant,4.0,fe_geometry,1.9691487774233227e-05,1.9691487774233227e-05,nan
2.0,32.0,0.0,constant,5.0,recursive,0.0037541072680107933,0.0037541072680107933,nan
2.0,32.0,0.0,constant,5.0,direct,0.004482078552246093,0.004482078552246093,nan
2.0,32.0,0.0,constant,5.0,fe_geometry,0.0044820785522434676,0.0044820785522434676,nan
2.0,32.0,0.0,constant,6.0,recursive,0.6063796482714456,0.6063796482714456,nan
2.0,32.0,0.0,constant,6.0,direct,0.9781677246093751,0.9781677246093751,nan
2.0,32.0,0.0,constant,6.0,fe_geometry,0.9781677246078335,0.9781677246078335,nan
2.0,32.0,0.0,constant,7.0,recursive,168.20600438587851,168.20600438587851,nan
2.0,32.0,0.0,constant,7.0,direct,126.22500000000001,126.22500000000001,nan
2.0,32.0,0.0,constant,7.0,fe_geometry,126.22499999940038,126.22499999940038,nan
2.0,32.0,0.0,constant,8.0,recursive,47543.95268924466,47543.95268924466,nan
2.0,32.0,0.0,constant,8.0,direct,21240.0,21240.0,nan
2.0,32.0,0.0,constant,8.0,fe_geometry,21239.999999891243,21239.999999891243,nan
2.0,32.0,0.0,constant,9.0,recursive,7253780.297056687,7253780.297056687,nan
2.0,32.0,0.0,constant,9.0,direct,3064320.0,3064320.0,nan
2.0,32.0,0.0,constant,9.0,fe_geometry,3064319.999957525,3064319.999957525,nan
2.0,32.0,0.0,constant,10.0,recursive,1079933094.7561584,1079933094.7561584,nan
2.0,32.0,0.0,constant,10.0,direct,202752000.0,202752000.0,nan
2.0,32.0,0.0,constant,10.0,fe_geometry,202751999.9998011,202751999.9998011,nan
2.0,32.0,0.0,quintic,1.0,recursive,2.1649348980190553e-15,2.1649348980190553e-15,4.4223243622506577e-14
2.0,32.0,0.0,quintic,1.0,direct,9.131584377541913e-15,9.131584377541913e-15,1.9403100935016005e-13
2.0,32.0,0.0,quintic,1.0,fe_geometry,2.914335439641036e-14,2.914335439641036e-14,6.192479021813618e-13
2.0,32.0,0.0,quintic,2.0,recursive,1.6794898805017056e-12,1.6794898805017056e-12,5.9180438327643945e-12
2.0,32.0,0.0,quintic,2.0,direct,2.138039745247511e-12,2.138039745247511e-12,8.55215898099004e-12
2.0,32.0,0.0,quintic,2.0,fe_geometry,7.404410418132557e-12,7.404410418132557e-12,2.083914981356567e-11
2.0,32.0,0.0,quintic,3.0,recursive,4.319218760429066e-10,5.399023450536333e-10,4.319218760429066e-10
2.0,32.0,0.0,quintic,3.0,direct,6.147867992467581e-10,7.684834990584477e-10,6.147867992467581e-10
2.0,32.0,0.0,quintic,3.0,fe_geometry,7.054653750060424e-10,8.818317187575531e-10,7.054653750060424e-10
2.0,32.0,0.0,quintic,4.0,recursive,1.5198831486699727e-07,1.5198831486699727e-07,4.768909933616783e-09
2.0,32.0,0.0,quintic,4.0,direct,1.539746499021659e-07,1.539746499021659e-07,3.3156420942148657e-09
2.0,32.0,0.0,quintic,4.0,fe_geometry,1.704416918220758e-07,1.704416918220758e-07,1.294499241133451e-08
2.0,32.0,0.0,quintic,5.0,recursive,3.299782148592743e-05,3.299782148592743e-05,1.0305905497887125e-07
2.0,32.0,0.0,quintic,5.0,direct,3.159408491281283e-05,3.159408491281283e-05,1.8414216190384044e-07
2.0,32.0,0.0,quintic,5.0,fe_geometry,3.613074973642729e-05,3.613074973642729e-05,1.8825390952770248e-07
2.0,32.0,0.0,quintic,6.0,recursive,0.006125498998286601,0.006125498998286601,nan
2.0,32.0,0.0,quintic,6.0,direct,0.0066813932273484524,0.0066813932273484524,nan
2.0,32.0,0.0,quintic,6.0,fe_geometry,0.007313916866916949,0.007313916866916949,nan
2.0,32.0,0.0,quintic,7.0,recursive,1.1882728532650877,1.1882728532650877,nan
2.0,32.0,0.0,quintic,7.0,direct,0.8379142808908223,0.8379142808908223,nan
2.0,32.0,0.0,quintic,7.0,fe_geometry,0.8730863352515333,0.8730863352515333,nan
2.0,32.0,0.0,quintic,8.0,recursive,257.2929109149748,257.2929109149748,nan
2.0,32.0,0.0,quintic,8.0,direct,115.56274088287357,115.56274088287357,nan
2.0,32.0,0.0,quintic,8.0,fe_geometry,125.03188691067682,125.03188691067682,nan
2.0,32.0,0.0,quintic,9.0,recursive,36681.540387987814,36681.540387987814,nan
2.0,32.0,0.0,quintic,9.0,direct,15802.078938354496,15802.078938354496,nan
2.0,32.0,0.0,quintic,9.0,fe_geometry,16392.655094079077,16392.655094079077,nan
2.0,32.0,0.0,quintic,10.0,recursive,2780710.555667639,2780710.555667639,nan
2.0,32.0,0.0,quintic,10.0,direct,1062239.0044921876,1062239.0044921876,nan
2.0,32.0,0.0,quintic,10.0,fe_geometry,1055759.4719665723,1055759.4719665723,nan
2.0,2.0,1.0,constant,1.0,recursive,7.454798722819259e-14,7.454798722819259e-14,nan
2.0,2.0,1.0,constant,1.0,direct,3.4928166835601884e-14,3.4928166835601884e-14,nan
2.0,2.0,1.0,constant,1.0,fe_geometry,3.492816683560159e-14,3.492816683560159e-14,nan
2.0,2.0,1.0,constant,2.0,recursive,2.1882961832373195e-12,2.1882961832373195e-12,nan
2.0,2.0,1.0,constant,2.0,direct,7.109993345251571e-13,7.109993345251571e-13,nan
2.0,2.0,1.0,constant,2.0,fe_geometry,7.109993345251456e-13,7.109993345251456e-13,nan
2.0,2.0,1.0,constant,3.0,recursive,3.4322193531864717e-11,3.4322193531864717e-11,nan
2.0,2.0,1.0,constant,3.0,direct,1.1136636932876602e-11,1.1136636932876602e-11,nan
2.0,2.0,1.0,constant,3.0,fe_geometry,1.1136636932876126e-11,1.1136636932876126e-11,nan
2.0,2.0,1.0,constant,4.0,recursive,3.319631103218114e-10,3.319631103218114e-10,nan
2.0,2.0,1.0,constant,4.0,direct,1.0305026561276621e-10,1.0305026561276621e-10,nan
2.0,2.0,1.0,constant,4.0,fe_geometry,1.0305026561276335e-10,1.0305026561276335e-10,nan
2.0,2.0,1.0,constant,5.0,recursive,4.869232685138642e-09,4.869232685138642e-09,nan
2.0,2.0,1.0,constant,5.0,direct,2.0324910877773334e-09,2.0324910877773334e-09,nan
2.0,2.0,1.0,constant,5.0,fe_geometry,2.032491087777232e-09,2.032491087777232e-09,nan
2.0,2.0,1.0,constant,6.0,recursive,5.567542130530999e-08,5.567542130530999e-08,nan
2.0,2.0,1.0,constant,6.0,direct,2.5925737309322624e-08,2.5925737309322624e-08,nan
2.0,2.0,1.0,constant,6.0,fe_geometry,2.5925737309320963e-08,2.5925737309320963e-08,nan
2.0,2.0,1.0,constant,7.0,recursive,8.866243085387541e-07,8.866243085387541e-07,nan
2.0,2.0,1.0,constant,7.0,direct,4.0310416577453717e-07,4.0310416577453717e-07,nan
2.0,2.0,1.0,constant,7.0,fe_geometry,4.0310416577449376e-07,4.0310416577449376e-07,nan
2.0,2.0,1.0,constant,8.0,recursive,1.4164096286818813e-05,1.4164096286818813e-05,nan
2.0,2.0,1.0,constant,8.0,direct,6.522879827221763e-06,6.522879827221763e-06,nan
2.0,2.0,1.0,constant,8.0,fe_geometry,6.522879827221645e-06,6.522879827221645e-06,nan
2.0,2.0,1.0,constant,9.0,recursive,0.00021757474685536542,0.00021757474685536542,nan
2.0,2.0,1.0,constant,9.0,direct,0.0001285698047551653,0.0001285698047551653,nan
2.0,2.0,1.0,constant,9.0,fe_geometry,0.00012856980475515578,0.00012856980475515578,nan
2.0,2.0,1.0,constant,10.0,recursive,0.0033048861386975738,0.0033048861386975738,nan
2.0,2.0,1.0,constant,10.0,direct,0.0029493099428371736,0.0029493099428371736,nan
2.0,2.0,1.0,constant,10.0,fe_geometry,0.0029493099428370226,0.0029493099428370226,nan
2.0,2.0,1.0,quintic,1.0,recursive,0.0007980874667421894,0.0007980874667421894,0.010493372247906555
2.0,2.0,1.0,quintic,1.0,direct,2.0566881531181025e-14,2.0566881531181025e-14,2.7041640531737993e-13
2.0,2.0,1.0,quintic,1.0,fe_geometry,2.6256774532384952e-14,2.6256774532384952e-14,3.4522796144432036e-13
2.0,2.0,1.0,quintic,2.0,recursive,0.032805900529652376,0.032805900529652376,0.08630351094794857
2.0,2.0,1.0,quintic,2.0,direct,1.580957587066223e-13,1.580957587066223e-13,5.612399434085088e-13
2.0,2.0,1.0,quintic,2.0,fe_geometry,2.1133095273739855e-13,2.1133095273739855e-13,7.502248822177644e-13
2.0,2.0,1.0,quintic,3.0,recursive,0.3927250571718347,0.6401268583826301,0.3927250571718347
2.0,2.0,1.0,quintic,3.0,direct,2.0238298634341953e-12,3.339550858072471e-12,2.0238298634341953e-12
2.0,2.0,1.0,quintic,3.0,fe_geometry,2.4692482072113597e-12,3.47455397786689e-12,2.4692482072113597e-12
2.0,2.0,1.0,quintic,4.0,recursive,0.43297520082658913,5.257717521198931,0.43297520082658913
2.0,2.0,1.0,quintic,4.0,direct,9.39428469777882e-12,2.318456537864222e-11,9.39428469777882e-12
2.0,2.0,1.0,quintic,4.0,fe_geometry,1.060638080987563e-11,3.518607627484016e-11,1.060638080987563e-11
2.0,2.0,1.0,quintic,5.0,recursive,0.15133043538159274,187.62230426437554,0.15133043538159274
2.0,2.0,1.0,quintic,5.0,direct,4.639550842671408e-11,5.297806637827307e-10,4.639550842671408e-11
2.0,2.0,1.0,quintic,5.0,fe_geometry,4.9449316075779774e-11,7.22138793207705e-10,4.9449316075779774e-11
2.0,2.0,1.0,quintic,6.0,recursive,0.236027711062279,3124.8886728159705,0.236027711062279
2.0,2.0,1.0,quintic,6.0,direct,1.7828083060919084e-10,9.40781319513917e-09,1.7828083060919084e-10
2.0,2.0,1.0,quintic,6.0,fe_geometry,1.8327768383359307e-10,1.4799297787249088e-08,1.8327768383359307e-10
2.0,2.0,1.0,quintic,7.0,recursive,0.28962408674658585,35572.70492957905,0.28962408674658585
2.0,2.0,1.0,quintic,7.0,direct,4.451518335207405e-10,1.4336546882987022e-07,4.451518335207405e-10
2.0,2.0,1.0,quintic,7.0,fe_geometry,4.774136177225283e-10,2.743327058851719e-07,4.774136177225283e-10
2.0,2.0,1.0,quintic,8.0,recursive,0.24621563647250957,3850498.022226367,0.24621563647250957
2.0,2.0,1.0,quintic,8.0,direct,5.494748723862909e-10,2.8274953365325928e-06,5.494748723862909e-10
2.0,2.0,1.0,quintic,8.0,fe_geometry,5.218991244082996e-10,5.33275306224823e-06,5.218991244082996e-10
2.0,2.0,1.0,quintic,9.0,recursive,0.4778910863084637,162729059.7005077,0.4778910863084637
2.0,2.0,1.0,quintic,9.0,direct,1.2252670177615651e-09,6.490945816040039e-05,1.2252670177615651e-09
2.0,2.0,1.0,quintic,9.0,fe_geometry,1.373896550250261e-09,0.0001112520694732666,1.373896550250261e-09
2.0,2.0,1.0,quintic,10.0,recursive,0.6786187947419495,5671353747.597025,0.6786187947419495
2.0,2.0,1.0,quintic,10.0,direct,1.688922726907013e-09,0.0016565322875976562,1.688922726907013e-09
2.0,2.0,1.0,quintic,10.0,fe_geometry,2.2681393436905804e-09,0.00250244140625,2.2681393436905804e-09
2.0,8.0,1.0,constant,1.0,recursive,9.772815502677013e-14,9.772815502677013e-14,nan
2.0,8.0,1.0,constant,1.0,direct,1.1859288512093544e-13,1.1859288512093544e-13,nan
2.0,8.0,1.0,constant,1.0,fe_geometry,1.1859288512093112e-13,1.1859288512093112e-13,nan
2.0,8.0,1.0,constant,2.0,recursive,1.0684022526287287e-11,1.0684022526287287e-11,nan
2.0,8.0,1.0,constant,2.0,direct,9.918037796340467e-12,9.918037796340467e-12,nan
2.0,8.0,1.0,constant,2.0,fe_geometry,9.918037796340107e-12,9.918037796340107e-12,nan
2.0,8.0,1.0,constant,3.0,recursive,7.227091090041185e-10,7.227091090041185e-10,nan
2.0,8.0,1.0,constant,3.0,direct,6.420575763538648e-10,6.420575763538648e-10,nan
2.0,8.0,1.0,constant,3.0,fe_geometry,6.420575763537979e-10,6.420575763537979e-10,nan
2.0,8.0,1.0,constant,4.0,recursive,4.721723783699931e-08,4.721723783699931e-08,nan
2.0,8.0,1.0,constant,4.0,direct,2.2083897769332313e-08,2.2083897769332313e-08,nan
2.0,8.0,1.0,constant,4.0,fe_geometry,2.2083897769325878e-08,2.2083897769325878e-08,nan
2.0,8.0,1.0,constant,5.0,recursive,3.001484385524343e-06,3.001484385524343e-06,nan
2.0,8.0,1.0,constant,5.0,direct,1.4278993804624624e-06,1.4278993804624624e-06,nan
2.0,8.0,1.0,constant,5.0,fe_geometry,1.427899380462275e-06,1.427899380462275e-06,nan
2.0,8.0,1.0,constant,6.0,recursive,0.0001993730189142124,0.0001993730189142124,nan
2.0,8.0,1.0,constant,6.0,direct,5.237469657142497e-05,5.237469657142497e-05,nan
2.0,8.0,1.0,constant,6.0,fe_geometry,5.23746965714062e-05,5.23746965714062e-05,nan
2.0,8.0,1.0,constant,7.0,recursive,0.012246539981845932,0.012246539981845932,nan
2.0,8.0,1.0,constant,7.0,direct,0.0012427803269796278,0.0012427803269796278,nan
2.0,8.0,1.0,constant,7.0,fe_geometry,0.001242780326978906,0.001242780326978906,nan
2.0,8.0,1.0,constant,8.0,recursive,0.46454954507349927,0.46454954507349927,nan
2.0,8.0,1.0,constant,8.0,direct,0.05708322965338265,0.05708322965338265,nan
2.0,8.0,1.0,constant,8.0,fe_geometry,0.05708322965331218,0.05708322965331218,nan
2.0,8.0,1.0,constant,9.0,recursive,15.79008596430904,15.79008596430904,nan
2.0,8.0,1.0,constant,9.0,direct,1.2580430732369636,1.2580430732369636,nan
2.0,8.0,1.0,constant,9.0,fe_geometry,1.2580430732330177,1.2580430732330177,nan
2.0,8.0,1.0,constant,10.0,recursive,302.3946081655344,302.3946081655344,nan
2.0,8.0,1.0,constant,10.0,direct,32.915430700350434,32.915430700350434,nan
2.0,8.0,1.0,constant,10.0,fe_geometry,32.91543070033583,32.91543070033583,nan
2.0,8.0,1.0,quintic,1.0,recursive,4.3934079367591305e-08,4.3934079367591305e-08,1.0944981175785897e-06
2.0,8.0,1.0,quintic,1.0,direct,4.517219931443606e-15,4.517219931443606e-15,1.1253425092368273e-13
2.0,8.0,1.0,quintic,1.0,fe_geometry,9.922618282587337e-15,9.922618282587337e-15,2.4719505195217555e-13
2.0,8.0,1.0,quintic,2.0,recursive,9.968000894033935e-06,9.968000894033935e-06,4.358109229481848e-05
2.0,8.0,1.0,quintic,2.0,direct,1.9079182678183315e-13,1.9079182678183315e-13,1.1098224284022956e-12
2.0,8.0,1.0,quintic,2.0,fe_geometry,3.8566372317916375e-13,3.8566372317916375e-13,1.6861601933336703e-12
2.0,8.0,1.0,quintic,3.0,recursive,0.0008059888005286965,0.001059560178923169,0.0008059888005286965
2.0,8.0,1.0,quintic,3.0,direct,1.1214473794041169e-11,1.1214473794041169e-11,1.5474990618566823e-11
2.0,8.0,1.0,quintic,3.0,fe_geometry,1.4540924020423063e-11,1.4540924020423063e-11,2.0065200287944408e-11
2.0,8.0,1.0,quintic,4.0,recursive,0.005863960708823383,0.0647878082590978,0.005863960708823383
2.0,8.0,1.0,quintic,4.0,direct,2.5026915345118843e-10,3.669107240256153e-10,2.5026915345118843e-10
2.0,8.0,1.0,quintic,4.0,fe_geometry,3.3562775475592055e-10,4.279390175554454e-10,3.3562775475592055e-10
2.0,8.0,1.0,quintic,5.0,recursive,0.025385403212723454,2.2336346791224315,0.025385403212723454
2.0,8.0,1.0,quintic,5.0,direct,4.86961036313379e-09,2.5518468227403446e-08,4.86961036313379e-09
2.0,8.0,1.0,quintic,5.0,fe_geometry,5.702647422010452e-09,2.988387493019218e-08,5.702647422010452e-09
2.0,8.0,1.0,quintic,6.0,recursive,0.04629486007257147,69.77994534372465,0.04629486007257147
2.0,8.0,1.0,quintic,6.0,direct,8.291680826937513e-08,9.050562397305839e-07,8.291680826937513e-08
2.0,8.0,1.0,quintic,6.0,fe_geometry,9.031660139149416e-08,9.85826702049053e-07,9.031660139149416e-08
2.0,8.0,1.0,quintic,7.0,recursive,0.12991660735297822,2713.39750529503,0.12991660735297822
2.0,8.0,1.0,quintic,7.0,direct,4.51814733090249e-07,3.420225945660604e-05,4.51814733090249e-07
2.0,8.0,1.0,quintic,7.0,fe_geometry,4.5373375342714446e-07,4.015738122120638e-05,4.5373375342714446e-07
2.0,8.0,1.0,quintic,8.0,recursive,0.32478396960258193,89084.04369070695,0.32478396960258193
2.0,8.0,1.0,quintic,8.0,direct,6.531088585372495e-06,0.0013844749079510166,6.531088585372495e-06
2.0,8.0,1.0,quintic,8.0,fe_geometry,7.18149029528749e-06,0.0015223485312674256,7.18149029528749e-06
2.0,8.0,1.0,quintic,9.0,recursive,0.5363487386964456,1900281.5213991485,0.5363487386964456
2.0,8.0,1.0,quintic,9.0,direct,3.835691438667871e-05,0.028226987378957347,3.835691438667871e-05
2.0,8.0,1.0,quintic,9.0,fe_geometry,3.886631714268577e-05,0.028601858647789413,3.886631714268577e-05
2.0,8.0,1.0,quintic,10.0,recursive,0.7156460776464106,35292240.67861326,0.7156460776464106
2.0,8.0,1.0,quintic,10.0,direct,9.087013412867198e-05,0.7025719034827489,9.087013412867198e-05
2.0,8.0,1.0,quintic,10.0,fe_geometry,7.692858944443921e-05,0.5947813991524527,7.692858944443921e-05
2.0,32.0,1.0,constant,1.0,recursive,1.151479705980552e-13,1.151479705980552e-13,nan
2.0,32.0,1.0,constant,1.0,direct,4.743715404837418e-13,4.743715404837418e-13,nan
2.0,32.0,1.0,constant,1.0,fe_geometry,4.743715404836743e-13,4.743715404836743e-13,nan
2.0,32.0,1.0,constant,2.0,recursive,8.791697713324347e-11,8.791697713324347e-11,nan
2.0,32.0,1.0,constant,2.0,direct,1.5376205249287452e-10,1.5376205249287452e-10,nan
2.0,32.0,1.0,constant,2.0,fe_geometry,1.5376205249285395e-10,1.5376205249285395e-10,nan
2.0,32.0,1.0,constant,3.0,recursive,3.771776201588324e-08,3.771776201588324e-08,nan
2.0,32.0,1.0,constant,3.0,direct,4.013625088655965e-08,4.013625088655965e-08,nan
2.0,32.0,1.0,constant,3.0,fe_geometry,4.01362508865438e-08,4.01362508865438e-08,nan
2.0,32.0,1.0,constant,4.0,recursive,1.0221538031330543e-05,1.0221538031330543e-05,nan
2.0,32.0,1.0,constant,4.0,direct,5.726096696047197e-06,5.726096696047197e-06,nan
2.0,32.0,1.0,constant,4.0,fe_geometry,5.72609669604098e-06,5.72609669604098e-06,nan
2.0,32.0,1.0,constant,5.0,recursive,0.0018884792734257115,0.0018884792734257115,nan
2.0,32.0,1.0,constant,5.0,direct,0.0013377665452428932,0.0013377665452428932,nan
2.0,32.0,1.0,constant,5.0,fe_geometry,0.001337766545242081,0.001337766545242081,nan
2.0,32.0,1.0,constant,6.0,recursive,0.4143923707995901,0.4143923707995901,nan
2.0,32.0,1.0,constant,6.0,direct,0.20326352384311108,0.20326352384311108,nan
2.0,32.0,1.0,constant,6.0,fe_geometry,0.20326352384279656,0.20326352384279656,nan
2.0,32.0,1.0,constant,7.0,recursive,72.89865343180666,72.89865343180666,nan
2.0,32.0,1.0,constant,7.0,direct,17.87190166789678,17.87190166789678,nan
2.0,32.0,1.0,constant,7.0,fe_geometry,17.871901667814498,17.871901667814498,nan
2.0,32.0,1.0,constant,8.0,recursive,10699.082679333875,10699.082679333875,nan
2.0,32.0,1.0,constant,8.0,direct,3207.0511274581404,3207.0511274581404,nan
2.0,32.0,1.0,constant,8.0,fe_geometry,3207.0511274441997,3207.0511274441997,nan
2.0,32.0,1.0,constant,9.0,recursive,1006137.8129801041,1006137.8129801041,nan
2.0,32.0,1.0,constant,9.0,direct,314838.05678478046,314838.05678478046,nan
2.0,32.0,1.0,constant,9.0,fe_geometry,314838.05678136274,314838.05678136274,nan
2.0,32.0,1.0,constant,10.0,recursive,57425608.15354338,57425608.15354338,nan
2.0,32.0,1.0,constant,10.0,direct,17888123.40863718,17888123.40863718,nan
2.0,32.0,1.0,constant,10.0,fe_geometry,17888123.408611204,17888123.408611204,nan
2.0,32.0,1.0,quintic,1.0,recursive,7.952735692207114e-12,7.952735692207114e-12,2.39955053023832e-10
2.0,32.0,1.0,quintic,1.0,direct,6.411537967210279e-15,6.411537967210279e-15,1.9345304464145742e-13
2.0,32.0,1.0,quintic,1.0,fe_geometry,2.0462798122622416e-14,2.0462798122622416e-14,6.174166976706254e-13
2.0,32.0,1.0,quintic,2.0,recursive,7.456694123275653e-09,7.456694123275653e-09,3.7428985180678106e-08
2.0,32.0,1.0,quintic,2.0,direct,1.2719270081618106e-12,1.2719270081618106e-12,8.552055624777562e-12
2.0,32.0,1.0,quintic,2.0,fe_geometry,3.72987751795506e-12,3.72987751795506e-12,1.8722174738201145e-11
2.0,32.0,1.0,quintic,3.0,recursive,2.6469384162127794e-06,3.3170416913197442e-06,2.6469384162127794e-06
2.0,32.0,1.0,quintic,3.0,direct,3.2107383418633617e-10,3.2107383418633617e-10,5.12119137143012e-10
2.0,32.0,1.0,quintic,3.0,fe_geometry,3.731038811238818e-10,3.731038811238818e-10,5.951080945293758e-10
2.0,32.0,1.0,quintic,4.0,recursive,8.09312594556189e-05,0.000876902794948009,8.09312594556189e-05
2.0,32.0,1.0,quintic,4.0,direct,3.427493771048697e-08,4.475928960800957e-08,3.427493771048697e-08
2.0,32.0,1.0,quintic,4.0,fe_geometry,3.8079127441848156e-08,4.9727141959721166e-08,3.8079127441848156e-08
2.0,32.0,1.0,quintic,5.0,recursive,0.0016307188513116368,0.14179457147498908,0.0016307188513116368
2.0,32.0,1.0,quintic,5.0,direct,2.108221089879475e-06,9.528010707526846e-06,2.108221089879475e-06
2.0,32.0,1.0,quintic,5.0,fe_geometry,2.450459145286088e-06,1.0967937943640038e-05,2.450459145286088e-06
2.0,32.0,1.0,quintic,6.0,recursive,0.018737532059201315,13.118307975061725,0.018737532059201315
2.0,32.0,1.0,quintic,6.0,direct,0.0001489776001910051,0.00138890037160877,0.0001489776001910051
2.0,32.0,1.0,quintic,6.0,fe_geometry,0.0001644112250964456,0.0015327862130973813,0.0001644112250964456
2.0,32.0,1.0,quintic,7.0,recursive,0.11478482253901492,1910.6285712257777,0.11478482253901492
2.0,32.0,1.0,quintic,7.0,direct,0.0036640575541082143,0.11858609224668015,0.0036640575541082143
2.0,32.0,1.0,quintic,7.0,fe_geometry,0.0038056708488335344,0.12316936283772861,0.0038056708488335344
2.0,32.0,1.0,quintic,8.0,recursive,0.5424332871544595,53344.29667297017,0.5424332871544595
2.0,32.0,1.0,quintic,8.0,direct,0.11075496722783958,17.67638941344657,0.11075496722783958
2.0,32.0,1.0,quintic,8.0,fe_geometry,0.12354255701766954,19.717276810572997,0.12354255701766954
2.0,32.0,1.0,quintic,9.0,recursive,14.305333539047904,1025511.0523081564,14.305333539047904
2.0,32.0,1.0,quintic,9.0,direct,2.968335199628009,1644.6164921395173,2.968335199628009
2.0,32.0,1.0,quintic,9.0,fe_geometry,3.1029780509115086,1719.215834490503,3.1029780509115086
2.0,32.0,1.0,quintic,10.0,recursive,288.27594195866936,17419948.809075408,288.27594195866936
2.0,32.0,1.0,quintic,10.0,direct,29.281126501407797,95067.50115681736,29.281126501407797
2.0,32.0,1.0,quintic,10.0,fe_geometry,28.61499097942848,92904.7483165767,28.61499097942848
3.0,2.0,0.0,constant,1.0,recursive,1.8400672983160406e-13,1.8400672983160406e-13,nan
3.0,2.0,0.0,constant,1.0,direct,3.960720053301967e-12,3.960720053301967e-12,nan
3.0,2.0,0.0,constant,1.0,fe_geometry,3.960720053301965e-12,3.960720053301965e-12,nan
3.0,2.0,0.0,constant,2.0,recursive,9.85695722318284e-12,9.85695722318284e-12,nan
3.0,2.0,0.0,constant,2.0,direct,3.277045883901339e-11,3.277045883901339e-11,nan
3.0,2.0,0.0,constant,2.0,fe_geometry,3.2770458839013366e-11,3.2770458839013366e-11,nan
3.0,2.0,0.0,constant,3.0,recursive,2.613368821883364e-10,2.613368821883364e-10,nan
3.0,2.0,0.0,constant,3.0,direct,1.6719615001008485e-10,1.6719615001008485e-10,nan
3.0,2.0,0.0,constant,3.0,fe_geometry,1.6719615001008503e-10,1.6719615001008503e-10,nan
3.0,2.0,0.0,constant,4.0,recursive,4.1202160252934395e-09,4.1202160252934395e-09,nan
3.0,2.0,0.0,constant,4.0,direct,3.612482358312268e-09,3.612482358312268e-09,nan
3.0,2.0,0.0,constant,4.0,fe_geometry,3.612482358312265e-09,3.612482358312265e-09,nan
3.0,2.0,0.0,constant,5.0,recursive,3.730984556309363e-08,3.730984556309363e-08,nan
3.0,2.0,0.0,constant,5.0,direct,6.04008341742883e-08,6.04008341742883e-08,nan
3.0,2.0,0.0,constant,5.0,fe_geometry,6.040083417428824e-08,6.040083417428824e-08,nan
3.0,2.0,0.0,constant,6.0,recursive,7.2943456757346e-07,7.2943456757346e-07,nan
3.0,2.0,0.0,constant,6.0,direct,7.556906511308622e-07,7.556906511308622e-07,nan
3.0,2.0,0.0,constant,6.0,fe_geometry,7.556906511308639e-07,7.556906511308639e-07,nan
3.0,2.0,0.0,constant,7.0,recursive,1.4186495043494757e-05,1.4186495043494757e-05,nan
3.0,2.0,0.0,constant,7.0,direct,1.1510905710747459e-05,1.1510905710747459e-05,nan
3.0,2.0,0.0,constant,7.0,fe_geometry,1.151090571074749e-05,1.151090571074749e-05,nan
3.0,2.0,0.0,constant,8.0,recursive,0.00021026214986727887,0.00021026214986727887,nan
3.0,2.0,0.0,constant,8.0,direct,0.00012115063390228895,0.00012115063390228895,nan
3.0,2.0,0.0,constant,8.0,fe_geometry,0.00012115063390228859,0.00012115063390228859,nan
3.0,2.0,0.0,constant,9.0,recursive,0.0032730124488523173,0.0032730124488523173,nan
3.0,2.0,0.0,constant,9.0,direct,0.0011741933226585386,0.0011741933226585386,nan
3.0,2.0,0.0,constant,9.0,fe_geometry,0.0011741933226585373,0.0011741933226585373,nan
3.0,2.0,0.0,constant,10.0,recursive,0.06156228968361514,0.06156228968361514,nan
3.0,2.0,0.0,constant,10.0,direct,0.015500861406326297,0.015500861406326297,nan
3.0,2.0,0.0,constant,10.0,fe_geometry,0.015500861406326288,0.015500861406326288,nan
3.0,2.0,0.0,quintic,1.0,recursive,4.951594689828198e-14,4.951594689828198e-14,1.383127008331899e-13
3.0,2.0,0.0,quintic,1.0,direct,1.1848855230311983e-12,1.1848855230311983e-12,3.3097360978525092e-12
3.0,2.0,0.0,quintic,1.0,fe_geometry,1.1848855230311983e-12,1.1848855230311983e-12,3.3097360978525092e-12
3.0,2.0,0.0,quintic,2.0,recursive,2.811639809863209e-12,2.811639809863209e-12,4.26006031797456e-12
3.0,2.0,0.0,quintic,2.0,direct,1.6977974581777744e-11,1.6977974581777744e-11,2.5724203911784464e-11
3.0,2.0,0.0,quintic,2.0,fe_geometry,1.697830764868513e-11,1.697830764868513e-11,2.5724708558613837e-11
3.0,2.0,0.0,quintic,3.0,recursive,3.074374088640753e-11,7.378497812737805e-11,3.074374088640753e-11
3.0,2.0,0.0,quintic,3.0,direct,7.603621436184465e-11,1.8248691446842713e-10,7.603621436184465e-11
3.0,2.0,0.0,quintic,3.0,fe_geometry,7.603621436184465e-11,1.8248691446842713e-10,7.603621436184465e-11
3.0,2.0,0.0,quintic,4.0,recursive,6.066405682143089e-10,1.1203766803191684e-09,4.668236167996535e-11
3.0,2.0,0.0,quintic,4.0,direct,1.9596533647560524e-09,1.9596533647560524e-09,7.175608255730974e-11
3.0,2.0,0.0,quintic,4.0,fe_geometry,1.959645372002926e-09,1.959645372002926e-09,7.175608255730974e-11
3.0,2.0,0.0,quintic,5.0,recursive,1.3335370460845082e-08,1.3335370460845082e-08,7.612837767586219e-11
3.0,2.0,0.0,quintic,5.0,direct,3.464252072021345e-08,3.464252072021345e-08,6.962347735376776e-11
3.0,2.0,0.0,quintic,5.0,fe_geometry,3.464257395975952e-08,3.464257395975952e-08,6.96209904541926e-11
3.0,2.0,0.0,quintic,6.0,recursive,2.076919555345489e-07,2.076919555345489e-07,nan
3.0,2.0,0.0,quintic,6.0,direct,3.4337672893989405e-07,3.4337672893989405e-07,nan
3.0,2.0,0.0,quintic,6.0,fe_geometry,3.4337737848964085e-07,3.4337737848964085e-07,nan
3.0,2.0,0.0,quintic,7.0,recursive,4.874770250504021e-06,4.874770250504021e-06,nan
3.0,2.0,0.0,quintic,7.0,direct,4.638482213066901e-06,4.638482213066901e-06,nan
3.0,2.0,0.0,quintic,7.0,fe_geometry,4.638482213066919e-06,4.638482213066919e-06,nan
3.0,2.0,0.0,quintic,8.0,recursive,6.98105030767076e-05,6.98105030767076e-05,nan
3.0,2.0,0.0,quintic,8.0,direct,4.488195286702138e-05,4.488195286702138e-05,nan
3.0,2.0,0.0,quintic,8.0,fe_geometry,4.488195286702158e-05,4.488195286702158e-05,nan
3.0,2.0,0.0,quintic,9.0,recursive,0.0017643179468443753,0.0017643179468443753,nan
3.0,2.0,0.0,quintic,9.0,direct,0.00040964971529297285,0.00040964971529297285,nan
3.0,2.0,0.0,quintic,9.0,fe_geometry,0.00040964971529297117,0.00040964971529297117,nan
3.0,2.0,0.0,quintic,10.0,recursive,0.02683707180439351,0.02683707180439351,nan
3.0,2.0,0.0,quintic,10.0,direct,0.004221685856133696,0.004221685856133696,nan
3.0,2.0,0.0,quintic,10.0,fe_geometry,0.004221685856133673,0.004221685856133673,nan
3.0,8.0,0.0,constant,1.0,recursive,7.06002209725744e-13,7.06002209725744e-13,nan
3.0,8.0,0.0,constant,1.0,direct,1.5842880213207866e-11,1.5842880213207866e-11,nan
3.0,8.0,0.0,constant,1.0,fe_geometry,1.5842880213207866e-11,1.5842880213207866e-11,nan
3.0,8.0,0.0,constant,2.0,recursive,1.5109555249031443e-10,1.5109555249031443e-10,nan
3.0,8.0,0.0,constant,2.0,direct,5.243273414242143e-10,5.243273414242143e-10,nan
3.0,8.0,0.0,constant,2.0,fe_geometry,5.243273414242142e-10,5.243273414242142e-10,nan
3.0,8.0,0.0,constant,3.0,recursive,1.6018470690415608e-08,1.6018470690415608e-08,nan
3.0,8.0,0.0,constant,3.0,direct,1.070055360064543e-08,1.070055360064543e-08,nan
3.0,8.0,0.0,constant,3.0,fe_geometry,1.0700553600645422e-08,1.0700553600645422e-08,nan
3.0,8.0,0.0,constant,4.0,recursive,1.011407394543802e-06,1.011407394543802e-06,nan
3.0,8.0,0.0,constant,4.0,direct,9.247954837279406e-07,9.247954837279406e-07,nan
3.0,8.0,0.0,constant,4.0,fe_geometry,9.24795483727939e-07,9.24795483727939e-07,nan
3.0,8.0,0.0,constant,5.0,recursive,3.6737889724637265e-05,3.6737889724637265e-05,nan
3.0,8.0,0.0,constant,5.0,direct,6.185045419447122e-05,6.185045419447122e-05,nan
3.0,8.0,0.0,constant,5.0,fe_geometry,6.185045419447114e-05,6.185045419447114e-05,nan
3.0,8.0,0.0,constant,6.0,recursive,0.0026531356626671673,0.0026531356626671673,nan
3.0,8.0,0.0,constant,6.0,direct,0.0030953089070320117,0.0030953089070320117,nan
3.0,8.0,0.0,constant,6.0,fe_geometry,0.0030953089070320057,0.0030953089070320057,nan
3.0,8.0,0.0,constant,7.0,recursive,0.18867621760011233,0.18867621760011233,nan
3.0,8.0,0.0,constant,7.0,direct,0.18859467916488637,0.18859467916488637,nan
3.0,8.0,0.0,constant,7.0,fe_geometry,0.188594679164886,0.188594679164886,nan
3.0,8.0,0.0,constant,8.0,recursive,11.949890448581682,11.949890448581682,nan
3.0,8.0,0.0,constant,8.0,direct,7.939727943420409,7.939727943420409,nan
3.0,8.0,0.0,constant,8.0,fe_geometry,7.939727943420354,7.939727943420354,nan
3.0,8.0,0.0,constant,9.0,recursive,719.1865498937343,719.1865498937343,nan
3.0,8.0,0.0,constant,9.0,direct,307.80773437499994,307.80773437499994,nan
3.0,8.0,0.0,constant,9.0,fe_geometry,307.80773437500164,307.80773437500164,nan
3.0,8.0,0.0,constant,10.0,recursive,54948.93384808204,54948.93384808204,nan
3.0,8.0,0.0,constant,10.0,direct,16253.831250000003,16253.831250000003,nan
3.0,8.0,0.0,constant,10.0,fe_geometry,16253.831250000074,16253.831250000074,nan
3.0,8.0,0.0,quintic,1.0,recursive,2.4841240175987878e-14,2.4841240175987878e-14,1.7727914487770121e-13
3.0,8.0,0.0,quintic,1.0,direct,6.385170170375432e-13,6.385170170375432e-13,4.556767293755884e-12
3.0,8.0,0.0,quintic,1.0,fe_geometry,6.385170170375432e-13,6.385170170375432e-13,4.556767293755884e-12
3.0,8.0,0.0,quintic,2.0,recursive,5.641598299632733e-12,5.641598299632733e-12,1.3929872344772183e-11
3.0,8.0,0.0,quintic,2.0,direct,2.975902857471624e-11,2.975902857471624e-11,7.347908290053394e-11
3.0,8.0,0.0,quintic,2.0,fe_geometry,2.975891755241378e-11,2.975891755241378e-11,7.347880877139206e-11
3.0,8.0,0.0,quintic,3.0,recursive,2.5217957351960274e-10,6.052309764470465e-10,2.5217957351960274e-10
3.0,8.0,0.0,quintic,3.0,direct,4.906381412961709e-10,1.0012022322314351e-09,4.1716759676309805e-10
3.0,8.0,0.0,quintic,3.0,fe_geometry,4.90634777555773e-10,1.0012031204098548e-09,4.171679668374396e-10
3.0,8.0,0.0,quintic,4.0,recursive,1.6110096716517208e-08,3.794814418256465e-08,1.5811726742735272e-09
3.0,8.0,0.0,quintic,4.0,direct,5.135560344117799e-08,5.135560344117799e-08,1.4601420813183572e-09
3.0,8.0,0.0,quintic,4.0,fe_geometry,5.135561619861747e-08,5.135561619861747e-08,1.4601419332886207e-09
3.0,8.0,0.0,quintic,5.0,recursive,1.5423500518604665e-06,1.5423500518604665e-06,1.1058829585408602e-08
3.0,8.0,0.0,quintic,5.0,direct,3.547239420812934e-06,3.547239420812934e-06,5.804185458183989e-09
3.0,8.0,0.0,quintic,5.0,fe_geometry,3.5472394292712287e-06,3.5472394292712287e-06,5.8041853397602e-09
3.0,8.0,0.0,quintic,6.0,recursive,9.758540743717723e-05,9.758540743717723e-05,nan
3.0,8.0,0.0,quintic,6.0,direct,0.0001398130879952348,0.0001398130879952348,nan
3.0,8.0,0.0,quintic,6.0,fe_geometry,0.00013981308528448558,0.00013981308528448558,nan
3.0,8.0,0.0,quintic,7.0,recursive,0.008985077600321073,0.008985077600321073,nan
3.0,8.0,0.0,quintic,7.0,direct,0.008204428092228063,0.008204428092228063,nan
3.0,8.0,0.0,quintic,7.0,fe_geometry,0.008204428092228044,0.008204428092228044,nan
3.0,8.0,0.0,quintic,8.0,recursive,0.5210037411785071,0.5210037411785071,nan
3.0,8.0,0.0,quintic,8.0,direct,0.3329609951590229,0.3329609951590229,nan
3.0,8.0,0.0,quintic,8.0,fe_geometry,0.3329609951590205,0.3329609951590205,nan
3.0,8.0,0.0,quintic,9.0,recursive,29.71804742338693,29.71804742338693,nan
3.0,8.0,0.0,quintic,9.0,direct,12.041993986709123,12.041993986709123,nan
3.0,8.0,0.0,quintic,9.0,fe_geometry,12.041993986709015,12.041993986709015,nan
3.0,8.0,0.0,quintic,10.0,recursive,1842.470313759088,1842.470313759088,nan
3.0,8.0,0.0,quintic,10.0,direct,459.60506241531374,459.60506241531374,nan
3.0,8.0,0.0,quintic,10.0,fe_geometry,459.6050624153175,459.6050624153175,nan
3.0,32.0,0.0,constant,1.0,recursive,2.8823945743174443e-12,2.8823945743174443e-12,nan
3.0,32.0,0.0,constant,1.0,direct,6.337152085283147e-11,6.337152085283147e-11,nan
3.0,32.0,0.0,constant,1.0,fe_geometry,6.337152085283147e-11,6.337152085283147e-11,nan
3.0,32.0,0.0,constant,2.0,recursive,2.5554025605600624e-09,2.5554025605600624e-09,nan
3.0,32.0,0.0,constant,2.0,direct,8.389237462787428e-09,8.389237462787428e-09,nan
3.0,32.0,0.0,constant,2.0,fe_geometry,8.389237462787427e-09,8.389237462787427e-09,nan
3.0,32.0,0.0,constant,3.0,recursive,1.0654198144265506e-06,1.0654198144265506e-06,nan
3.0,32.0,0.0,constant,3.0,direct,6.848354304413075e-07,6.848354304413075e-07,nan
3.0,32.0,0.0,constant,3.0,fe_geometry,6.848354304413078e-07,6.848354304413078e-07,nan
3.0,32.0,0.0,constant,4.0,recursive,0.00026237115343569195,0.00026237115343569195,nan
3.0,32.0,0.0,constant,4.0,direct,0.0002367476438343528,0.0002367476438343528,nan
3.0,32.0,0.0,constant,4.0,fe_geometry,0.0002367476438343528,0.0002367476438343528,nan
3.0,32.0,0.0,constant,5.0,recursive,0.03843618225060126,0.03843618225060126,nan
3.0,32.0,0.0,constant,5.0,direct,0.06333486509513853,0.06333486509513853,nan
3.0,32.0,0.0,constant,5.0,fe_geometry,0.06333486509513857,0.06333486509513857,nan
3.0,32.0,0.0,constant,6.0,recursive,12.77453940539963,12.77453940539963,nan
3.0,32.0,0.0,constant,6.0,direct,12.67838528320312,12.67838528320312,nan
3.0,32.0,0.0,constant,6.0,fe_geometry,12.67838528320313,12.67838528320313,nan
3.0,32.0,0.0,constant,7.0,recursive,4092.7263099834627,4092.7263099834627,nan
3.0,32.0,0.0,constant,7.0,direct,3089.9352234374983,3089.9352234374983,nan
3.0,32.0,0.0,constant,7.0,fe_geometry,3089.9352234375024,3089.9352234375024,nan
3.0,32.0,0.0,constant,8.0,recursive,911806.4726570764,911806.4726570764,nan
3.0,32.0,0.0,constant,8.0,direct,520338.0104999999,520338.0104999999,nan
3.0,32.0,0.0,constant,8.0,fe_geometry,520338.01050000015,520338.01050000015,nan
3.0,32.0,0.0,constant,9.0,recursive,216497469.29140332,216497469.29140332,nan
3.0,32.0,0.0,constant,9.0,direct,80689950.71999998,80689950.71999998,nan
3.0,32.0,0.0,constant,9.0,fe_geometry,80689950.72000086,80689950.72000086,nan
3.0,32.0,0.0,constant,10.0,recursive,63105365857.82002,63105365857.82002,nan
3.0,32.0,0.0,constant,10.0,direct,17043377356.800003,17043377356.800003,nan
3.0,32.0,0.0,constant,10.0,fe_geometry,17043377356.80049,17043377356.80049,nan
3.0,32.0,0.0,quintic,1.0,recursive,5.5816462563029745e-14,5.5816462563029745e-14,5.538807045559974e-13
3.0,32.0,0.0,quintic,1.0,direct,1.2803647031489618e-12,1.2803647031489618e-12,1.2705378866816589e-11
3.0,32.0,0.0,quintic,1.0,fe_geometry,1.280350825361154e-12,1.280350825361154e-12,1.2705241154060609e-11
3.0,32.0,0.0,quintic,2.0,recursive,5.011790982223374e-11,5.011790982223374e-11,1.410530443545717e-10
3.0,32.0,0.0,quintic,2.0,direct,1.9353324498538882e-10,1.9353324498538882e-10,7.115248328751443e-10
3.0,32.0,0.0,quintic,2.0,fe_geometry,1.9353235680696912e-10,1.9353235680696912e-10,7.115415058058154e-10
3.0,32.0,0.0,quintic,3.0,recursive,8.674730193429053e-09,2.0819352464229723e-08,8.674730193429053e-09
3.0,32.0,0.0,quintic,3.0,direct,1.4402417948463293e-08,1.7114548001018193e-08,7.704711868505854e-09
3.0,32.0,0.0,quintic,3.0,fe_geometry,1.4402630328859355e-08,1.711455954733765e-08,7.708285260088488e-09
3.0,32.0,0.0,quintic,4.0,recursive,2.7379381576153825e-06,5.085699388729381e-06,2.1190414119705758e-07
3.0,32.0,0.0,quintic,4.0,direct,5.365605779723322e-06,5.365605779723322e-06,1.1980662106836348e-07
3.0,32.0,0.0,quintic,4.0,fe_geometry,5.365617903416626e-06,5.365617903416626e-06,1.1980043712611632e-07
3.0,32.0,0.0,quintic,5.0,recursive,0.0007933008329649563,0.0007933008329649563,5.901535680526611e-06
3.0,32.0,0.0,quintic,5.0,direct,0.0014549195177585052,0.0014549195177585052,2.821592134812552e-06
3.0,32.0,0.0,quintic,5.0,fe_geometry,0.0014549193302221522,0.0014549193302221522,2.8215921190621884e-06
3.0,32.0,0.0,quintic,6.0,recursive,0.2528721847228388,0.2528721847228388,nan
3.0,32.0,0.0,quintic,6.0,direct,0.261388645937134,0.261388645937134,nan
3.0,32.0,0.0,quintic,6.0,fe_geometry,0.2613886450819617,0.2613886450819617,nan
3.0,32.0,0.0,quintic,7.0,recursive,83.69588126990655,83.69588126990655,nan
3.0,32.0,0.0,quintic,7.0,direct,65.08198779242278,65.08198779242278,nan
3.0,32.0,0.0,quintic,7.0,fe_geometry,65.08198779242286,65.08198779242286,nan
3.0,32.0,0.0,quintic,8.0,recursive,18062.569222558803,18062.569222558803,nan
3.0,32.0,0.0,quintic,8.0,direct,10705.967164843618,10705.967164843618,nan
3.0,32.0,0.0,quintic,8.0,fe_geometry,10705.967164843623,10705.967164843623,nan
3.0,32.0,0.0,quintic,9.0,recursive,4578152.599700477,4578152.599700477,nan
3.0,32.0,0.0,quintic,9.0,direct,1521188.5775773718,1521188.5775773718,nan
3.0,32.0,0.0,quintic,9.0,fe_geometry,1521188.5775773718,1521188.5775773718,nan
3.0,32.0,0.0,quintic,10.0,recursive,1106705535.6704783,1106705535.6704783,nan
3.0,32.0,0.0,quintic,10.0,direct,317720271.1021805,317720271.1021805,nan
3.0,32.0,0.0,quintic,10.0,fe_geometry,317720271.1021906,317720271.1021906,nan
3.0,2.0,1.0,constant,1.0,recursive,1.8893935708563302e-13,1.8893935708563302e-13,nan
3.0,2.0,1.0,constant,1.0,direct,3.960720053301967e-12,3.960720053301967e-12,nan
3.0,2.0,1.0,constant,1.0,fe_geometry,3.960720053301963e-12,3.960720053301963e-12,nan
3.0,2.0,1.0,constant,2.0,recursive,1.0109151619691113e-11,1.0109151619691113e-11,nan
3.0,2.0,1.0,constant,2.0,direct,3.277045883901339e-11,3.277045883901339e-11,nan
3.0,2.0,1.0,constant,2.0,fe_geometry,3.277045883901337e-11,3.277045883901337e-11,nan
3.0,2.0,1.0,constant,3.0,recursive,2.707700934902213e-10,2.707700934902213e-10,nan
3.0,2.0,1.0,constant,3.0,direct,1.6822673511854802e-10,1.6822673511854802e-10,nan
3.0,2.0,1.0,constant,3.0,fe_geometry,1.6822673511854778e-10,1.6822673511854778e-10,nan
3.0,2.0,1.0,constant,4.0,recursive,4.297018103487638e-09,4.297018103487638e-09,nan
3.0,2.0,1.0,constant,4.0,direct,3.5915981107599167e-09,3.5915981107599167e-09,nan
3.0,2.0,1.0,constant,4.0,fe_geometry,3.591598110759914e-09,3.591598110759914e-09,nan
3.0,2.0,1.0,constant,5.0,recursive,3.905712921352117e-08,3.905712921352117e-08,nan
3.0,2.0,1.0,constant,5.0,direct,6.014725286171883e-08,6.014725286171883e-08,nan
3.0,2.0,1.0,constant,5.0,fe_geometry,6.014725286171875e-08,6.014725286171875e-08,nan
3.0,2.0,1.0,constant,6.0,recursive,7.722491803542909e-07,7.722491803542909e-07,nan
3.0,2.0,1.0,constant,6.0,direct,7.529341388683818e-07,7.529341388683818e-07,nan
3.0,2.0,1.0,constant,6.0,fe_geometry,7.529341388683788e-07,7.529341388683788e-07,nan
3.0,2.0,1.0,constant,7.0,recursive,1.405122211686951e-05,1.405122211686951e-05,nan
3.0,2.0,1.0,constant,7.0,direct,1.1503454563017845e-05,1.1503454563017845e-05,nan
3.0,2.0,1.0,constant,7.0,fe_geometry,1.1503454563017786e-05,1.1503454563017786e-05,nan
3.0,2.0,1.0,constant,8.0,recursive,0.0002373779658152979,0.0002373779658152979,nan
3.0,2.0,1.0,constant,8.0,direct,0.00011197895119616154,0.00011197895119616154,nan
3.0,2.0,1.0,constant,8.0,fe_geometry,0.00011197895119616166,0.00011197895119616166,nan
3.0,2.0,1.0,constant,9.0,recursive,0.0035038678042501963,0.0035038678042501963,nan
3.0,2.0,1.0,constant,9.0,direct,0.0012499307324738852,0.0012499307324738852,nan
3.0,2.0,1.0,constant,9.0,fe_geometry,0.0012499307324738836,0.0012499307324738836,nan
3.0,2.0,1.0,constant,10.0,recursive,0.06795931925678013,0.06795931925678013,nan
3.0,2.0,1.0,constant,10.0,direct,0.01663663648810339,0.01663663648810339,nan
3.0,2.0,1.0,constant,10.0,fe_geometry,0.01663663648810341,0.01663663648810341,nan
3.0,2.0,1.0,quintic,1.0,recursive,5.140332604014475e-14,5.140332604014475e-14,1.4358470960934288e-13
3.0,2.0,1.0,quintic,1.0,direct,1.1848855230311983e-12,1.1848855230311983e-12,3.3097360978525092e-12
3.0,2.0,1.0,quintic,1.0,fe_geometry,1.1848855230311983e-12,1.1848855230311983e-12,3.3097360978525092e-12
3.0,2.0,1.0,quintic,2.0,recursive,2.889133376982045e-12,2.889133376982045e-12,4.37747481360916e-12
3.0,2.0,1.0,quintic,2.0,direct,1.6977974581777744e-11,1.6977974581777744e-11,2.5724203911784464e-11
3.0,2.0,1.0,quintic,2.0,fe_geometry,1.697819662638267e-11,1.697819662638267e-11,2.5724540343004047e-11
3.0,2.0,1.0,quintic,3.0,recursive,3.2015131286774106e-11,7.683631508825783e-11,3.9496595294752775e-11
3.0,2.0,1.0,quintic,3.0,direct,7.603621436184465e-11,1.8248691446842713e-10,2.6647500130041726e-10
3.0,2.0,1.0,quintic,3.0,fe_geometry,7.603602932467389e-11,1.8248647037921728e-10,2.664076150343924e-10
3.0,2.0,1.0,quintic,4.0,recursive,6.212480648310196e-10,1.1767369301196595e-09,3235667.0043282276
3.0,2.0,1.0,quintic,4.0,direct,1.934553184312904e-09,1.934553184312904e-09,5828626.652514895
3.0,2.0,1.0,quintic,4.0,fe_geometry,1.9345576252050023e-09,1.9345576252050023e-09,5828587.705363823
3.0,2.0,1.0,quintic,5.0,recursive,1.4605979792310895e-08,1.4605979792310895e-08,253576038.06095308
3.0,2.0,1.0,quintic,5.0,direct,3.430679182502859e-08,3.430679182502859e-08,595604024.7400799
3.0,2.0,1.0,quintic,5.0,fe_geometry,3.430675577251129e-08,3.430675577251129e-08,595603398.8283211
3.0,2.0,1.0,quintic,6.0,recursive,2.194230649624542e-07,2.194230649624542e-07,1538337083.7969022
3.0,2.0,1.0,quintic,6.0,direct,3.4092381041083397e-07,3.4092381041083397e-07,1183763230.5931735
3.0,2.0,1.0,quintic,6.0,fe_geometry,3.409230710928476e-07,3.409230710928476e-07,1183760663.5168319
3.0,2.0,1.0,quintic,7.0,recursive,3.0963027486384436e-06,5.28880999439707e-06,23713682084.582897
3.0,2.0,1.0,quintic,7.0,direct,2.5894745743836494e-06,4.5789743401414285e-06,35451840407.02627
3.0,2.0,1.0,quintic,7.0,fe_geometry,2.5894757065977513e-06,4.578974990288032e-06,35451622127.401985
3.0,2.0,1.0,quintic,8.0,recursive,5.9143533336353596e-05,0.00010551212475462535,112450003549.1495
3.0,2.0,1.0,quintic,8.0,direct,4.029533094381032e-05,4.440590522136745e-05,107328865931.96872
3.0,2.0,1.0,quintic,8.0,fe_geometry,4.029533694753685e-05,4.4405898956156875e-05,107328266140.41562
3.0,2.0,1.0,quintic,9.0,recursive,0.0019149512131930863,0.002526255325399518,637830288108.8302
3.0,2.0,1.0,quintic,9.0,direct,0.00037334902521453525,0.00037334902521453525,460924705308.1118
3.0,2.0,1.0,quintic,9.0,fe_geometry,0.0003733490279150152,0.0003733490279150152,460924557821.12445
3.0,2.0,1.0,quintic,10.0,recursive,0.02855360169354974,0.06230044093035758,1023539982927.8448
3.0,2.0,1.0,quintic,10.0,direct,0.0042612848088591955,0.004414154093176137,1312465361331.3083
3.0,2.0,1.0,quintic,10.0,fe_geometry,0.00426128502933713,0.004414154945848736,1312458116349.3074
3.0,8.0,1.0,constant,1.0,recursive,6.616323102938978e-13,6.616323102938978e-13,nan
3.0,8.0,1.0,constant,1.0,direct,1.5842880213207866e-11,1.5842880213207866e-11,nan
3.0,8.0,1.0,constant,1.0,fe_geometry,1.584288021320786e-11,1.584288021320786e-11,nan
3.0,8.0,1.0,constant,2.0,recursive,1.4889521179326324e-10,1.4889521179326324e-10,nan
3.0,8.0,1.0,constant,2.0,direct,5.243273414242143e-10,5.243273414242143e-10,nan
3.0,8.0,1.0,constant,2.0,fe_geometry,5.243273414242138e-10,5.243273414242138e-10,nan
3.0,8.0,1.0,constant,3.0,recursive,1.6302689295361362e-08,1.6302689295361362e-08,nan
3.0,8.0,1.0,constant,3.0,direct,1.0721237928008167e-08,1.0721237928008167e-08,nan
3.0,8.0,1.0,constant,3.0,fe_geometry,1.0721237928008174e-08,1.0721237928008174e-08,nan
3.0,8.0,1.0,constant,4.0,recursive,1.0478002867893281e-06,1.0478002867893281e-06,nan
3.0,8.0,1.0,constant,4.0,direct,9.575421458304445e-07,9.575421458304445e-07,nan
3.0,8.0,1.0,constant,4.0,fe_geometry,9.575421458304436e-07,9.575421458304436e-07,nan
3.0,8.0,1.0,constant,5.0,recursive,3.8404489214569076e-05,3.8404489214569076e-05,nan
3.0,8.0,1.0,constant,5.0,direct,6.408061432515078e-05,6.408061432515078e-05,nan
3.0,8.0,1.0,constant,5.0,fe_geometry,6.408061432515059e-05,6.408061432515059e-05,nan
3.0,8.0,1.0,constant,6.0,recursive,0.0030699548061332333,0.0030699548061332333,nan
3.0,8.0,1.0,constant,6.0,direct,0.0034164542378587633,0.0034164542378587633,nan
3.0,8.0,1.0,constant,6.0,fe_geometry,0.003416454237858779,0.003416454237858779,nan
3.0,8.0,1.0,constant,7.0,recursive,0.19417116490372158,0.19417116490372158,nan
3.0,8.0,1.0,constant,7.0,direct,0.20560461556087667,0.20560461556087667,nan
3.0,8.0,1.0,constant,7.0,fe_geometry,0.2056046155608779,0.2056046155608779,nan
3.0,8.0,1.0,constant,8.0,recursive,14.60847233520324,14.60847233520324,nan
3.0,8.0,1.0,constant,8.0,direct,9.530254300551515,9.530254300551515,nan
3.0,8.0,1.0,constant,8.0,fe_geometry,9.530254300551352,9.530254300551352,nan
3.0,8.0,1.0,constant,9.0,recursive,894.5266755519773,894.5266755519773,nan
3.0,8.0,1.0,constant,9.0,direct,369.17247471264614,369.17247471264614,nan
3.0,8.0,1.0,constant,9.0,fe_geometry,369.1724747126472,369.1724747126472,nan
3.0,8.0,1.0,constant,10.0,recursive,65472.93561163297,65472.93561163297,nan
3.0,8.0,1.0,constant,10.0,direct,16536.46412573143,16536.46412573143,nan
3.0,8.0,1.0,constant,10.0,fe_geometry,16536.464125731734,16536.464125731734,nan
3.0,8.0,1.0,quintic,1.0,recursive,2.4313884239290928e-14,2.4313884239290928e-14,1.7351567699761591e-13
3.0,8.0,1.0,quintic,1.0,direct,6.385447726131588e-13,6.385447726131588e-13,4.55696537101273e-12
3.0,8.0,1.0,quintic,1.0,fe_geometry,6.385725281887744e-13,6.385725281887744e-13,4.557163448269577e-12
3.0,8.0,1.0,quintic,2.0,recursive,5.732636587651996e-12,5.732636587651996e-12,1.4154658241116038e-11
3.0,8.0,1.0,quintic,2.0,direct,2.975891755241378e-11,2.975891755241378e-11,7.347880877139203e-11
3.0,8.0,1.0,quintic,2.0,fe_geometry,2.975941715277486e-11,2.975941715277486e-11,7.348004235253051e-11
3.0,8.0,1.0,quintic,3.0,recursive,2.6142255027394867e-10,6.274141206574768e-10,1.6439938594669592e-08
3.0,8.0,1.0,quintic,3.0,direct,4.902451951338538e-10,1.001202676320645e-09,1.074538779043709e-07
3.0,8.0,1.0,quintic,3.0,fe_geometry,4.90136252764839e-10,1.0011986795177563e-09,1.0742999948570423e-07
3.0,8.0,1.0,quintic,4.0,recursive,1.7323747311670523e-08,3.9688583086672224e-08,1.5276673114347903e-07
3.0,8.0,1.0,quintic,4.0,direct,5.2623732038625803e-08,5.2623732038625803e-08,1.3348424805234233e-07
3.0,8.0,1.0,quintic,4.0,fe_geometry,5.262205371447948e-08,5.262205371447948e-08,1.3348640021086428e-07
3.0,8.0,1.0,quintic,5.0,recursive,1.490443699403432e-06,1.490443699403432e-06,5.186093544974448e-06
3.0,8.0,1.0,quintic,5.0,direct,3.632607779913144e-06,3.632607779913144e-06,9.8235425805164e-06
3.0,8.0,1.0,quintic,5.0,fe_geometry,3.632618530813314e-06,3.632618530813314e-06,9.823571653824613e-06
3.0,8.0,1.0,quintic,6.0,recursive,8.080193908488464e-05,9.01157584125567e-05,0.0002506245629774125
3.0,8.0,1.0,quintic,6.0,direct,0.00010472143415964033,0.00014279420631102546,0.0006818597494093517
3.0,8.0,1.0,quintic,6.0,fe_geometry,0.0001047214243531536,0.00014279406846817722,0.0006818590302632575
3.0,8.0,1.0,quintic,7.0,recursive,0.005104943489701798,0.0085814327379925,0.01863735636813633
3.0,8.0,1.0,quintic,7.0,direct,0.006622044120975251,0.008961564191696691,0.039389087889438436
3.0,8.0,1.0,quintic,7.0,fe_geometry,0.00662204288845869,0.008961564007187395,0.03938908055821227
3.0,8.0,1.0,quintic,8.0,recursive,0.3346929350501774,0.5102482276333102,0.4012387233933661
3.0,8.0,1.0,quintic,8.0,direct,0.39984409534137827,0.39984409534137827,0.4793436537496609
3.0,8.0,1.0,quintic,8.0,fe_geometry,0.3998440950880155,0.3998440950880155,0.47934365344592295
3.0,8.0,1.0,quintic,9.0,recursive,20.952132588906128,41.7176126565464,16.6086595610595
3.0,8.0,1.0,quintic,9.0,direct,14.388610591355526,14.388610591355526,4.032917958038895
3.0,8.0,1.0,quintic,9.0,fe_geometry,14.388610537589823,14.388610537589823,4.0329192369351725
3.0,8.0,1.0,quintic,10.0,recursive,2603.648401060762,2603.648401060762,209.96713515716107
3.0,8.0,1.0,quintic,10.0,direct,363.7886383914083,363.7886383914083,16.61185025503231
3.0,8.0,1.0,quintic,10.0,fe_geometry,363.78863835710104,363.78863835710104,16.611853370442404
3.0,32.0,1.0,constant,1.0,recursive,2.893252913573955e-12,2.893252913573955e-12,nan
3.0,32.0,1.0,constant,1.0,direct,6.337152085283147e-11,6.337152085283147e-11,nan
3.0,32.0,1.0,constant,1.0,fe_geometry,6.337152085283145e-11,6.337152085283145e-11,nan
3.0,32.0,1.0,constant,2.0,recursive,2.3258063449953463e-09,2.3258063449953463e-09,nan
3.0,32.0,1.0,constant,2.0,direct,8.389237462787428e-09,8.389237462787428e-09,nan
3.0,32.0,1.0,constant,2.0,fe_geometry,8.389237462787432e-09,8.389237462787432e-09,nan
3.0,32.0,1.0,constant,3.0,recursive,9.553905179764613e-07,9.553905179764613e-07,nan
3.0,32.0,1.0,constant,3.0,direct,6.854063348216872e-07,6.854063348216872e-07,nan
3.0,32.0,1.0,constant,3.0,fe_geometry,6.854063348216877e-07,6.854063348216877e-07,nan
3.0,32.0,1.0,constant,4.0,recursive,0.00023704315709310734,0.00023704315709310734,nan
3.0,32.0,1.0,constant,4.0,direct,0.0002472234556906001,0.0002472234556906001,nan
3.0,32.0,1.0,constant,4.0,fe_geometry,0.0002472234556905999,0.0002472234556905999,nan
3.0,32.0,1.0,constant,5.0,recursive,0.03405409820861293,0.03405409820861293,nan
3.0,32.0,1.0,constant,5.0,direct,0.06617116952139993,0.06617116952139993,nan
3.0,32.0,1.0,constant,5.0,fe_geometry,0.0661711695213998,0.0661711695213998,nan
3.0,32.0,1.0,constant,6.0,recursive,12.294885577109453,12.294885577109453,nan
3.0,32.0,1.0,constant,6.0,direct,14.420449430865286,14.420449430865286,nan
3.0,32.0,1.0,constant,6.0,fe_geometry,14.420449430865222,14.420449430865222,nan
3.0,32.0,1.0,constant,7.0,recursive,3036.12386399183,3036.12386399183,nan
3.0,32.0,1.0,constant,7.0,direct,3454.80471838306,3454.80471838306,nan
3.0,32.0,1.0,constant,7.0,fe_geometry,3454.8047183830245,3454.8047183830245,nan
3.0,32.0,1.0,constant,8.0,recursive,983614.5115626833,983614.5115626833,nan
3.0,32.0,1.0,constant,8.0,direct,654520.4899334398,654520.4899334398,nan
3.0,32.0,1.0,constant,8.0,fe_geometry,654520.4899334237,654520.4899334237,nan
3.0,32.0,1.0,constant,9.0,recursive,249235548.86160904,249235548.86160904,nan
3.0,32.0,1.0,constant,9.0,direct,99142877.35408603,99142877.35408603,nan
3.0,32.0,1.0,constant,9.0,fe_geometry,99142877.3540857,99142877.3540857,nan
3.0,32.0,1.0,constant,10.0,recursive,90097127747.68901,90097127747.68901,nan
3.0,32.0,1.0,constant,10.0,direct,18196652302.924694,18196652302.924694,nan
3.0,32.0,1.0,constant,10.0,fe_geometry,18196652302.925735,18196652302.925735,nan
3.0,32.0,1.0,quintic,1.0,recursive,5.620504062164855e-14,5.620504062164855e-14,5.577366617234682e-13
3.0,32.0,1.0,quintic,1.0,direct,1.2803785809367696e-12,1.2803785809367696e-12,1.2705516579572569e-11
3.0,32.0,1.0,quintic,1.0,fe_geometry,1.2804618476636165e-12,1.2804618476636165e-12,1.2706342856108455e-11
3.0,32.0,1.0,quintic,2.0,recursive,4.581091062050291e-11,4.581091062050291e-11,1.2893132276658693e-10
3.0,32.0,1.0,quintic,2.0,direct,1.935331894742376e-10,1.935331894742376e-10,6.698871820609818e-10
3.0,32.0,1.0,quintic,2.0,fe_geometry,1.9353829650015086e-10,1.9353829650015086e-10,6.697513957190255e-10
3.0,32.0,1.0,quintic,3.0,recursive,7.833906301435435e-09,1.880137512344504e-08,6.403057760612518e-08
3.0,32.0,1.0,quintic,3.0,direct,1.4418280139261164e-08,1.7114548001018193e-08,2.0346426010816838e-07
3.0,32.0,1.0,quintic,3.0,fe_geometry,1.4413452056882825e-08,1.7114483163993555e-08,2.0339612838931134e-07
3.0,32.0,1.0,quintic,4.0,recursive,2.684090576465792e-06,4.630331929433851e-06,1.9747593696537193e-05
3.0,32.0,1.0,quintic,4.0,direct,5.583409027176689e-06,5.583409027176689e-06,2.1153019709719803e-05
3.0,32.0,1.0,quintic,4.0,fe_geometry,5.583133391051653e-06,5.583133391051653e-06,2.1128833044160683e-05
3.0,32.0,1.0,quintic,5.0,recursive,0.0006492012248591195,0.000654338096040874,0.0024939816661034846
3.0,32.0,1.0,quintic,5.0,direct,0.0015135916303441466,0.0015135916303441466,0.005590543892622689
3.0,32.0,1.0,quintic,5.0,fe_geometry,0.001513595210315244,0.001513595210315244,0.005590179785964578
3.0,32.0,1.0,quintic,6.0,recursive,0.20984278105590126,0.2230891066100551,0.5287695194861101
3.0,32.0,1.0,quintic,6.0,direct,0.2224476993251738,0.2977076045428009,1.818805586063291
3.0,32.0,1.0,quintic,6.0,fe_geometry,0.22244758622385807,0.2977074531763364,1.818806208034923
3.0,32.0,1.0,quintic,7.0,recursive,54.74737102465063,63.08852444494852,133.85346933443245
3.0,32.0,1.0,quintic,7.0,direct,56.51181381954707,72.75905502882748,220.43061886383944
3.0,32.0,1.0,quintic,7.0,fe_geometry,56.5118165800426,72.75905835166357,220.43062963145945
3.0,32.0,1.0,quintic,8.0,recursive,17175.29168846127,17175.29168846127,9339.559203051247
3.0,32.0,1.0,quintic,8.0,direct,10556.309958195254,13410.660658224806,10556.309958195254
3.0,32.0,1.0,quintic,8.0,fe_geometry,10556.309956851897,13410.660656518216,10556.309956851897
3.0,32.0,1.0,quintic,9.0,recursive,4130814.712437447,5380815.692634765,1189746.6852994682
3.0,32.0,1.0,quintic,9.0,direct,1907892.5470871553,1907892.5470871553,558354.3390493757
3.0,32.0,1.0,quintic,9.0,fe_geometry,1907892.5471208678,1907892.5471208678,558354.3392124466
3.0,32.0,1.0,quintic,10.0,recursive,1150234582.2531228,1793069626.768985,64468195.25155406
3.0,32.0,1.0,quintic,10.0,direct,324484948.9124148,324484948.9124148,10327509.713504845
3.0,32.0,1.0,quintic,10.0,fe_geometry,324484948.909592,324484948.909592,10327509.713707943
