dimension,n,curved,capacity,point,xi,eta,zeta,x,y,z,field,dx,dy,dz,order,method,value,input_error,geometry_residual,inverse_residual,initialization_seconds,evaluation_seconds
2,8,1,5,0,0.23000000000000001,0.31,0.37,0.35224640625000025,0.44850923437500034,0,constant,1,0,0,1,recursive,-8.7423429363134213e-15,6.6613381477509392e-16,1.1546319456101628e-14,2.2204460492503131e-16,0.00058141601039096713,9.1374997282400727e-05
2,8,1,5,0,0.23000000000000001,0.31,0.37,0.35224640625000025,0.44850923437500034,0,constant,1,0,0,1,direct,-3.3121110596545658e-14,6.6613381477509392e-16,1.1546319456101628e-14,2.2204460492503131e-16,0.00058141601039096713,9.1374997282400727e-05
2,8,1,5,0,0.23000000000000001,0.31,0.37,0.35224640625000025,0.44850923437500034,0,constant,1,0,0,1,fe_geometry,-3.3121110596547898e-14,6.6613381477509392e-16,1.1546319456101628e-14,2.2204460492503131e-16,0.00058141601039096713,9.1374997282400727e-05
2,8,1,5,0,0.23000000000000001,0.31,0.37,0.35224640625000025,0.44850923437500034,0,constant,0,1,0,1,recursive,-4.9710018735407258e-15,6.6613381477509392e-16,1.1546319456101628e-14,2.2204460492503131e-16,0.00058141601039096713,9.1374997282400727e-05
2,8,1,5,0,0.23000000000000001,0.31,0.37,0.35224640625000025,0.44850923437500034,0,constant,0,1,0,1,direct,-1.1373190411792276e-13,6.6613381477509392e-16,1.1546319456101628e-14,2.2204460492503131e-16,0.00058141601039096713,9.1374997282400727e-05
2,8,1,5,0,0.23000000000000001,0.31,0.37,0.35224640625000025,0.44850923437500034,0,constant,0,1,0,1,fe_geometry,-1.1373190411792062e-13,6.6613381477509392e-16,1.1546319456101628e-14,2.2204460492503131e-16,0.00058141601039096713,9.1374997282400727e-05
2,8,1,5,0,0.23000000000000001,0.31,0.37,0.35224640625000025,0.44850923437500034,0,constant,2,0,0,2,recursive,-1.8287137361159414e-12,6.6613381477509392e-16,1.1546319456101628e-14,2.2204460492503131e-16,0.00058141601039096713,9.1374997282400727e-05
2,8,1,5,0,0.23000000000000001,0.31,0.37,0.35224640625000025,0.44850923437500034,0,constant,2,0,0,2,direct,1.7891164257209587e-12,6.6613381477509392e-16,1.1546319456101628e-14,2.2204460492503131e-16,0.00058141601039096713,9.1374997282400727e-05
2,8,1,5,0,0.23000000000000001,0.31,0.37,0.35224640625000025,0.44850923437500034,0,constant,2,0,0,2,fe_geometry,1.7891164257209761e-12,6.6613381477509392e-16,1.1546319456101628e-14,2.2204460492503131e-16,0.00058141601039096713,9.1374997282400727e-05
2,8,1,5,0,0.23000000000000001,0.31,0.37,0.35224640625000025,0.44850923437500034,0,constant,1,1,0,2,recursive,4.9675095607192042e-13,6.6613381477509392e-16,1.1546319456101628e-14,2.2204460492503131e-16,0.00058141601039096713,9.1374997282400727e-05
2,8,1,5,0,0.23000000000000001,0.31,0.37,0.35224640625000025,0.44850923437500034,0,constant,1,1,0,2,direct,1.4592563769714958e-12,6.6613381477509392e-16,1.1546319456101628e-14,2.2204460492503131e-16,0.00058141601039096713,9.1374997282400727e-05
2,8,1,5,0,0.23000000000000001,0.31,0.37,0.35224640625000025,0.44850923437500034,0,constant,1,1,0,2,fe_geometry,1.459256376971496e-12,6.6613381477509392e-16,1.1546319456101628e-14,2.2204460492503131e-16,0.00058141601039096713,9.1374997282400727e-05
2,8,1,5,0,0.23000000000000001,0.31,0.37,0.35224640625000025,0.44850923437500034,0,constant,0,2,0,2,recursive,-3.2206610462862491e-13,6.6613381477509392e-16,1.1546319456101628e-14,2.2204460492503131e-16,0.00058141601039096713,9.1374997282400727e-05
2,8,1,5,0,0.23000000000000001,0.31,0.37,0.35224640625000025,0.44850923437500034,0,constant,0,2,0,2,direct,2.1565229365704904e-12,6.6613381477509392e-16,1.1546319456101628e-14,2.2204460492503131e-16,0.00058141601039096713,9.1374997282400727e-05
2,8,1,5,0,0.23000000000000001,0.31,0.37,0.35224640625000025,0.44850923437500034,0,constant,0,2,0,2,fe_geometry,2.1565229365703656e-12,6.6613381477509392e-16,1.1546319456101628e-14,2.2204460492503131e-16,0.00058141601039096713,9.1374997282400727e-05
2,8,1,5,0,0.23000000000000001,0.31,0.37,0.35224640625000025,0.44850923437500034,0,constant,3,0,0,3,recursive,-5.5446688998656096e-12,6.6613381477509392e-16,1.1546319456101628e-14,2.2204460492503131e-16,0.00058141601039096713,9.1374997282400727e-05
2,8,1,5,0,0.23000000000000001,0.31,0.37,0.35224640625000025,0.44850923437500034,0,constant,3,0,0,3,direct,6.2604074399614323e-11,6.6613381477509392e-16,1.1546319456101628e-14,2.2204460492503131e-16,0.00058141601039096713,9.1374997282400727e-05
2,8,1,5,0,0.23000000000000001,0.31,0.37,0.35224640625000025,0.44850923437500034,0,constant,3,0,0,3,fe_geometry,6.2604074399629884e-11,6.6613381477509392e-16,1.1546319456101628e-14,2.2204460492503131e-16,0.00058141601039096713,9.1374997282400727e-05
2,8,1,5,0,0.23000000000000001,0.31,0.37,0.35224640625000025,0.44850923437500034,0,constant,2,1,0,3,recursive,9.0803746653946843e-11,6.6613381477509392e-16,1.1546319456101628e-14,2.2204460492503131e-16,0.00058141601039096713,9.1374997282400727e-05
2,8,1,5,0,0.23000000000000001,0.31,0.37,0.35224640625000025,0.44850923437500034,0,constant,2,1,0,3,direct,6.0703743884764562e-11,6.6613381477509392e-16,1.1546319456101628e-14,2.2204460492503131e-16,0.00058141601039096713,9.1374997282400727e-05
2,8,1,5,0,0.23000000000000001,0.31,0.37,0.35224640625000025,0.44850923437500034,0,constant,2,1,0,3,fe_geometry,6.0703743884769512e-11,6.6613381477509392e-16,1.1546319456101628e-14,2.2204460492503131e-16,0.00058141601039096713,9.1374997282400727e-05
2,8,1,5,0,0.23000000000000001,0.31,0.37,0.35224640625000025,0.44850923437500034,0,constant,1,2,0,3,recursive,6.6766681623776418e-11,6.6613381477509392e-16,1.1546319456101628e-14,2.2204460492503131e-16,0.00058141601039096713,9.1374997282400727e-05
2,8,1,5,0,0.23000000000000001,0.31,0.37,0.35224640625000025,0.44850923437500034,0,constant,1,2,0,3,direct,1.1968274046666281e-10,6.6613381477509392e-16,1.1546319456101628e-14,2.2204460492503131e-16,0.00058141601039096713,9.1374997282400727e-05
2,8,1,5,0,0.23000000000000001,0.31,0.37,0.35224640625000025,0.44850923437500034,0,constant,1,2,0,3,fe_geometry,1.1968274046666245e-10,6.6613381477509392e-16,1.1546319456101628e-14,2.2204460492503131e-16,0.00058141601039096713,9.1374997282400727e-05
2,8,1,5,0,0.23000000000000001,0.31,0.37,0.35224640625000025,0.44850923437500034,0,constant,0,3,0,3,recursive,-2.9044292691618202e-11,6.6613381477509392e-16,1.1546319456101628e-14,2.2204460492503131e-16,0.00058141601039096713,9.1374997282400727e-05
2,8,1,5,0,0.23000000000000001,0.31,0.37,0.35224640625000025,0.44850923437500034,0,constant,0,3,0,3,direct,1.5713837644868229e-10,6.6613381477509392e-16,1.1546319456101628e-14,2.2204460492503131e-16,0.00058141601039096713,9.1374997282400727e-05
2,8,1,5,0,0.23000000000000001,0.31,0.37,0.35224640625000025,0.44850923437500034,0,constant,0,3,0,3,fe_geometry,1.5713837644867009e-10,6.6613381477509392e-16,1.1546319456101628e-14,2.2204460492503131e-16,0.00058141601039096713,9.1374997282400727e-05
2,8,1,5,0,0.23000000000000001,0.31,0.37,0.35224640625000025,0.44850923437500034,0,constant,4,0,0,4,recursive,1.3978541851573616e-08,6.6613381477509392e-16,1.1546319456101628e-14,2.2204460492503131e-16,0.00058141601039096713,9.1374997282400727e-05
2,8,1,5,0,0.23000000000000001,0.31,0.37,0.35224640625000025,0.44850923437500034,0,constant,4,0,0,4,direct,-4.8422685768490668e-09,6.6613381477509392e-16,1.1546319456101628e-14,2.2204460492503131e-16,0.00058141601039096713,9.1374997282400727e-05
2,8,1,5,0,0.23000000000000001,0.31,0.37,0.35224640625000025,0.44850923437500034,0,constant,4,0,0,4,fe_geometry,-4.842268576849798e-09,6.6613381477509392e-16,1.1546319456101628e-14,2.2204460492503131e-16,0.00058141601039096713,9.1374997282400727e-05
2,8,1,5,0,0.23000000000000001,0.31,0.37,0.35224640625000025,0.44850923437500034,0,constant,3,1,0,4,recursive,1.0667003080470679e-09,6.6613381477509392e-16,1.1546319456101628e-14,2.2204460492503131e-16,0.00058141601039096713,9.1374997282400727e-05
2,8,1,5,0,0.23000000000000001,0.31,0.37,0.35224640625000025,0.44850923437500034,0,constant,3,1,0,4,direct,-5.9124565970368068e-09,6.6613381477509392e-16,1.1546319456101628e-14,2.2204460492503131e-16,0.00058141601039096713,9.1374997282400727e-05
2,8,1,5,0,0.23000000000000001,0.31,0.37,0.35224640625000025,0.44850923437500034,0,constant,3,1,0,4,fe_geometry,-5.9124565970365694e-09,6.6613381477509392e-16,1.1546319456101628e-14,2.2204460492503131e-16,0.00058141601039096713,9.1374997282400727e-05
2,8,1,5,0,0.23000000000000001,0.31,0.37,0.35224640625000025,0.44850923437500034,0,constant,2,2,0,4,recursive,-2.7027509286801136e-09,6.6613381477509392e-16,1.1546319456101628e-14,2.2204460492503131e-16,0.00058141601039096713,9.1374997282400727e-05
2,8,1,5,0,0.23000000000000001,0.31,0.37,0.35224640625000025,0.44850923437500034,0,constant,2,2,0,4,direct,1.6578249480896703e-09,6.6613381477509392e-16,1.1546319456101628e-14,2.2204460492503131e-16,0.00058141601039096713,9.1374997282400727e-05
2,8,1,5,0,0.23000000000000001,0.31,0.37,0.35224640625000025,0.44850923437500034,0,constant,2,2,0,4,fe_geometry,1.6578249480899116e-09,6.6613381477509392e-16,1.1546319456101628e-14,2.2204460492503131e-16,0.00058141601039096713,9.1374997282400727e-05
2,8,1,5,0,0.23000000000000001,0.31,0.37,0.35224640625000025,0.44850923437500034,0,constant,1,3,0,4,recursive,-2.7225079371345486e-09,6.6613381477509392e-16,1.1546319456101628e-14,2.2204460492503131e-16,0.00058141601039096713,9.1374997282400727e-05
2,8,1,5,0,0.23000000000000001,0.31,0.37,0.35224640625000025,0.44850923437500034,0,constant,1,3,0,4,direct,-5.5230405169670209e-09,6.6613381477509392e-16,1.1546319456101628e-14,2.2204460492503131e-16,0.00058141601039096713,9.1374997282400727e-05
2,8,1,5,0,0.23000000000000001,0.31,0.37,0.35224640625000025,0.44850923437500034,0,constant,1,3,0,4,fe_geometry,-5.5230405169670821e-09,6.6613381477509392e-16,1.1546319456101628e-14,2.2204460492503131e-16,0.00058141601039096713,9.1374997282400727e-05
2,8,1,5,0,0.23000000000000001,0.31,0.37,0.35224640625000025,0.44850923437500034,0,constant,0,4,0,4,recursive,1.6657191768307197e-09,6.6613381477509392e-16,1.1546319456101628e-14,2.2204460492503131e-16,0.00058141601039096713,9.1374997282400727e-05
2,8,1,5,0,0.23000000000000001,0.31,0.37,0.35224640625000025,0.44850923437500034,0,constant,0,4,0,4,direct,-1.3525302698527495e-08,6.6613381477509392e-16,1.1546319456101628e-14,2.2204460492503131e-16,0.00058141601039096713,9.1374997282400727e-05
2,8,1,5,0,0.23000000000000001,0.31,0.37,0.35224640625000025,0.44850923437500034,0,constant,0,4,0,4,fe_geometry,-1.3525302698526099e-08,6.6613381477509392e-16,1.1546319456101628e-14,2.2204460492503131e-16,0.00058141601039096713,9.1374997282400727e-05
2,8,1,5,0,0.23000000000000001,0.31,0.37,0.35224640625000025,0.44850923437500034,0,constant,5,0,0,5,recursive,-8.2077562878242333e-07,6.6613381477509392e-16,1.1546319456101628e-14,2.2204460492503131e-16,0.00058141601039096713,9.1374997282400727e-05
2,8,1,5,0,0.23000000000000001,0.31,0.37,0.35224640625000025,0.44850923437500034,0,constant,5,0,0,5,direct,7.8709865630160201e-08,6.6613381477509392e-16,1.1546319456101628e-14,2.2204460492503131e-16,0.00058141601039096713,9.1374997282400727e-05
2,8,1,5,0,0.23000000000000001,0.31,0.37,0.35224640625000025,0.44850923437500034,0,constant,5,0,0,5,fe_geometry,7.8709865630094133e-08,6.6613381477509392e-16,1.1546319456101628e-14,2.2204460492503131e-16,0.00058141601039096713,9.1374997282400727e-05
2,8,1,5,0,0.23000000000000001,0.31,0.37,0.35224640625000025,0.44850923437500034,0,constant,4,1,0,5,recursive,-6.8856523324303487e-07,6.6613381477509392e-16,1.1546319456101628e-14,2.2204460492503131e-16,0.00058141601039096713,9.1374997282400727e-05
2,8,1,5,0,0.23000000000000001,0.31,0.37,0.35224640625000025,0.44850923437500034,0,constant,4,1,0,5,direct,2.4238179281090537e-07,6.6613381477509392e-16,1.1546319456101628e-14,2.2204460492503131e-16,0.00058141601039096713,9.1374997282400727e-05
2,8,1,5,0,0.23000000000000001,0.31,0.37,0.35224640625000025,0.44850923437500034,0,constant,4,1,0,5,fe_geometry,2.4238179281086709e-07,6.6613381477509392e-16,1.1546319456101628e-14,2.2204460492503131e-16,0.00058141601039096713,9.1374997282400727e-05
2,8,1,5,0,0.23000000000000001,0.31,0.37,0.35224640625000025,0.44850923437500034,0,constant,3,2,0,5,recursive,-1.5254504083879884e-07,6.6613381477509392e-16,1.1546319456101628e-14,2.2204460492503131e-16,0.00058141601039096713,9.1374997282400727e-05
2,8,1,5,0,0.23000000000000001,0.31,0.37,0.35224640625000025,0.44850923437500034,0,constant,3,2,0,5,direct,-2.0478714574188158e-07,6.6613381477509392e-16,1.1546319456101628e-14,2.2204460492503131e-16,0.00058141601039096713,9.1374997282400727e-05
2,8,1,5,0,0.23000000000000001,0.31,0.37,0.35224640625000025,0.44850923437500034,0,constant,3,2,0,5,fe_geometry,-2.0478714574191657e-07,6.6613381477509392e-16,1.1546319456101628e-14,2.2204460492503131e-16,0.00058141601039096713,9.1374997282400727e-05
2,8,1,5,0,0.23000000000000001,0.31,0.37,0.35224640625000025,0.44850923437500034,0,constant,2,3,0,5,recursive,-2.2091680343425361e-07,6.6613381477509392e-16,1.1546319456101628e-14,2.2204460492503131e-16,0.00058141601039096713,9.1374997282400727e-05
2,8,1,5,0,0.23000000000000001,0.31,0.37,0.35224640625000025,0.44850923437500034,0,constant,2,3,0,5,direct,-1.1245841787105328e-07,6.6613381477509392e-16,1.1546319456101628e-14,2.2204460492503131e-16,0.00058141601039096713,9.1374997282400727e-05
2,8,1,5,0,0.23000000000000001,0.31,0.37,0.35224640625000025,0.44850923437500034,0,constant,2,3,0,5,fe_geometry,-1.1245841787106211e-07,6.6613381477509392e-16,1.1546319456101628e-14,2.2204460492503131e-16,0.00058141601039096713,9.1374997282400727e-05
2,8,1,5,0,0.23000000000000001,0.31,0.37,0.35224640625000025,0.44850923437500034,0,constant,1,4,0,5,recursive,-1.6223305405869462e-07,6.6613381477509392e-16,1.1546319456101628e-14,2.2204460492503131e-16,0.00058141601039096713,9.1374997282400727e-05
2,8,1,5,0,0.23000000000000001,0.31,0.37,0.35224640625000025,0.44850923437500034,0,constant,1,4,0,5,direct,-2.7701707311278535e-07,6.6613381477509392e-16,1.1546319456101628e-14,2.2204460492503131e-16,0.00058141601039096713,9.1374997282400727e-05
2,8,1,5,0,0.23000000000000001,0.31,0.37,0.35224640625000025,0.44850923437500034,0,constant,1,4,0,5,fe_geometry,-2.7701707311276491e-07,6.6613381477509392e-16,1.1546319456101628e-14,2.2204460492503131e-16,0.00058141601039096713,9.1374997282400727e-05
2,8,1,5,0,0.23000000000000001,0.31,0.37,0.35224640625000025,0.44850923437500034,0,constant,0,5,0,5,recursive,8.650800488800913e-08,6.6613381477509392e-16,1.1546319456101628e-14,2.2204460492503131e-16,0.00058141601039096713,9.1374997282400727e-05
2,8,1,5,0,0.23000000000000001,0.31,0.37,0.35224640625000025,0.44850923437500034,0,constant,0,5,0,5,direct,3.5398576793936717e-07,6.6613381477509392e-16,1.1546319456101628e-14,2.2204460492503131e-16,0.00058141601039096713,9.1374997282400727e-05
2,8,1,5,0,0.23000000000000001,0.31,0.37,0.35224640625000025,0.44850923437500034,0,constant,0,5,0,5,fe_geometry,3.5398576793935716e-07,6.6613381477509392e-16,1.1546319456101628e-14,2.2204460492503131e-16,0.00058141601039096713,9.1374997282400727e-05
2,8,1,5,0,0.23000000000000001,0.31,0.37,0.35224640625000025,0.44850923437500034,0,quintic,1,0,0,1,recursive,0.047971855629667409,1.7347234759768071e-18,1.1546319456101628e-14,2.2204460492503131e-16,0.00058141601039096713,0.00053391698747873306
2,8,1,5,0,0.23000000000000001,0.31,0.37,0.35224640625000025,0.44850923437500034,0,quintic,1,0,0,1,direct,0.04797186849724961,1.7347234759768071e-18,1.1546319456101628e-14,2.2204460492503131e-16,0.00058141601039096713,0.00053391698747873306
2,8,1,5,0,0.23000000000000001,0.31,0.37,0.35224640625000025,0.44850923437500034,0,quintic,1,0,0,1,fe_geometry,0.047971868497251664,1.7347234759768071e-18,1.1546319456101628e-14,2.2204460492503131e-16,0.00058141601039096713,0.00053391698747873306
2,8,1,5,0,0.23000000000000001,0.31,0.37,0.35224640625000025,0.44850923437500034,0,quintic,0,1,0,1,recursive,0.087468611802849469,1.7347234759768071e-18,1.1546319456101628e-14,2.2204460492503131e-16,0.00058141601039096713,0.00053391698747873306
2,8,1,5,0,0.23000000000000001,0.31,0.37,0.35224640625000025,0.44850923437500034,0,quintic,0,1,0,1,direct,0.087468622503576704,1.7347234759768071e-18,1.1546319456101628e-14,2.2204460492503131e-16,0.00058141601039096713,0.00053391698747873306
2,8,1,5,0,0.23000000000000001,0.31,0.37,0.35224640625000025,0.44850923437500034,0,quintic,0,1,0,1,fe_geometry,0.087468622503574622,1.7347234759768071e-18,1.1546319456101628e-14,2.2204460492503131e-16,0.00058141601039096713,0.00053391698747873306
2,8,1,5,0,0.23000000000000001,0.31,0.37,0.35224640625000025,0.44850923437500034,0,quintic,2,0,0,2,recursive,0.28158499813073207,1.7347234759768071e-18,1.1546319456101628e-14,2.2204460492503131e-16,0.00058141601039096713,0.00053391698747873306
2,8,1,5,0,0.23000000000000001,0.31,0.37,0.35224640625000025,0.44850923437500034,0,quintic,2,0,0,2,direct,0.28158582280632144,1.7347234759768071e-18,1.1546319456101628e-14,2.2204460492503131e-16,0.00058141601039096713,0.00053391698747873306
2,8,1,5,0,0.23000000000000001,0.31,0.37,0.35224640625000025,0.44850923437500034,0,quintic,2,0,0,2,fe_geometry,0.28158582280640837,1.7347234759768071e-18,1.1546319456101628e-14,2.2204460492503131e-16,0.00058141601039096713,0.00053391698747873306
2,8,1,5,0,0.23000000000000001,0.31,0.37,0.35224640625000025,0.44850923437500034,0,quintic,1,1,0,2,recursive,0.19399121155286864,1.7347234759768071e-18,1.1546319456101628e-14,2.2204460492503131e-16,0.00058141601039096713,0.00053391698747873306
2,8,1,5,0,0.23000000000000001,0.31,0.37,0.35224640625000025,0.44850923437500034,0,quintic,1,1,0,2,direct,0.19399121359410285,1.7347234759768071e-18,1.1546319456101628e-14,2.2204460492503131e-16,0.00058141601039096713,0.00053391698747873306
2,8,1,5,0,0.23000000000000001,0.31,0.37,0.35224640625000025,0.44850923437500034,0,quintic,1,1,0,2,fe_geometry,0.19399121359411187,1.7347234759768071e-18,1.1546319456101628e-14,2.2204460492503131e-16,0.00058141601039096713,0.00053391698747873306
2,8,1,5,0,0.23000000000000001,0.31,0.37,0.35224640625000025,0.44850923437500034,0,quintic,0,2,0,2,recursive,0.72169967846511018,1.7347234759768071e-18,1.1546319456101628e-14,2.2204460492503131e-16,0.00058141601039096713,0.00053391698747873306
2,8,1,5,0,0.23000000000000001,0.31,0.37,0.35224640625000025,0.44850923437500034,0,quintic,0,2,0,2,direct,0.72169903454973883,1.7347234759768071e-18,1.1546319456101628e-14,2.2204460492503131e-16,0.00058141601039096713,0.00053391698747873306
2,8,1,5,0,0.23000000000000001,0.31,0.37,0.35224640625000025,0.44850923437500034,0,quintic,0,2,0,2,fe_geometry,0.72169903454972673,1.7347234759768071e-18,1.1546319456101628e-14,2.2204460492503131e-16,0.00058141601039096713,0.00053391698747873306
2,8,1,5,0,0.23000000000000001,0.31,0.37,0.35224640625000025,0.44850923437500034,0,quintic,3,0,0,3,recursive,1.8166328974067441,1.7347234759768071e-18,1.1546319456101628e-14,2.2204460492503131e-16,0.00058141601039096713,0.00053391698747873306
2,8,1,5,0,0.23000000000000001,0.31,0.37,0.35224640625000025,0.44850923437500034,0,quintic,3,0,0,3,direct,1.8165269403973587,1.7347234759768071e-18,1.1546319456101628e-14,2.2204460492503131e-16,0.00058141601039096713,0.00053391698747873306
2,8,1,5,0,0.23000000000000001,0.31,0.37,0.35224640625000025,0.44850923437500034,0,quintic,3,0,0,3,fe_geometry,1.8165269403938025,1.7347234759768071e-18,1.1546319456101628e-14,2.2204460492503131e-16,0.00058141601039096713,0.00053391698747873306
2,8,1,5,0,0.23000000000000001,0.31,0.37,0.35224640625000025,0.44850923437500034,0,quintic,2,1,0,3,recursive,0.75730183524388972,1.7347234759768071e-18,1.1546319456101628e-14,2.2204460492503131e-16,0.00058141601039096713,0.00053391698747873306
2,8,1,5,0,0.23000000000000001,0.31,0.37,0.35224640625000025,0.44850923437500034,0,quintic,2,1,0,3,direct,0.75730194655227712,1.7347234759768071e-18,1.1546319456101628e-14,2.2204460492503131e-16,0.00058141601039096713,0.00053391698747873306
2,8,1,5,0,0.23000000000000001,0.31,0.37,0.35224640625000025,0.44850923437500034,0,quintic,2,1,0,3,fe_geometry,0.75730194655341343,1.7347234759768071e-18,1.1546319456101628e-14,2.2204460492503131e-16,0.00058141601039096713,0.00053391698747873306
2,8,1,5,0,0.23000000000000001,0.31,0.37,0.35224640625000025,0.44850923437500034,0,quintic,1,2,0,3,recursive,0.63628716972226307,1.7347234759768071e-18,1.1546319456101628e-14,2.2204460492503131e-16,0.00058141601039096713,0.00053391698747873306
2,8,1,5,0,0.23000000000000001,0.31,0.37,0.35224640625000025,0.44850923437500034,0,quintic,1,2,0,3,direct,0.63628715200371311,1.7347234759768071e-18,1.1546319456101628e-14,2.2204460492503131e-16,0.00058141601039096713,0.00053391698747873306
2,8,1,5,0,0.23000000000000001,0.31,0.37,0.35224640625000025,0.44850923437500034,0,quintic,1,2,0,3,fe_geometry,0.63628715200353192,1.7347234759768071e-18,1.1546319456101628e-14,2.2204460492503131e-16,0.00058141601039096713,0.00053391698747873306
2,8,1,5,0,0.23000000000000001,0.31,0.37,0.35224640625000025,0.44850923437500034,0,quintic,0,3,0,3,recursive,6.0159163840483956,1.7347234759768071e-18,1.1546319456101628e-14,2.2204460492503131e-16,0.00058141601039096713,0.00053391698747873306
2,8,1,5,0,0.23000000000000001,0.31,0.37,0.35224640625000025,0.44850923437500034,0,quintic,0,3,0,3,direct,6.0158179468664699,1.7347234759768071e-18,1.1546319456101628e-14,2.2204460492503131e-16,0.00058141601039096713,0.00053391698747873306
2,8,1,5,0,0.23000000000000001,0.31,0.37,0.35224640625000025,0.44850923437500034,0,quintic,0,3,0,3,fe_geometry,6.0158179468669353,1.7347234759768071e-18,1.1546319456101628e-14,2.2204460492503131e-16,0.00058141601039096713,0.00053391698747873306
2,8,1,5,0,0.23000000000000001,0.31,0.37,0.35224640625000025,0.44850923437500034,0,quintic,4,0,0,4,recursive,15.135418895986041,1.7347234759768071e-18,1.1546319456101628e-14,2.2204460492503131e-16,0.00058141601039096713,0.00053391698747873306
2,8,1,5,0,0.23000000000000001,0.31,0.37,0.35224640625000025,0.44850923437500034,0,quintic,4,0,0,4,direct,15.132715682764974,1.7347234759768071e-18,1.1546319456101628e-14,2.2204460492503131e-16,0.00058141601039096713,0.00053391698747873306
2,8,1,5,0,0.23000000000000001,0.31,0.37,0.35224640625000025,0.44850923437500034,0,quintic,4,0,0,4,fe_geometry,15.132715682764983,1.7347234759768071e-18,1.1546319456101628e-14,2.2204460492503131e-16,0.00058141601039096713,0.00053391698747873306
2,8,1,5,0,0.23000000000000001,0.31,0.37,0.35224640625000025,0.44850923437500034,0,quintic,3,1,0,4,recursive,1.6707866114617265,1.7347234759768071e-18,1.1546319456101628e-14,2.2204460492503131e-16,0.00058141601039096713,0.00053391698747873306
2,8,1,5,0,0.23000000000000001,0.31,0.37,0.35224640625000025,0.44850923437500034,0,quintic,3,1,0,4,direct,1.6707734218487489,1.7347234759768071e-18,1.1546319456101628e-14,2.2204460492503131e-16,0.00058141601039096713,0.00053391698747873306
2,8,1,5,0,0.23000000000000001,0.31,0.37,0.35224640625000025,0.44850923437500034,0,quintic,3,1,0,4,fe_geometry,1.6707734217879464,1.7347234759768071e-18,1.1546319456101628e-14,2.2204460492503131e-16,0.00058141601039096713,0.00053391698747873306
2,8,1,5,0,0.23000000000000001,0.31,0.37,0.35224640625000025,0.44850923437500034,0,quintic,2,2,0,4,recursive,2.483934388163306,1.7347234759768071e-18,1.1546319456101628e-14,2.2204460492503131e-16,0.00058141601039096713,0.00053391698747873306
2,8,1,5,0,0.23000000000000001,0.31,0.37,0.35224640625000025,0.44850923437500034,0,quintic,2,2,0,4,direct,2.4839346579339052,1.7347234759768071e-18,1.1546319456101628e-14,2.2204460492503131e-16,0.00058141601039096713,0.00053391698747873306
2,8,1,5,0,0.23000000000000001,0.31,0.37,0.35224640625000025,0.44850923437500034,0,quintic,2,2,0,4,fe_geometry,2.483934657932577,1.7347234759768071e-18,1.1546319456101628e-14,2.2204460492503131e-16,0.00058141601039096713,0.00053391698747873306
2,8,1,5,0,0.23000000000000001,0.31,0.37,0.35224640625000025,0.44850923437500034,0,quintic,1,3,0,4,recursive,1.3949729263093327,1.7347234759768071e-18,1.1546319456101628e-14,2.2204460492503131e-16,0.00058141601039096713,0.00053391698747873306
2,8,1,5,0,0.23000000000000001,0.31,0.37,0.35224640625000025,0.44850923437500034,0,quintic,1,3,0,4,direct,1.3949691842512413,1.7347234759768071e-18,1.1546319456101628e-14,2.2204460492503131e-16,0.00058141601039096713,0.00053391698747873306
2,8,1,5,0,0.23000000000000001,0.31,0.37,0.35224640625000025,0.44850923437500034,0,quintic,1,3,0,4,fe_geometry,1.3949691842389975,1.7347234759768071e-18,1.1546319456101628e-14,2.2204460492503131e-16,0.00058141601039096713,0.00053391698747873306
2,8,1,5,0,0.23000000000000001,0.31,0.37,0.35224640625000025,0.44850923437500034,0,quintic,0,4,0,4,recursive,47.817945687193713,1.7347234759768071e-18,1.1546319456101628e-14,2.2204460492503131e-16,0.00058141601039096713,0.00053391698747873306
2,8,1,5,0,0.23000000000000001,0.31,0.37,0.35224640625000025,0.44850923437500034,0,quintic,0,4,0,4,direct,47.825568992052069,1.7347234759768071e-18,1.1546319456101628e-14,2.2204460492503131e-16,0.00058141601039096713,0.00053391698747873306
2,8,1,5,0,0.23000000000000001,0.31,0.37,0.35224640625000025,0.44850923437500034,0,quintic,0,4,0,4,fe_geometry,47.82556899208894,1.7347234759768071e-18,1.1546319456101628e-14,2.2204460492503131e-16,0.00058141601039096713,0.00053391698747873306
2,8,1,5,0,0.23000000000000001,0.31,0.37,0.35224640625000025,0.44850923437500034,0,quintic,5,0,0,5,recursive,119.73356983803771,1.7347234759768071e-18,1.1546319456101628e-14,2.2204460492503131e-16,0.00058141601039096713,0.00053391698747873306
2,8,1,5,0,0.23000000000000001,0.31,0.37,0.35224640625000025,0.44850923437500034,0,quintic,5,0,0,5,direct,120.54887623444779,1.7347234759768071e-18,1.1546319456101628e-14,2.2204460492503131e-16,0.00058141601039096713,0.00053391698747873306
2,8,1,5,0,0.23000000000000001,0.31,0.37,0.35224640625000025,0.44850923437500034,0,quintic,5,0,0,5,fe_geometry,120.5488762349795,1.7347234759768071e-18,1.1546319456101628e-14,2.2204460492503131e-16,0.00058141601039096713,0.00053391698747873306
2,8,1,5,0,0.23000000000000001,0.31,0.37,0.35224640625000025,0.44850923437500034,0,quintic,4,1,0,5,recursive,6.1438667962933025,1.7347234759768071e-18,1.1546319456101628e-14,2.2204460492503131e-16,0.00058141601039096713,0.00053391698747873306
2,8,1,5,0,0.23000000000000001,0.31,0.37,0.35224640625000025,0.44850923437500034,0,quintic,4,1,0,5,direct,6.1434848670736706,1.7347234759768071e-18,1.1546319456101628e-14,2.2204460492503131e-16,0.00058141601039096713,0.00053391698747873306
2,8,1,5,0,0.23000000000000001,0.31,0.37,0.35224640625000025,0.44850923437500034,0,quintic,4,1,0,5,fe_geometry,6.1434848674891747,1.7347234759768071e-18,1.1546319456101628e-14,2.2204460492503131e-16,0.00058141601039096713,0.00053391698747873306
2,8,1,5,0,0.23000000000000001,0.31,0.37,0.35224640625000025,0.44850923437500034,0,quintic,3,2,0,5,recursive,5.4801455967002948,1.7347234759768071e-18,1.1546319456101628e-14,2.2204460492503131e-16,0.00058141601039096713,0.00053391698747873306
2,8,1,5,0,0.23000000000000001,0.31,0.37,0.35224640625000025,0.44850923437500034,0,quintic,3,2,0,5,direct,5.4801021228366462,1.7347234759768071e-18,1.1546319456101628e-14,2.2204460492503131e-16,0.00058141601039096713,0.00053391698747873306
2,8,1,5,0,0.23000000000000001,0.31,0.37,0.35224640625000025,0.44850923437500034,0,quintic,3,2,0,5,fe_geometry,5.4801021230129461,1.7347234759768071e-18,1.1546319456101628e-14,2.2204460492503131e-16,0.00058141601039096713,0.00053391698747873306
2,8,1,5,0,0.23000000000000001,0.31,0.37,0.35224640625000025,0.44850923437500034,0,quintic,2,3,0,5,recursive,5.4456877097397731,1.7347234759768071e-18,1.1546319456101628e-14,2.2204460492503131e-16,0.00058141601039096713,0.00053391698747873306
2,8,1,5,0,0.23000000000000001,0.31,0.37,0.35224640625000025,0.44850923437500034,0,quintic,2,3,0,5,direct,5.4456738460134249,1.7347234759768071e-18,1.1546319456101628e-14,2.2204460492503131e-16,0.00058141601039096713,0.00053391698747873306
2,8,1,5,0,0.23000000000000001,0.31,0.37,0.35224640625000025,0.44850923437500034,0,quintic,2,3,0,5,fe_geometry,5.4456738446670947,1.7347234759768071e-18,1.1546319456101628e-14,2.2204460492503131e-16,0.00058141601039096713,0.00053391698747873306
2,8,1,5,0,0.23000000000000001,0.31,0.37,0.35224640625000025,0.44850923437500034,0,quintic,1,4,0,5,recursive,5.0968434360716346,1.7347234759768071e-18,1.1546319456101628e-14,2.2204460492503131e-16,0.00058141601039096713,0.00053391698747873306
2,8,1,5,0,0.23000000000000001,0.31,0.37,0.35224640625000025,0.44850923437500034,0,quintic,1,4,0,5,direct,5.0971195841401133,1.7347234759768071e-18,1.1546319456101628e-14,2.2204460492503131e-16,0.00058141601039096713,0.00053391698747873306
2,8,1,5,0,0.23000000000000001,0.31,0.37,0.35224640625000025,0.44850923437500034,0,quintic,1,4,0,5,fe_geometry,5.0971195844628907,1.7347234759768071e-18,1.1546319456101628e-14,2.2204460492503131e-16,0.00058141601039096713,0.00053391698747873306
2,8,1,5,0,0.23000000000000001,0.31,0.37,0.35224640625000025,0.44850923437500034,0,quintic,0,5,0,5,recursive,358.39934000644257,1.7347234759768071e-18,1.1546319456101628e-14,2.2204460492503131e-16,0.00058141601039096713,0.00053391698747873306
2,8,1,5,0,0.23000000000000001,0.31,0.37,0.35224640625000025,0.44850923437500034,0,quintic,0,5,0,5,direct,358.9339356195407,1.7347234759768071e-18,1.1546319456101628e-14,2.2204460492503131e-16,0.00058141601039096713,0.00053391698747873306
2,8,1,5,0,0.23000000000000001,0.31,0.37,0.35224640625000025,0.44850923437500034,0,quintic,0,5,0,5,fe_geometry,358.93393562069502,1.7347234759768071e-18,1.1546319456101628e-14,2.2204460492503131e-16,0.00058141601039096713,0.00053391698747873306
2,8,1,5,1,0.60999999999999999,0.46999999999999997,0.53000000000000003,0.4162051562500001,0.47147373437500006,0,constant,1,0,0,1,recursive,2.0020268300301119e-14,3.3306690738754696e-16,8.8817841970012523e-15,2.2204460492503131e-16,0.00058141601039096713,7.7165983384475112e-05
2,8,1,5,1,0.60999999999999999,0.46999999999999997,0.53000000000000003,0.4162051562500001,0.47147373437500006,0,constant,1,0,0,1,direct,9.6548186545017033e-14,3.3306690738754696e-16,8.8817841970012523e-15,2.2204460492503131e-16,0.00058141601039096713,7.7165983384475112e-05
2,8,1,5,1,0.60999999999999999,0.46999999999999997,0.53000000000000003,0.4162051562500001,0.47147373437500006,0,constant,1,0,0,1,fe_geometry,9.6548186545017311e-14,3.3306690738754696e-16,8.8817841970012523e-15,2.2204460492503131e-16,0.00058141601039096713,7.7165983384475112e-05
2,8,1,5,1,0.60999999999999999,0.46999999999999997,0.53000000000000003,0.4162051562500001,0.47147373437500006,0,constant,0,1,0,1,recursive,-3.8403970459060332e-15,3.3306690738754696e-16,8.8817841970012523e-15,2.2204460492503131e-16,0.00058141601039096713,7.7165983384475112e-05
2,8,1,5,1,0.60999999999999999,0.46999999999999997,0.53000000000000003,0.4162051562500001,0.47147373437500006,0,constant,0,1,0,1,direct,1.1851507376644307e-13,3.3306690738754696e-16,8.8817841970012523e-15,2.2204460492503131e-16,0.00058141601039096713,7.7165983384475112e-05
2,8,1,5,1,0.60999999999999999,0.46999999999999997,0.53000000000000003,0.4162051562500001,0.47147373437500006,0,constant,0,1,0,1,fe_geometry,1.1851507376644045e-13,3.3306690738754696e-16,8.8817841970012523e-15,2.2204460492503131e-16,0.00058141601039096713,7.7165983384475112e-05
2,8,1,5,1,0.60999999999999999,0.46999999999999997,0.53000000000000003,0.4162051562500001,0.47147373437500006,0,constant,2,0,0,2,recursive,3.5692670774741612e-13,3.3306690738754696e-16,8.8817841970012523e-15,2.2204460492503131e-16,0.00058141601039096713,7.7165983384475112e-05
2,8,1,5,1,0.60999999999999999,0.46999999999999997,0.53000000000000003,0.4162051562500001,0.47147373437500006,0,constant,2,0,0,2,direct,-5.3459982545932663e-13,3.3306690738754696e-16,8.8817841970012523e-15,2.2204460492503131e-16,0.00058141601039096713,7.7165983384475112e-05
2,8,1,5,1,0.60999999999999999,0.46999999999999997,0.53000000000000003,0.4162051562500001,0.47147373437500006,0,constant,2,0,0,2,fe_geometry,-5.3459982545946164e-13,3.3306690738754696e-16,8.8817841970012523e-15,2.2204460492503131e-16,0.00058141601039096713,7.7165983384475112e-05
2,8,1,5,1,0.60999999999999999,0.46999999999999997,0.53000000000000003,0.4162051562500001,0.47147373437500006,0,constant,1,1,0,2,recursive,-1.4576607657963181e-13,3.3306690738754696e-16,8.8817841970012523e-15,2.2204460492503131e-16,0.00058141601039096713,7.7165983384475112e-05
2,8,1,5,1,0.60999999999999999,0.46999999999999997,0.53000000000000003,0.4162051562500001,0.47147373437500006,0,constant,1,1,0,2,direct,1.9227714604474373e-12,3.3306690738754696e-16,8.8817841970012523e-15,2.2204460492503131e-16,0.00058141601039096713,7.7165983384475112e-05
2,8,1,5,1,0.60999999999999999,0.46999999999999997,0.53000000000000003,0.4162051562500001,0.47147373437500006,0,constant,1,1,0,2,fe_geometry,1.9227714604474296e-12,3.3306690738754696e-16,8.8817841970012523e-15,2.2204460492503131e-16,0.00058141601039096713,7.7165983384475112e-05
2,8,1,5,1,0.60999999999999999,0.46999999999999997,0.53000000000000003,0.4162051562500001,0.47147373437500006,0,constant,0,2,0,2,recursive,-2.6477061325629051e-13,3.3306690738754696e-16,8.8817841970012523e-15,2.2204460492503131e-16,0.00058141601039096713,7.7165983384475112e-05
2,8,1,5,1,0.60999999999999999,0.46999999999999997,0.53000000000000003,0.4162051562500001,0.47147373437500006,0,constant,0,2,0,2,direct,2.1566721205596811e-12,3.3306690738754696e-16,8.8817841970012523e-15,2.2204460492503131e-16,0.00058141601039096713,7.7165983384475112e-05
2,8,1,5,1,0.60999999999999999,0.46999999999999997,0.53000000000000003,0.4162051562500001,0.47147373437500006,0,constant,0,2,0,2,fe_geometry,2.1566721205596003e-12,3.3306690738754696e-16,8.8817841970012523e-15,2.2204460492503131e-16,0.00058141601039096713,7.7165983384475112e-05
2,8,1,5,1,0.60999999999999999,0.46999999999999997,0.53000000000000003,0.4162051562500001,0.47147373437500006,0,constant,3,0,0,3,recursive,-3.5888579480437142e-11,3.3306690738754696e-16,8.8817841970012523e-15,2.2204460492503131e-16,0.00058141601039096713,7.7165983384475112e-05
2,8,1,5,1,0.60999999999999999,0.46999999999999997,0.53000000000000003,0.4162051562500001,0.47147373437500006,0,constant,3,0,0,3,direct,-5.3080423886237694e-11,3.3306690738754696e-16,8.8817841970012523e-15,2.2204460492503131e-16,0.00058141601039096713,7.7165983384475112e-05
2,8,1,5,1,0.60999999999999999,0.46999999999999997,0.53000000000000003,0.4162051562500001,0.47147373437500006,0,constant,3,0,0,3,fe_geometry,-5.3080423886240705e-11,3.3306690738754696e-16,8.8817841970012523e-15,2.2204460492503131e-16,0.00058141601039096713,7.7165983384475112e-05
2,8,1,5,1,0.60999999999999999,0.46999999999999997,0.53000000000000003,0.4162051562500001,0.47147373437500006,0,constant,2,1,0,3,recursive,-1.4873711080683675e-11,3.3306690738754696e-16,8.8817841970012523e-15,2.2204460492503131e-16,0.00058141601039096713,7.7165983384475112e-05
2,8,1,5,1,0.60999999999999999,0.46999999999999997,0.53000000000000003,0.4162051562500001,0.47147373437500006,0,constant,2,1,0,3,direct,-3.5753302232023541e-11,3.3306690738754696e-16,8.8817841970012523e-15,2.2204460492503131e-16,0.00058141601039096713,7.7165983384475112e-05
2,8,1,5,1,0.60999999999999999,0.46999999999999997,0.53000000000000003,0.4162051562500001,0.47147373437500006,0,constant,2,1,0,3,fe_geometry,-3.5753302232024697e-11,3.3306690738754696e-16,8.8817841970012523e-15,2.2204460492503131e-16,0.00058141601039096713,7.7165983384475112e-05
2,8,1,5,1,0.60999999999999999,0.46999999999999997,0.53000000000000003,0.4162051562500001,0.47147373437500006,0,constant,1,2,0,3,recursive,3.2696132430206165e-11,3.3306690738754696e-16,8.8817841970012523e-15,2.2204460492503131e-16,0.00058141601039096713,7.7165983384475112e-05
2,8,1,5,1,0.60999999999999999,0.46999999999999997,0.53000000000000003,0.4162051562500001,0.47147373437500006,0,constant,1,2,0,3,direct,2.9548979184517172e-11,3.3306690738754696e-16,8.8817841970012523e-15,2.2204460492503131e-16,0.00058141601039096713,7.7165983384475112e-05
2,8,1,5,1,0.60999999999999999,0.46999999999999997,0.53000000000000003,0.4162051562500001,0.47147373437500006,0,constant,1,2,0,3,fe_geometry,2.954897918451756e-11,3.3306690738754696e-16,8.8817841970012523e-15,2.2204460492503131e-16,0.00058141601039096713,7.7165983384475112e-05
2,8,1,5,1,0.60999999999999999,0.46999999999999997,0.53000000000000003,0.4162051562500001,0.47147373437500006,0,constant,0,3,0,3,recursive,-2.2955878827612736e-11,3.3306690738754696e-16,8.8817841970012523e-15,2.2204460492503131e-16,0.00058141601039096713,7.7165983384475112e-05
2,8,1,5,1,0.60999999999999999,0.46999999999999997,0.53000000000000003,0.4162051562500001,0.47147373437500006,0,constant,0,3,0,3,direct,-4.2498391522170682e-10,3.3306690738754696e-16,8.8817841970012523e-15,2.2204460492503131e-16,0.00058141601039096713,7.7165983384475112e-05
2,8,1,5,1,0.60999999999999999,0.46999999999999997,0.53000000000000003,0.4162051562500001,0.47147373437500006,0,constant,0,3,0,3,fe_geometry,-4.2498391522168956e-10,3.3306690738754696e-16,8.8817841970012523e-15,2.2204460492503131e-16,0.00058141601039096713,7.7165983384475112e-05
2,8,1,5,1,0.60999999999999999,0.46999999999999997,0.53000000000000003,0.4162051562500001,0.47147373437500006,0,constant,4,0,0,4,recursive,-1.5777137707552343e-09,3.3306690738754696e-16,8.8817841970012523e-15,2.2204460492503131e-16,0.00058141601039096713,7.7165983384475112e-05
2,8,1,5,1,0.60999999999999999,0.46999999999999997,0.53000000000000003,0.4162051562500001,0.47147373437500006,0,constant,4,0,0,4,direct,-5.573799348860441e-10,3.3306690738754696e-16,8.8817841970012523e-15,2.2204460492503131e-16,0.00058141601039096713,7.7165983384475112e-05
2,8,1,5,1,0.60999999999999999,0.46999999999999997,0.53000000000000003,0.4162051562500001,0.47147373437500006,0,constant,4,0,0,4,fe_geometry,-5.5737993488555058e-10,3.3306690738754696e-16,8.8817841970012523e-15,2.2204460492503131e-16,0.00058141601039096713,7.7165983384475112e-05
2,8,1,5,1,0.60999999999999999,0.46999999999999997,0.53000000000000003,0.4162051562500001,0.47147373437500006,0,constant,3,1,0,4,recursive,6.503926840674088e-10,3.3306690738754696e-16,8.8817841970012523e-15,2.2204460492503131e-16,0.00058141601039096713,7.7165983384475112e-05
2,8,1,5,1,0.60999999999999999,0.46999999999999997,0.53000000000000003,0.4162051562500001,0.47147373437500006,0,constant,3,1,0,4,direct,-1.660195778420269e-09,3.3306690738754696e-16,8.8817841970012523e-15,2.2204460492503131e-16,0.00058141601039096713,7.7165983384475112e-05
2,8,1,5,1,0.60999999999999999,0.46999999999999997,0.53000000000000003,0.4162051562500001,0.47147373437500006,0,constant,3,1,0,4,fe_geometry,-1.6601957784202314e-09,3.3306690738754696e-16,8.8817841970012523e-15,2.2204460492503131e-16,0.00058141601039096713,7.7165983384475112e-05
2,8,1,5,1,0.60999999999999999,0.46999999999999997,0.53000000000000003,0.4162051562500001,0.47147373437500006,0,constant,2,2,0,4,recursive,1.5414174350034647e-09,3.3306690738754696e-16,8.8817841970012523e-15,2.2204460492503131e-16,0.00058141601039096713,7.7165983384475112e-05
2,8,1,5,1,0.60999999999999999,0.46999999999999997,0.53000000000000003,0.4162051562500001,0.47147373437500006,0,constant,2,2,0,4,direct,2.7780150139298029e-10,3.3306690738754696e-16,8.8817841970012523e-15,2.2204460492503131e-16,0.00058141601039096713,7.7165983384475112e-05
2,8,1,5,1,0.60999999999999999,0.46999999999999997,0.53000000000000003,0.4162051562500001,0.47147373437500006,0,constant,2,2,0,4,fe_geometry,2.7780150139330181e-10,3.3306690738754696e-16,8.8817841970012523e-15,2.2204460492503131e-16,0.00058141601039096713,7.7165983384475112e-05
2,8,1,5,1,0.60999999999999999,0.46999999999999997,0.53000000000000003,0.4162051562500001,0.47147373437500006,0,constant,1,3,0,4,recursive,4.0095270211692856e-10,3.3306690738754696e-16,8.8817841970012523e-15,2.2204460492503131e-16,0.00058141601039096713,7.7165983384475112e-05
2,8,1,5,1,0.60999999999999999,0.46999999999999997,0.53000000000000003,0.4162051562500001,0.47147373437500006,0,constant,1,3,0,4,direct,-1.7964505680503338e-09,3.3306690738754696e-16,8.8817841970012523e-15,2.2204460492503131e-16,0.00058141601039096713,7.7165983384475112e-05
2,8,1,5,1,0.60999999999999999,0.46999999999999997,0.53000000000000003,0.4162051562500001,0.47147373437500006,0,constant,1,3,0,4,fe_geometry,-1.7964505680502956e-09,3.3306690738754696e-16,8.8817841970012523e-15,2.2204460492503131e-16,0.00058141601039096713,7.7165983384475112e-05
2,8,1,5,1,0.60999999999999999,0.46999999999999997,0.53000000000000003,0.4162051562500001,0.47147373437500006,0,constant,0,4,0,4,recursive,-5.2000332201648767e-09,3.3306690738754696e-16,8.8817841970012523e-15,2.2204460492503131e-16,0.00058141601039096713,7.7165983384475112e-05
2,8,1,5,1,0.60999999999999999,0.46999999999999997,0.53000000000000003,0.4162051562500001,0.47147373437500006,0,constant,0,4,0,4,direct,-5.724882174777572e-09,3.3306690738754696e-16,8.8817841970012523e-15,2.2204460492503131e-16,0.00058141601039096713,7.7165983384475112e-05
2,8,1,5,1,0.60999999999999999,0.46999999999999997,0.53000000000000003,0.4162051562500001,0.47147373437500006,0,constant,0,4,0,4,fe_geometry,-5.7248821747771005e-09,3.3306690738754696e-16,8.8817841970012523e-15,2.2204460492503131e-16,0.00058141601039096713,7.7165983384475112e-05
2,8,1,5,1,0.60999999999999999,0.46999999999999997,0.53000000000000003,0.4162051562500001,0.47147373437500006,0,constant,5,0,0,5,recursive,1.5111185623539788e-07,3.3306690738754696e-16,8.8817841970012523e-15,2.2204460492503131e-16,0.00058141601039096713,7.7165983384475112e-05
2,8,1,5,1,0.60999999999999999,0.46999999999999997,0.53000000000000003,0.4162051562500001,0.47147373437500006,0,constant,5,0,0,5,direct,-4.6786100246907264e-08,3.3306690738754696e-16,8.8817841970012523e-15,2.2204460492503131e-16,0.00058141601039096713,7.7165983384475112e-05
2,8,1,5,1,0.60999999999999999,0.46999999999999997,0.53000000000000003,0.4162051562500001,0.47147373437500006,0,constant,5,0,0,5,fe_geometry,-4.6786100246887147e-08,3.3306690738754696e-16,8.8817841970012523e-15,2.2204460492503131e-16,0.00058141601039096713,7.7165983384475112e-05
2,8,1,5,1,0.60999999999999999,0.46999999999999997,0.53000000000000003,0.4162051562500001,0.47147373437500006,0,constant,4,1,0,5,recursive,-2.2794746636526283e-08,3.3306690738754696e-16,8.8817841970012523e-15,2.2204460492503131e-16,0.00058141601039096713,7.7165983384475112e-05
2,8,1,5,1,0.60999999999999999,0.46999999999999997,0.53000000000000003,0.4162051562500001,0.47147373437500006,0,constant,4,1,0,5,direct,-1.6283590411198666e-07,3.3306690738754696e-16,8.8817841970012523e-15,2.2204460492503131e-16,0.00058141601039096713,7.7165983384475112e-05
2,8,1,5,1,0.60999999999999999,0.46999999999999997,0.53000000000000003,0.4162051562500001,0.47147373437500006,0,constant,4,1,0,5,fe_geometry,-1.6283590411197803e-07,3.3306690738754696e-16,8.8817841970012523e-15,2.2204460492503131e-16,0.00058141601039096713,7.7165983384475112e-05
2,8,1,5,1,0.60999999999999999,0.46999999999999997,0.53000000000000003,0.4162051562500001,0.47147373437500006,0,constant,3,2,0,5,recursive,-2.1593020937381334e-07,3.3306690738754696e-16,8.8817841970012523e-15,2.2204460492503131e-16,0.00058141601039096713,7.7165983384475112e-05
2,8,1,5,1,0.60999999999999999,0.46999999999999997,0.53000000000000003,0.4162051562500001,0.47147373437500006,0,constant,3,2,0,5,direct,-6.8499909038337041e-08,3.3306690738754696e-16,8.8817841970012523e-15,2.2204460492503131e-16,0.00058141601039096713,7.7165983384475112e-05
2,8,1,5,1,0.60999999999999999,0.46999999999999997,0.53000000000000003,0.4162051562500001,0.47147373437500006,0,constant,3,2,0,5,fe_geometry,-6.849990903833049e-08,3.3306690738754696e-16,8.8817841970012523e-15,2.2204460492503131e-16,0.00058141601039096713,7.7165983384475112e-05
2,8,1,5,1,0.60999999999999999,0.46999999999999997,0.53000000000000003,0.4162051562500001,0.47147373437500006,0,constant,2,3,0,5,recursive,-2.125956034140313e-08,3.3306690738754696e-16,8.8817841970012523e-15,2.2204460492503131e-16,0.00058141601039096713,7.7165983384475112e-05
2,8,1,5,1,0.60999999999999999,0.46999999999999997,0.53000000000000003,0.4162051562500001,0.47147373437500006,0,constant,2,3,0,5,direct,1.2943587349527561e-07,3.3306690738754696e-16,8.8817841970012523e-15,2.2204460492503131e-16,0.00058141601039096713,7.7165983384475112e-05
2,8,1,5,1,0.60999999999999999,0.46999999999999997,0.53000000000000003,0.4162051562500001,0.47147373437500006,0,constant,2,3,0,5,fe_geometry,1.2943587349527619e-07,3.3306690738754696e-16,8.8817841970012523e-15,2.2204460492503131e-16,0.00058141601039096713,7.7165983384475112e-05
2,8,1,5,1,0.60999999999999999,0.46999999999999997,0.53000000000000003,0.4162051562500001,0.47147373437500006,0,constant,1,4,0,5,recursive,-9.2401448861628376e-08,3.3306690738754696e-16,8.8817841970012523e-15,2.2204460492503131e-16,0.00058141601039096713,7.7165983384475112e-05
2,8,1,5,1,0.60999999999999999,0.46999999999999997,0.53000000000000003,0.4162051562500001,0.47147373437500006,0,constant,1,4,0,5,direct,-6.5974008506757957e-08,3.3306690738754696e-16,8.8817841970012523e-15,2.2204460492503131e-16,0.00058141601039096713,7.7165983384475112e-05
2,8,1,5,1,0.60999999999999999,0.46999999999999997,0.53000000000000003,0.4162051562500001,0.47147373437500006,0,constant,1,4,0,5,fe_geometry,-6.5974008506765514e-08,3.3306690738754696e-16,8.8817841970012523e-15,2.2204460492503131e-16,0.00058141601039096713,7.7165983384475112e-05
2,8,1,5,1,0.60999999999999999,0.46999999999999997,0.53000000000000003,0.4162051562500001,0.47147373437500006,0,constant,0,5,0,5,recursive,7.8613020214616017e-08,3.3306690738754696e-16,8.8817841970012523e-15,2.2204460492503131e-16,0.00058141601039096713,7.7165983384475112e-05
2,8,1,5,1,0.60999999999999999,0.46999999999999997,0.53000000000000003,0.4162051562500001,0.47147373437500006,0,constant,0,5,0,5,direct,9.4070268430400229e-07,3.3306690738754696e-16,8.8817841970012523e-15,2.2204460492503131e-16,0.00058141601039096713,7.7165983384475112e-05
2,8,1,5,1,0.60999999999999999,0.46999999999999997,0.53000000000000003,0.4162051562500001,0.47147373437500006,0,constant,0,5,0,5,fe_geometry,9.4070268430392055e-07,3.3306690738754696e-16,8.8817841970012523e-15,2.2204460492503131e-16,0.00058141601039096713,7.7165983384475112e-05
2,8,1,5,1,0.60999999999999999,0.46999999999999997,0.53000000000000003,0.4162051562500001,0.47147373437500006,0,quintic,1,0,0,1,recursive,0.076319662224395485,3.4694469519536142e-18,8.8817841970012523e-15,2.2204460492503131e-16,0.00058141601039096713,0.00041779098683036864
2,8,1,5,1,0.60999999999999999,0.46999999999999997,0.53000000000000003,0.4162051562500001,0.47147373437500006,0,quintic,1,0,0,1,direct,0.076319660352196214,3.4694469519536142e-18,8.8817841970012523e-15,2.2204460492503131e-16,0.00058141601039096713,0.00041779098683036864
2,8,1,5,1,0.60999999999999999,0.46999999999999997,0.53000000000000003,0.4162051562500001,0.47147373437500006,0,quintic,1,0,0,1,fe_geometry,0.076319660352196464,3.4694469519536142e-18,8.8817841970012523e-15,2.2204460492503131e-16,0.00058141601039096713,0.00041779098683036864
2,8,1,5,1,0.60999999999999999,0.46999999999999997,0.53000000000000003,0.4162051562500001,0.47147373437500006,0,quintic,0,1,0,1,recursive,0.12084749912749397,3.4694469519536142e-18,8.8817841970012523e-15,2.2204460492503131e-16,0.00058141601039096713,0.00041779098683036864
2,8,1,5,1,0.60999999999999999,0.46999999999999997,0.53000000000000003,0.4162051562500001,0.47147373437500006,0,quintic,0,1,0,1,direct,0.1208474873561801,3.4694469519536142e-18,8.8817841970012523e-15,2.2204460492503131e-16,0.00058141601039096713,0.00041779098683036864
2,8,1,5,1,0.60999999999999999,0.46999999999999997,0.53000000000000003,0.4162051562500001,0.47147373437500006,0,quintic,0,1,0,1,fe_geometry,0.12084748735617767,3.4694469519536142e-18,8.8817841970012523e-15,2.2204460492503131e-16,0.00058141601039096713,0.00041779098683036864
2,8,1,5,1,0.60999999999999999,0.46999999999999997,0.53000000000000003,0.4162051562500001,0.47147373437500006,0,quintic,2,0,0,2,recursive,0.45568371540466934,3.4694469519536142e-18,8.8817841970012523e-15,2.2204460492503131e-16,0.00058141601039096713,0.00041779098683036864
2,8,1,5,1,0.60999999999999999,0.46999999999999997,0.53000000000000003,0.4162051562500001,0.47147373437500006,0,quintic,2,0,0,2,direct,0.45568491033286518,3.4694469519536142e-18,8.8817841970012523e-15,2.2204460492503131e-16,0.00058141601039096713,0.00041779098683036864
2,8,1,5,1,0.60999999999999999,0.46999999999999997,0.53000000000000003,0.4162051562500001,0.47147373437500006,0,quintic,2,0,0,2,fe_geometry,0.45568491033274255,3.4694469519536142e-18,8.8817841970012523e-15,2.2204460492503131e-16,0.00058141601039096713,0.00041779098683036864
2,8,1,5,1,0.60999999999999999,0.46999999999999997,0.53000000000000003,0.4162051562500001,0.47147373437500006,0,quintic,1,1,0,2,recursive,0.26515654729278726,3.4694469519536142e-18,8.8817841970012523e-15,2.2204460492503131e-16,0.00058141601039096713,0.00041779098683036864
2,8,1,5,1,0.60999999999999999,0.46999999999999997,0.53000000000000003,0.4162051562500001,0.47147373437500006,0,quintic,1,1,0,2,direct,0.26515654647778497,3.4694469519536142e-18,8.8817841970012523e-15,2.2204460492503131e-16,0.00058141601039096713,0.00041779098683036864
2,8,1,5,1,0.60999999999999999,0.46999999999999997,0.53000000000000003,0.4162051562500001,0.47147373437500006,0,quintic,1,1,0,2,fe_geometry,0.26515654647778153,3.4694469519536142e-18,8.8817841970012523e-15,2.2204460492503131e-16,0.00058141601039096713,0.00041779098683036864
2,8,1,5,1,0.60999999999999999,0.46999999999999997,0.53000000000000003,0.4162051562500001,0.47147373437500006,0,quintic,0,2,0,2,recursive,0.92166860316300203,3.4694469519536142e-18,8.8817841970012523e-15,2.2204460492503131e-16,0.00058141601039096713,0.00041779098683036864
2,8,1,5,1,0.60999999999999999,0.46999999999999997,0.53000000000000003,0.4162051562500001,0.47147373437500006,0,quintic,0,2,0,2,direct,0.92166804955352444,3.4694469519536142e-18,8.8817841970012523e-15,2.2204460492503131e-16,0.00058141601039096713,0.00041779098683036864
2,8,1,5,1,0.60999999999999999,0.46999999999999997,0.53000000000000003,0.4162051562500001,0.47147373437500006,0,quintic,0,2,0,2,fe_geometry,0.92166804955351156,3.4694469519536142e-18,8.8817841970012523e-15,2.2204460492503131e-16,0.00058141601039096713,0.00041779098683036864
2,8,1,5,1,0.60999999999999999,0.46999999999999997,0.53000000000000003,0.4162051562500001,0.47147373437500006,0,quintic,3,0,0,3,recursive,3.13138721265025,3.4694469519536142e-18,8.8817841970012523e-15,2.2204460492503131e-16,0.00058141601039096713,0.00041779098683036864
2,8,1,5,1,0.60999999999999999,0.46999999999999997,0.53000000000000003,0.4162051562500001,0.47147373437500006,0,quintic,3,0,0,3,direct,3.1314200753258064,3.4694469519536142e-18,8.8817841970012523e-15,2.2204460492503131e-16,0.00058141601039096713,0.00041779098683036864
2,8,1,5,1,0.60999999999999999,0.46999999999999997,0.53000000000000003,0.4162051562500001,0.47147373437500006,0,quintic,3,0,0,3,fe_geometry,3.1314200753246118,3.4694469519536142e-18,8.8817841970012523e-15,2.2204460492503131e-16,0.00058141601039096713,0.00041779098683036864
2,8,1,5,1,0.60999999999999999,0.46999999999999997,0.53000000000000003,0.4162051562500001,0.47147373437500006,0,quintic,2,1,0,3,recursive,0.9461371510529154,3.4694469519536142e-18,8.8817841970012523e-15,2.2204460492503131e-16,0.00058141601039096713,0.00041779098683036864
2,8,1,5,1,0.60999999999999999,0.46999999999999997,0.53000000000000003,0.4162051562500001,0.47147373437500006,0,quintic,2,1,0,3,direct,0.94613731188255179,3.4694469519536142e-18,8.8817841970012523e-15,2.2204460492503131e-16,0.00058141601039096713,0.00041779098683036864
2,8,1,5,1,0.60999999999999999,0.46999999999999997,0.53000000000000003,0.4162051562500001,0.47147373437500006,0,quintic,2,1,0,3,fe_geometry,0.94613731188213857,3.4694469519536142e-18,8.8817841970012523e-15,2.2204460492503131e-16,0.00058141601039096713,0.00041779098683036864
2,8,1,5,1,0.60999999999999999,0.46999999999999997,0.53000000000000003,0.4162051562500001,0.47147373437500006,0,quintic,1,2,0,3,recursive,0.84974355339982521,3.4694469519536142e-18,8.8817841970012523e-15,2.2204460492503131e-16,0.00058141601039096713,0.00041779098683036864
2,8,1,5,1,0.60999999999999999,0.46999999999999997,0.53000000000000003,0.4162051562500001,0.47147373437500006,0,quintic,1,2,0,3,direct,0.8497435248319346,3.4694469519536142e-18,8.8817841970012523e-15,2.2204460492503131e-16,0.00058141601039096713,0.00041779098683036864
2,8,1,5,1,0.60999999999999999,0.46999999999999997,0.53000000000000003,0.4162051562500001,0.47147373437500006,0,quintic,1,2,0,3,fe_geometry,0.84974352483235227,3.4694469519536142e-18,8.8817841970012523e-15,2.2204460492503131e-16,0.00058141601039096713,0.00041779098683036864
2,8,1,5,1,0.60999999999999999,0.46999999999999997,0.53000000000000003,0.4162051562500001,0.47147373437500006,0,quintic,0,3,0,3,recursive,7.3245659607833868,3.4694469519536142e-18,8.8817841970012523e-15,2.2204460492503131e-16,0.00058141601039096713,0.00041779098683036864
2,8,1,5,1,0.60999999999999999,0.46999999999999997,0.53000000000000003,0.4162051562500001,0.47147373437500006,0,quintic,0,3,0,3,direct,7.324658844046148,3.4694469519536142e-18,8.8817841970012523e-15,2.2204460492503131e-16,0.00058141601039096713,0.00041779098683036864
2,8,1,5,1,0.60999999999999999,0.46999999999999997,0.53000000000000003,0.4162051562500001,0.47147373437500006,0,quintic,0,3,0,3,fe_geometry,7.3246588440472609,3.4694469519536142e-18,8.8817841970012523e-15,2.2204460492503131e-16,0.00058141601039096713,0.00041779098683036864
2,8,1,5,1,0.60999999999999999,0.46999999999999997,0.53000000000000003,0.4162051562500001,0.47147373437500006,0,quintic,4,0,0,4,recursive,25.503425696631577,3.4694469519536142e-18,8.8817841970012523e-15,2.2204460492503131e-16,0.00058141601039096713,0.00041779098683036864
2,8,1,5,1,0.60999999999999999,0.46999999999999997,0.53000000000000003,0.4162051562500001,0.47147373437500006,0,quintic,4,0,0,4,direct,25.496469966998056,3.4694469519536142e-18,8.8817841970012523e-15,2.2204460492503131e-16,0.00058141601039096713,0.00041779098683036864
2,8,1,5,1,0.60999999999999999,0.46999999999999997,0.53000000000000003,0.4162051562500001,0.47147373437500006,0,quintic,4,0,0,4,fe_geometry,25.496469967128363,3.4694469519536142e-18,8.8817841970012523e-15,2.2204460492503131e-16,0.00058141601039096713,0.00041779098683036864
2,8,1,5,1,0.60999999999999999,0.46999999999999997,0.53000000000000003,0.4162051562500001,0.47147373437500006,0,quintic,3,1,0,4,recursive,2.3041338676204886,3.4694469519536142e-18,8.8817841970012523e-15,2.2204460492503131e-16,0.00058141601039096713,0.00041779098683036864
2,8,1,5,1,0.60999999999999999,0.46999999999999997,0.53000000000000003,0.4162051562500001,0.47147373437500006,0,quintic,3,1,0,4,direct,2.3041388207808176,3.4694469519536142e-18,8.8817841970012523e-15,2.2204460492503131e-16,0.00058141601039096713,0.00041779098683036864
2,8,1,5,1,0.60999999999999999,0.46999999999999997,0.53000000000000003,0.4162051562500001,0.47147373437500006,0,quintic,3,1,0,4,fe_geometry,2.3041388207917297,3.4694469519536142e-18,8.8817841970012523e-15,2.2204460492503131e-16,0.00058141601039096713,0.00041779098683036864
2,8,1,5,1,0.60999999999999999,0.46999999999999997,0.53000000000000003,0.4162051562500001,0.47147373437500006,0,quintic,2,2,0,4,recursive,3.0320727621256296,3.4694469519536142e-18,8.8817841970012523e-15,2.2204460492503131e-16,0.00058141601039096713,0.00041779098683036864
2,8,1,5,1,0.60999999999999999,0.46999999999999997,0.53000000000000003,0.4162051562500001,0.47147373437500006,0,quintic,2,2,0,4,direct,3.0320731849024449,3.4694469519536142e-18,8.8817841970012523e-15,2.2204460492503131e-16,0.00058141601039096713,0.00041779098683036864
2,8,1,5,1,0.60999999999999999,0.46999999999999997,0.53000000000000003,0.4162051562500001,0.47147373437500006,0,quintic,2,2,0,4,fe_geometry,3.03207318493254,3.4694469519536142e-18,8.8817841970012523e-15,2.2204460492503131e-16,0.00058141601039096713,0.00041779098683036864
2,8,1,5,1,0.60999999999999999,0.46999999999999997,0.53000000000000003,0.4162051562500001,0.47147373437500006,0,quintic,1,3,0,4,recursive,1.9276375114005579,3.4694469519536142e-18,8.8817841970012523e-15,2.2204460492503131e-16,0.00058141601039096713,0.00041779098683036864
2,8,1,5,1,0.60999999999999999,0.46999999999999997,0.53000000000000003,0.4162051562500001,0.47147373437500006,0,quintic,1,3,0,4,direct,1.9276418460163516,3.4694469519536142e-18,8.8817841970012523e-15,2.2204460492503131e-16,0.00058141601039096713,0.00041779098683036864
2,8,1,5,1,0.60999999999999999,0.46999999999999997,0.53000000000000003,0.4162051562500001,0.47147373437500006,0,quintic,1,3,0,4,fe_geometry,1.9276418460132694,3.4694469519536142e-18,8.8817841970012523e-15,2.2204460492503131e-16,0.00058141601039096713,0.00041779098683036864
2,8,1,5,1,0.60999999999999999,0.46999999999999997,0.53000000000000003,0.4162051562500001,0.47147373437500006,0,quintic,0,4,0,4,recursive,57.276937777309726,3.4694469519536142e-18,8.8817841970012523e-15,2.2204460492503131e-16,0.00058141601039096713,0.00041779098683036864
2,8,1,5,1,0.60999999999999999,0.46999999999999997,0.53000000000000003,0.4162051562500001,0.47147373437500006,0,quintic,0,4,0,4,direct,57.281364388408221,3.4694469519536142e-18,8.8817841970012523e-15,2.2204460492503131e-16,0.00058141601039096713,0.00041779098683036864
2,8,1,5,1,0.60999999999999999,0.46999999999999997,0.53000000000000003,0.4162051562500001,0.47147373437500006,0,quintic,0,4,0,4,fe_geometry,57.281364388492683,3.4694469519536142e-18,8.8817841970012523e-15,2.2204460492503131e-16,0.00058141601039096713,0.00041779098683036864
2,8,1,5,1,0.60999999999999999,0.46999999999999997,0.53000000000000003,0.4162051562500001,0.47147373437500006,0,quintic,5,0,0,5,recursive,207.09531708267471,3.4694469519536142e-18,8.8817841970012523e-15,2.2204460492503131e-16,0.00058141601039096713,0.00041779098683036864
2,8,1,5,1,0.60999999999999999,0.46999999999999997,0.53000000000000003,0.4162051562500001,0.47147373437500006,0,quintic,5,0,0,5,direct,206.74169024500247,3.4694469519536142e-18,8.8817841970012523e-15,2.2204460492503131e-16,0.00058141601039096713,0.00041779098683036864
2,8,1,5,1,0.60999999999999999,0.46999999999999997,0.53000000000000003,0.4162051562500001,0.47147373437500006,0,quintic,5,0,0,5,fe_geometry,206.74169024851395,3.4694469519536142e-18,8.8817841970012523e-15,2.2204460492503131e-16,0.00058141601039096713,0.00041779098683036864
2,8,1,5,1,0.60999999999999999,0.46999999999999997,0.53000000000000003,0.4162051562500001,0.47147373437500006,0,quintic,4,1,0,5,recursive,9.3530967212572822,3.4694469519536142e-18,8.8817841970012523e-15,2.2204460492503131e-16,0.00058141601039096713,0.00041779098683036864
2,8,1,5,1,0.60999999999999999,0.46999999999999997,0.53000000000000003,0.4162051562500001,0.47147373437500006,0,quintic,4,1,0,5,direct,9.3521585743312201,3.4694469519536142e-18,8.8817841970012523e-15,2.2204460492503131e-16,0.00058141601039096713,0.00041779098683036864
2,8,1,5,1,0.60999999999999999,0.46999999999999997,0.53000000000000003,0.4162051562500001,0.47147373437500006,0,quintic,4,1,0,5,fe_geometry,9.3521585756647507,3.4694469519536142e-18,8.8817841970012523e-15,2.2204460492503131e-16,0.00058141601039096713,0.00041779098683036864
2,8,1,5,1,0.60999999999999999,0.46999999999999997,0.53000000000000003,0.4162051562500001,0.47147373437500006,0,quintic,3,2,0,5,recursive,7.3840262268353536,3.4694469519536142e-18,8.8817841970012523e-15,2.2204460492503131e-16,0.00058141601039096713,0.00041779098683036864
2,8,1,5,1,0.60999999999999999,0.46999999999999997,0.53000000000000003,0.4162051562500001,0.47147373437500006,0,quintic,3,2,0,5,direct,7.3840418769006515,3.4694469519536142e-18,8.8817841970012523e-15,2.2204460492503131e-16,0.00058141601039096713,0.00041779098683036864
2,8,1,5,1,0.60999999999999999,0.46999999999999997,0.53000000000000003,0.4162051562500001,0.47147373437500006,0,quintic,3,2,0,5,fe_geometry,7.3840418763110307,3.4694469519536142e-18,8.8817841970012523e-15,2.2204460492503131e-16,0.00058141601039096713,0.00041779098683036864
2,8,1,5,1,0.60999999999999999,0.46999999999999997,0.53000000000000003,0.4162051562500001,0.47147373437500006,0,quintic,2,3,0,5,recursive,6.878236581855119,3.4694469519536142e-18,8.8817841970012523e-15,2.2204460492503131e-16,0.00058141601039096713,0.00041779098683036864
2,8,1,5,1,0.60999999999999999,0.46999999999999997,0.53000000000000003,0.4162051562500001,0.47147373437500006,0,quintic,2,3,0,5,direct,6.8782532414480988,3.4694469519536142e-18,8.8817841970012523e-15,2.2204460492503131e-16,0.00058141601039096713,0.00041779098683036864
2,8,1,5,1,0.60999999999999999,0.46999999999999997,0.53000000000000003,0.4162051562500001,0.47147373437500006,0,quintic,2,3,0,5,fe_geometry,6.8782532417233995,3.4694469519536142e-18,8.8817841970012523e-15,2.2204460492503131e-16,0.00058141601039096713,0.00041779098683036864
2,8,1,5,1,0.60999999999999999,0.46999999999999997,0.53000000000000003,0.4162051562500001,0.47147373437500006,0,quintic,1,4,0,5,recursive,7.287865955541009,3.4694469519536142e-18,8.8817841970012523e-15,2.2204460492503131e-16,0.00058141601039096713,0.00041779098683036864
2,8,1,5,1,0.60999999999999999,0.46999999999999997,0.53000000000000003,0.4162051562500001,0.47147373437500006,0,quintic,1,4,0,5,direct,7.288087478378328,3.4694469519536142e-18,8.8817841970012523e-15,2.2204460492503131e-16,0.00058141601039096713,0.00041779098683036864
2,8,1,5,1,0.60999999999999999,0.46999999999999997,0.53000000000000003,0.4162051562500001,0.47147373437500006,0,quintic,1,4,0,5,fe_geometry,7.2880874769089203,3.4694469519536142e-18,8.8817841970012523e-15,2.2204460492503131e-16,0.00058141601039096713,0.00041779098683036864
2,8,1,5,1,0.60999999999999999,0.46999999999999997,0.53000000000000003,0.4162051562500001,0.47147373437500006,0,quintic,0,5,0,5,recursive,433.73226222091739,3.4694469519536142e-18,8.8817841970012523e-15,2.2204460492503131e-16,0.00058141601039096713,0.00041779098683036864
2,8,1,5,1,0.60999999999999999,0.46999999999999997,0.53000000000000003,0.4162051562500001,0.47147373437500006,0,quintic,0,5,0,5,direct,433.07664566756273,3.4694469519536142e-18,8.8817841970012523e-15,2.2204460492503131e-16,0.00058141601039096713,0.00041779098683036864
2,8,1,5,1,0.60999999999999999,0.46999999999999997,0.53000000000000003,0.4162051562500001,0.47147373437500006,0,quintic,0,5,0,5,fe_geometry,433.07664567006901,3.4694469519536142e-18,8.8817841970012523e-15,2.2204460492503131e-16,0.00058141601039096713,0.00041779098683036864
2,8,1,5,2,0,0.40000000000000002,0.69999999999999996,0.31200000000000006,0.46147500000000008,0,constant,1,0,0,1,recursive,-9.7728155026770129e-14,1.1102230246251565e-16,1.2434497875801753e-14,2.2204460492503131e-16,0.00058141601039096713,6.8915978772565722e-05
2,8,1,5,2,0,0.40000000000000002,0.69999999999999996,0.31200000000000006,0.46147500000000008,0,constant,1,0,0,1,direct,-1.1859288512093544e-13,1.1102230246251565e-16,1.2434497875801753e-14,2.2204460492503131e-16,0.00058141601039096713,6.8915978772565722e-05
2,8,1,5,2,0,0.40000000000000002,0.69999999999999996,0.31200000000000006,0.46147500000000008,0,constant,1,0,0,1,fe_geometry,-1.1859288512093115e-13,1.1102230246251565e-16,1.2434497875801753e-14,2.2204460492503131e-16,0.00058141601039096713,6.8915978772565722e-05
2,8,1,5,2,0,0.40000000000000002,0.69999999999999996,0.31200000000000006,0.46147500000000008,0,constant,0,1,0,1,recursive,4.2256738812944666e-14,1.1102230246251565e-16,1.2434497875801753e-14,2.2204460492503131e-16,0.00058141601039096713,6.8915978772565722e-05
2,8,1,5,2,0,0.40000000000000002,0.69999999999999996,0.31200000000000006,0.46147500000000008,0,constant,0,1,0,1,direct,-3.1647647788267963e-15,1.1102230246251565e-16,1.2434497875801753e-14,2.2204460492503131e-16,0.00058141601039096713,6.8915978772565722e-05
2,8,1,5,2,0,0.40000000000000002,0.69999999999999996,0.31200000000000006,0.46147500000000008,0,constant,0,1,0,1,fe_geometry,-3.1647647788259447e-15,1.1102230246251565e-16,1.2434497875801753e-14,2.2204460492503131e-16,0.00058141601039096713,6.8915978772565722e-05
2,8,1,5,2,0,0.40000000000000002,0.69999999999999996,0.31200000000000006,0.46147500000000008,0,constant,2,0,0,2,recursive,1.0684022526287287e-11,1.1102230246251565e-16,1.2434497875801753e-14,2.2204460492503131e-16,0.00058141601039096713,6.8915978772565722e-05
2,8,1,5,2,0,0.40000000000000002,0.69999999999999996,0.31200000000000006,0.46147500000000008,0,constant,2,0,0,2,direct,2.4466313144673158e-12,1.1102230246251565e-16,1.2434497875801753e-14,2.2204460492503131e-16,0.00058141601039096713,6.8915978772565722e-05
2,8,1,5,2,0,0.40000000000000002,0.69999999999999996,0.31200000000000006,0.46147500000000008,0,constant,2,0,0,2,fe_geometry,2.4466313144677843e-12,1.1102230246251565e-16,1.2434497875801753e-14,2.2204460492503131e-16,0.00058141601039096713,6.8915978772565722e-05
2,8,1,5,2,0,0.40000000000000002,0.69999999999999996,0.31200000000000006,0.46147500000000008,0,constant,1,1,0,2,recursive,4.3217707177958769e-12,1.1102230246251565e-16,1.2434497875801753e-14,2.2204460492503131e-16,0.00058141601039096713,6.8915978772565722e-05
2,8,1,5,2,0,0.40000000000000002,0.69999999999999996,0.31200000000000006,0.46147500000000008,0,constant,1,1,0,2,direct,-9.9180377963404669e-12,1.1102230246251565e-16,1.2434497875801753e-14,2.2204460492503131e-16,0.00058141601039096713,6.8915978772565722e-05
2,8,1,5,2,0,0.40000000000000002,0.69999999999999996,0.31200000000000006,0.46147500000000008,0,constant,1,1,0,2,fe_geometry,-9.9180377963401066e-12,1.1102230246251565e-16,1.2434497875801753e-14,2.2204460492503131e-16,0.00058141601039096713,6.8915978772565722e-05
2,8,1,5,2,0,0.40000000000000002,0.69999999999999996,0.31200000000000006,0.46147500000000008,0,constant,0,2,0,2,recursive,-2.3737339238225334e-13,1.1102230246251565e-16,1.2434497875801753e-14,2.2204460492503131e-16,0.00058141601039096713,6.8915978772565722e-05
2,8,1,5,2,0,0.40000000000000002,0.69999999999999996,0.31200000000000006,0.46147500000000008,0,constant,0,2,0,2,direct,2.1061404801306354e-12,1.1102230246251565e-16,1.2434497875801753e-14,2.2204460492503131e-16,0.00058141601039096713,6.8915978772565722e-05
2,8,1,5,2,0,0.40000000000000002,0.69999999999999996,0.31200000000000006,0.46147500000000008,0,constant,0,2,0,2,fe_geometry,2.1061404801307102e-12,1.1102230246251565e-16,1.2434497875801753e-14,2.2204460492503131e-16,0.00058141601039096713,6.8915978772565722e-05
2,8,1,5,2,0,0.40000000000000002,0.69999999999999996,0.31200000000000006,0.46147500000000008,0,constant,3,0,0,3,recursive,-7.2270910900411853e-10,1.1102230246251565e-16,1.2434497875801753e-14,2.2204460492503131e-16,0.00058141601039096713,6.8915978772565722e-05
2,8,1,5,2,0,0.40000000000000002,0.69999999999999996,0.31200000000000006,0.46147500000000008,0,constant,3,0,0,3,direct,4.1610674730543777e-11,1.1102230246251565e-16,1.2434497875801753e-14,2.2204460492503131e-16,0.00058141601039096713,6.8915978772565722e-05
2,8,1,5,2,0,0.40000000000000002,0.69999999999999996,0.31200000000000006,0.46147500000000008,0,constant,3,0,0,3,fe_geometry,4.1610674730399938e-11,1.1102230246251565e-16,1.2434497875801753e-14,2.2204460492503131e-16,0.00058141601039096713,6.8915978772565722e-05
2,8,1,5,2,0,0.40000000000000002,0.69999999999999996,0.31200000000000006,0.46147500000000008,0,constant,2,1,0,3,recursive,-4.0866608827650721e-10,1.1102230246251565e-16,1.2434497875801753e-14,2.2204460492503131e-16,0.00058141601039096713,6.8915978772565722e-05
2,8,1,5,2,0,0.40000000000000002,0.69999999999999996,0.31200000000000006,0.46147500000000008,0,constant,2,1,0,3,direct,6.4205757635386482e-10,1.1102230246251565e-16,1.2434497875801753e-14,2.2204460492503131e-16,0.00058141601039096713,6.8915978772565722e-05
2,8,1,5,2,0,0.40000000000000002,0.69999999999999996,0.31200000000000006,0.46147500000000008,0,constant,2,1,0,3,fe_geometry,6.4205757635379761e-10,1.1102230246251565e-16,1.2434497875801753e-14,2.2204460492503131e-16,0.00058141601039096713,6.8915978772565722e-05
2,8,1,5,2,0,0.40000000000000002,0.69999999999999996,0.31200000000000006,0.46147500000000008,0,constant,1,2,0,3,recursive,-4.5825840454072705e-10,1.1102230246251565e-16,1.2434497875801753e-14,2.2204460492503131e-16,0.00058141601039096713,6.8915978772565722e-05
2,8,1,5,2,0,0.40000000000000002,0.69999999999999996,0.31200000000000006,0.46147500000000008,0,constant,1,2,0,3,direct,3.1989971224870271e-11,1.1102230246251565e-16,1.2434497875801753e-14,2.2204460492503131e-16,0.00058141601039096713,6.8915978772565722e-05
2,8,1,5,2,0,0.40000000000000002,0.69999999999999996,0.31200000000000006,0.46147500000000008,0,constant,1,2,0,3,fe_geometry,3.1989971224866206e-11,1.1102230246251565e-16,1.2434497875801753e-14,2.2204460492503131e-16,0.00058141601039096713,6.8915978772565722e-05
2,8,1,5,2,0,0.40000000000000002,0.69999999999999996,0.31200000000000006,0.46147500000000008,0,constant,0,3,0,3,recursive,-6.495214413323357e-11,1.1102230246251565e-16,1.2434497875801753e-14,2.2204460492503131e-16,0.00058141601039096713,6.8915978772565722e-05
2,8,1,5,2,0,0.40000000000000002,0.69999999999999996,0.31200000000000006,0.46147500000000008,0,constant,0,3,0,3,direct,3.5539189308746525e-12,1.1102230246251565e-16,1.2434497875801753e-14,2.2204460492503131e-16,0.00058141601039096713,6.8915978772565722e-05
2,8,1,5,2,0,0.40000000000000002,0.69999999999999996,0.31200000000000006,0.46147500000000008,0,constant,0,3,0,3,fe_geometry,3.553918930864358e-12,1.1102230246251565e-16,1.2434497875801753e-14,2.2204460492503131e-16,0.00058141601039096713,6.8915978772565722e-05
2,8,1,5,2,0,0.40000000000000002,0.69999999999999996,0.31200000000000006,0.46147500000000008,0,constant,4,0,0,4,recursive,2.9642598866819455e-08,1.1102230246251565e-16,1.2434497875801753e-14,2.2204460492503131e-16,0.00058141601039096713,6.8915978772565722e-05
2,8,1,5,2,0,0.40000000000000002,0.69999999999999996,0.31200000000000006,0.46147500000000008,0,constant,4,0,0,4,direct,-2.0029269594254494e-09,1.1102230246251565e-16,1.2434497875801753e-14,2.2204460492503131e-16,0.00058141601039096713,6.8915978772565722e-05
2,8,1,5,2,0,0.40000000000000002,0.69999999999999996,0.31200000000000006,0.46147500000000008,0,constant,4,0,0,4,fe_geometry,-2.0029269594095282e-09,1.1102230246251565e-16,1.2434497875801753e-14,2.2204460492503131e-16,0.00058141601039096713,6.8915978772565722e-05
2,8,1,5,2,0,0.40000000000000002,0.69999999999999996,0.31200000000000006,0.46147500000000008,0,constant,3,1,0,4,recursive,2.9920659828147237e-08,1.1102230246251565e-16,1.2434497875801753e-14,2.2204460492503131e-16,0.00058141601039096713,6.8915978772565722e-05
2,8,1,5,2,0,0.40000000000000002,0.69999999999999996,0.31200000000000006,0.46147500000000008,0,constant,3,1,0,4,direct,-2.2083897769332313e-08,1.1102230246251565e-16,1.2434497875801753e-14,2.2204460492503131e-16,0.00058141601039096713,6.8915978772565722e-05
2,8,1,5,2,0,0.40000000000000002,0.69999999999999996,0.31200000000000006,0.46147500000000008,0,constant,3,1,0,4,fe_geometry,-2.2083897769325865e-08,1.1102230246251565e-16,1.2434497875801753e-14,2.2204460492503131e-16,0.00058141601039096713,6.8915978772565722e-05
2,8,1,5,2,0,0.40000000000000002,0.69999999999999996,0.31200000000000006,0.46147500000000008,0,constant,2,2,0,4,recursive,4.7217237836999311e-08,1.1102230246251565e-16,1.2434497875801753e-14,2.2204460492503131e-16,0.00058141601039096713,6.8915978772565722e-05
2,8,1,5,2,0,0.40000000000000002,0.69999999999999996,0.31200000000000006,0.46147500000000008,0,constant,2,2,0,4,direct,-6.6653230356773987e-10,1.1102230246251565e-16,1.2434497875801753e-14,2.2204460492503131e-16,0.00058141601039096713,6.8915978772565722e-05
2,8,1,5,2,0,0.40000000000000002,0.69999999999999996,0.31200000000000006,0.46147500000000008,0,constant,2,2,0,4,fe_geometry,-6.6653230357045592e-10,1.1102230246251565e-16,1.2434497875801753e-14,2.2204460492503131e-16,0.00058141601039096713,6.8915978772565722e-05
2,8,1,5,2,0,0.40000000000000002,0.69999999999999996,0.31200000000000006,0.46147500000000008,0,constant,1,3,0,4,recursive,4.9736009913911225e-09,1.1102230246251565e-16,1.2434497875801753e-14,2.2204460492503131e-16,0.00058141601039096713,6.8915978772565722e-05
2,8,1,5,2,0,0.40000000000000002,0.69999999999999996,0.31200000000000006,0.46147500000000008,0,constant,1,3,0,4,direct,1.7497593162562049e-08,1.1102230246251565e-16,1.2434497875801753e-14,2.2204460492503131e-16,0.00058141601039096713,6.8915978772565722e-05
2,8,1,5,2,0,0.40000000000000002,0.69999999999999996,0.31200000000000006,0.46147500000000008,0,constant,1,3,0,4,fe_geometry,1.749759316256146e-08,1.1102230246251565e-16,1.2434497875801753e-14,2.2204460492503131e-16,0.00058141601039096713,6.8915978772565722e-05
2,8,1,5,2,0,0.40000000000000002,0.69999999999999996,0.31200000000000006,0.46147500000000008,0,constant,0,4,0,4,recursive,6.7976423983698659e-10,1.1102230246251565e-16,1.2434497875801753e-14,2.2204460492503131e-16,0.00058141601039096713,6.8915978772565722e-05
2,8,1,5,2,0,0.40000000000000002,0.69999999999999996,0.31200000000000006,0.46147500000000008,0,constant,0,4,0,4,direct,-1.2739683697756573e-09,1.1102230246251565e-16,1.2434497875801753e-14,2.2204460492503131e-16,0.00058141601039096713,6.8915978772565722e-05
2,8,1,5,2,0,0.40000000000000002,0.69999999999999996,0.31200000000000006,0.46147500000000008,0,constant,0,4,0,4,fe_geometry,-1.2739683697758087e-09,1.1102230246251565e-16,1.2434497875801753e-14,2.2204460492503131e-16,0.00058141601039096713,6.8915978772565722e-05
2,8,1,5,2,0,0.40000000000000002,0.69999999999999996,0.31200000000000006,0.46147500000000008,0,constant,5,0,0,5,recursive,-6.4486917317328711e-07,1.1102230246251565e-16,1.2434497875801753e-14,2.2204460492503131e-16,0.00058141601039096713,6.8915978772565722e-05
2,8,1,5,2,0,0.40000000000000002,0.69999999999999996,0.31200000000000006,0.46147500000000008,0,constant,5,0,0,5,direct,1.4346760581915351e-08,1.1102230246251565e-16,1.2434497875801753e-14,2.2204460492503131e-16,0.00058141601039096713,6.8915978772565722e-05
2,8,1,5,2,0,0.40000000000000002,0.69999999999999996,0.31200000000000006,0.46147500000000008,0,constant,5,0,0,5,fe_geometry,1.4346760580853322e-08,1.1102230246251565e-16,1.2434497875801753e-14,2.2204460492503131e-16,0.00058141601039096713,6.8915978772565722e-05
2,8,1,5,2,0,0.40000000000000002,0.69999999999999996,0.31200000000000006,0.46147500000000008,0,constant,4,1,0,5,recursive,-1.289903789974975e-06,1.1102230246251565e-16,1.2434497875801753e-14,2.2204460492503131e-16,0.00058141601039096713,6.8915978772565722e-05
2,8,1,5,2,0,0.40000000000000002,0.69999999999999996,0.31200000000000006,0.46147500000000008,0,constant,4,1,0,5,direct,4.3785915429418876e-07,1.1102230246251565e-16,1.2434497875801753e-14,2.2204460492503131e-16,0.00058141601039096713,6.8915978772565722e-05
2,8,1,5,2,0,0.40000000000000002,0.69999999999999996,0.31200000000000006,0.46147500000000008,0,constant,4,1,0,5,fe_geometry,4.3785915429378558e-07,1.1102230246251565e-16,1.2434497875801753e-14,2.2204460492503131e-16,0.00058141601039096713,6.8915978772565722e-05
2,8,1,5,2,0,0.40000000000000002,0.69999999999999996,0.31200000000000006,0.46147500000000008,0,constant,3,2,0,5,recursive,-3.001484385524343e-06,1.1102230246251565e-16,1.2434497875801753e-14,2.2204460492503131e-16,0.00058141601039096713,6.8915978772565722e-05
2,8,1,5,2,0,0.40000000000000002,0.69999999999999996,0.31200000000000006,0.46147500000000008,0,constant,3,2,0,5,direct,3.3425455596074032e-08,1.1102230246251565e-16,1.2434497875801753e-14,2.2204460492503131e-16,0.00058141601039096713,6.8915978772565722e-05
2,8,1,5,2,0,0.40000000000000002,0.69999999999999996,0.31200000000000006,0.46147500000000008,0,constant,3,2,0,5,fe_geometry,3.3425455596558415e-08,1.1102230246251565e-16,1.2434497875801753e-14,2.2204460492503131e-16,0.00058141601039096713,6.8915978772565722e-05
2,8,1,5,2,0,0.40000000000000002,0.69999999999999996,0.31200000000000006,0.46147500000000008,0,constant,2,3,0,5,recursive,-4.7793974956499712e-07,1.1102230246251565e-16,1.2434497875801753e-14,2.2204460492503131e-16,0.00058141601039096713,6.8915978772565722e-05
2,8,1,5,2,0,0.40000000000000002,0.69999999999999996,0.31200000000000006,0.46147500000000008,0,constant,2,3,0,5,direct,-1.4278993804624624e-06,1.1102230246251565e-16,1.2434497875801753e-14,2.2204460492503131e-16,0.00058141601039096713,6.8915978772565722e-05
2,8,1,5,2,0,0.40000000000000002,0.69999999999999996,0.31200000000000006,0.46147500000000008,0,constant,2,3,0,5,fe_geometry,-1.427899380462275e-06,1.1102230246251565e-16,1.2434497875801753e-14,2.2204460492503131e-16,0.00058141601039096713,6.8915978772565722e-05
2,8,1,5,2,0,0.40000000000000002,0.69999999999999996,0.31200000000000006,0.46147500000000008,0,constant,1,4,0,5,recursive,2.1186015209497661e-06,1.1102230246251565e-16,1.2434497875801753e-14,2.2204460492503131e-16,0.00058141601039096713,6.8915978772565722e-05
2,8,1,5,2,0,0.40000000000000002,0.69999999999999996,0.31200000000000006,0.46147500000000008,0,constant,1,4,0,5,direct,-3.0579932918565983e-07,1.1102230246251565e-16,1.2434497875801753e-14,2.2204460492503131e-16,0.00058141601039096713,6.8915978772565722e-05
2,8,1,5,2,0,0.40000000000000002,0.69999999999999996,0.31200000000000006,0.46147500000000008,0,constant,1,4,0,5,fe_geometry,-3.0579932918568392e-07,1.1102230246251565e-16,1.2434497875801753e-14,2.2204460492503131e-16,0.00058141601039096713,6.8915978772565722e-05
2,8,1,5,2,0,0.40000000000000002,0.69999999999999996,0.31200000000000006,0.46147500000000008,0,constant,0,5,0,5,recursive,2.1414276577983256e-07,1.1102230246251565e-16,1.2434497875801753e-14,2.2204460492503131e-16,0.00058141601039096713,6.8915978772565722e-05
2,8,1,5,2,0,0.40000000000000002,0.69999999999999996,0.31200000000000006,0.46147500000000008,0,constant,0,5,0,5,direct,-2.4826126922555153e-09,1.1102230246251565e-16,1.2434497875801753e-14,2.2204460492503131e-16,0.00058141601039096713,6.8915978772565722e-05
2,8,1,5,2,0,0.40000000000000002,0.69999999999999996,0.31200000000000006,0.46147500000000008,0,constant,0,5,0,5,fe_geometry,-2.4826126922216671e-09,1.1102230246251565e-16,1.2434497875801753e-14,2.2204460492503131e-16,0.00058141601039096713,6.8915978772565722e-05
2,8,1,5,2,0,0.40000000000000002,0.69999999999999996,0.31200000000000006,0.46147500000000008,0,quintic,1,0,0,1,recursive,0.040140801136343197,0,1.2434497875801753e-14,2.2204460492503131e-16,0.00058141601039096713,0.00038704098551534116
2,8,1,5,2,0,0.40000000000000002,0.69999999999999996,0.31200000000000006,0.46147500000000008,0,quintic,1,0,0,1,direct,0.040140845070418048,0,1.2434497875801753e-14,2.2204460492503131e-16,0.00058141601039096713,0.00038704098551534116
2,8,1,5,2,0,0.40000000000000002,0.69999999999999996,0.31200000000000006,0.46147500000000008,0,quintic,1,0,0,1,fe_geometry,0.040140845070412635,0,1.2434497875801753e-14,2.2204460492503131e-16,0.00058141601039096713,0.00038704098551534116
2,8,1,5,2,0,0.40000000000000002,0.69999999999999996,0.31200000000000006,0.46147500000000008,0,quintic,0,1,0,1,recursive,0.089826725125795939,0,1.2434497875801753e-14,2.2204460492503131e-16,0.00058141601039096713,0.00038704098551534116
2,8,1,5,2,0,0.40000000000000002,0.69999999999999996,0.31200000000000006,0.46147500000000008,0,quintic,0,1,0,1,direct,0.089826721883174185,0,1.2434497875801753e-14,2.2204460492503131e-16,0.00058141601039096713,0.00038704098551534116
2,8,1,5,2,0,0.40000000000000002,0.69999999999999996,0.31200000000000006,0.46147500000000008,0,quintic,0,1,0,1,fe_geometry,0.089826721883173102,0,1.2434497875801753e-14,2.2204460492503131e-16,0.00058141601039096713,0.00038704098551534116
2,8,1,5,2,0,0.40000000000000002,0.69999999999999996,0.31200000000000006,0.46147500000000008,0,quintic,2,0,0,2,recursive,0.228733030438204,0,1.2434497875801753e-14,2.2204460492503131e-16,0.00058141601039096713,0.00038704098551534116
2,8,1,5,2,0,0.40000000000000002,0.69999999999999996,0.31200000000000006,0.46147500000000008,0,quintic,2,0,0,2,direct,0.22872306243742302,0,1.2434497875801753e-14,2.2204460492503131e-16,0.00058141601039096713,0.00038704098551534116
2,8,1,5,2,0,0.40000000000000002,0.69999999999999996,0.31200000000000006,0.46147500000000008,0,quintic,2,0,0,2,fe_geometry,0.22872306243769561,0,1.2434497875801753e-14,2.2204460492503131e-16,0.00058141601039096713,0.00038704098551534116
2,8,1,5,2,0,0.40000000000000002,0.69999999999999996,0.31200000000000006,0.46147500000000008,0,quintic,1,1,0,2,recursive,0.17191202443130468,0,1.2434497875801753e-14,2.2204460492503131e-16,0.00058141601039096713,0.00038704098551534116
2,8,1,5,2,0,0.40000000000000002,0.69999999999999996,0.31200000000000006,0.46147500000000008,0,quintic,1,1,0,2,direct,0.17191203015809114,0,1.2434497875801753e-14,2.2204460492503131e-16,0.00058141601039096713,0.00038704098551534116
2,8,1,5,2,0,0.40000000000000002,0.69999999999999996,0.31200000000000006,0.46147500000000008,0,quintic,1,1,0,2,fe_geometry,0.1719120301580109,0,1.2434497875801753e-14,2.2204460492503131e-16,0.00058141601039096713,0.00038704098551534116
2,8,1,5,2,0,0.40000000000000002,0.69999999999999996,0.31200000000000006,0.46147500000000008,0,quintic,0,2,0,2,recursive,0.77951102649250203,0,1.2434497875801753e-14,2.2204460492503131e-16,0.00058141601039096713,0.00038704098551534116
2,8,1,5,2,0,0.40000000000000002,0.69999999999999996,0.31200000000000006,0.46147500000000008,0,quintic,0,2,0,2,direct,0.77950986003102074,0,1.2434497875801753e-14,2.2204460492503131e-16,0.00058141601039096713,0.00038704098551534116
2,8,1,5,2,0,0.40000000000000002,0.69999999999999996,0.31200000000000006,0.46147500000000008,0,quintic,0,2,0,2,fe_geometry,0.77950986003100209,0,1.2434497875801753e-14,2.2204460492503131e-16,0.00058141601039096713,0.00038704098551534116
2,8,1,5,2,0,0.40000000000000002,0.69999999999999996,0.31200000000000006,0.46147500000000008,0,quintic,3,0,0,3,recursive,1.313549499187832,0,1.2434497875801753e-14,2.2204460492503131e-16,0.00058141601039096713,0.00038704098551534116
2,8,1,5,2,0,0.40000000000000002,0.69999999999999996,0.31200000000000006,0.46147500000000008,0,quintic,3,0,0,3,direct,1.314609059365047,0,1.2434497875801753e-14,2.2204460492503131e-16,0.00058141601039096713,0.00038704098551534116
2,8,1,5,2,0,0.40000000000000002,0.69999999999999996,0.31200000000000006,0.46147500000000008,0,quintic,3,0,0,3,fe_geometry,1.3146090593609323,0,1.2434497875801753e-14,2.2204460492503131e-16,0.00058141601039096713,0.00038704098551534116
2,8,1,5,2,0,0.40000000000000002,0.69999999999999996,0.31200000000000006,0.46147500000000008,0,quintic,2,1,0,3,recursive,0.72468502844946925,0,1.2434497875801753e-14,2.2204460492503131e-16,0.00058141601039096713,0.00038704098551534116
2,8,1,5,2,0,0.40000000000000002,0.69999999999999996,0.31200000000000006,0.46147500000000008,0,quintic,2,1,0,3,direct,0.72468372166634065,0,1.2434497875801753e-14,2.2204460492503131e-16,0.00058141601039096713,0.00038704098551534116
2,8,1,5,2,0,0.40000000000000002,0.69999999999999996,0.31200000000000006,0.46147500000000008,0,quintic,2,1,0,3,fe_geometry,0.72468372166966721,0,1.2434497875801753e-14,2.2204460492503131e-16,0.00058141601039096713,0.00038704098551534116
2,8,1,5,2,0,0.40000000000000002,0.69999999999999996,0.31200000000000006,0.46147500000000008,0,quintic,1,2,0,3,recursive,0.5562854128810395,0,1.2434497875801753e-14,2.2204460492503131e-16,0.00058141601039096713,0.00038704098551534116
2,8,1,5,2,0,0.40000000000000002,0.69999999999999996,0.31200000000000006,0.46147500000000008,0,quintic,1,2,0,3,direct,0.55628539425155787,0,1.2434497875801753e-14,2.2204460492503131e-16,0.00058141601039096713,0.00038704098551534116
2,8,1,5,2,0,0.40000000000000002,0.69999999999999996,0.31200000000000006,0.46147500000000008,0,quintic,1,2,0,3,fe_geometry,0.55628539425294588,0,1.2434497875801753e-14,2.2204460492503131e-16,0.00058141601039096713,0.00038704098551534116
2,8,1,5,2,0,0.40000000000000002,0.69999999999999996,0.31200000000000006,0.46147500000000008,0,quintic,0,3,0,3,recursive,6.6127183403038119,0,1.2434497875801753e-14,2.2204460492503131e-16,0.00058141601039096713,0.00038704098551534116
2,8,1,5,2,0,0.40000000000000002,0.69999999999999996,0.31200000000000006,0.46147500000000008,0,quintic,0,3,0,3,direct,6.6127397369878933,0,1.2434497875801753e-14,2.2204460492503131e-16,0.00058141601039096713,0.00038704098551534116
2,8,1,5,2,0,0.40000000000000002,0.69999999999999996,0.31200000000000006,0.46147500000000008,0,quintic,0,3,0,3,fe_geometry,6.6127397369873444,0,1.2434497875801753e-14,2.2204460492503131e-16,0.00058141601039096713,0.00038704098551534116
2,8,1,5,2,0,0.40000000000000002,0.69999999999999996,0.31200000000000006,0.46147500000000008,0,quintic,4,0,0,4,recursive,11.113260244578955,0,1.2434497875801753e-14,2.2204460492503131e-16,0.00058141601039096713,0.00038704098551534116
2,8,1,5,2,0,0.40000000000000002,0.69999999999999996,0.31200000000000006,0.46147500000000008,0,quintic,4,0,0,4,direct,11.048472436347366,0,1.2434497875801753e-14,2.2204460492503131e-16,0.00058141601039096713,0.00038704098551534116
2,8,1,5,2,0,0.40000000000000002,0.69999999999999996,0.31200000000000006,0.46147500000000008,0,quintic,4,0,0,4,fe_geometry,11.048472436336047,0,1.2434497875801753e-14,2.2204460492503131e-16,0.00058141601039096713,0.00038704098551534116
2,8,1,5,2,0,0.40000000000000002,0.69999999999999996,0.31200000000000006,0.46147500000000008,0,quintic,3,1,0,4,recursive,1.5093213440938134,0,1.2434497875801753e-14,2.2204460492503131e-16,0.00058141601039096713,0.00038704098551534116
2,8,1,5,2,0,0.40000000000000002,0.69999999999999996,0.31200000000000006,0.46147500000000008,0,quintic,3,1,0,4,direct,1.5094582573952049,0,1.2434497875801753e-14,2.2204460492503131e-16,0.00058141601039096713,0.00038704098551534116
2,8,1,5,2,0,0.40000000000000002,0.69999999999999996,0.31200000000000006,0.46147500000000008,0,quintic,3,1,0,4,fe_geometry,1.509458257334177,0,1.2434497875801753e-14,2.2204460492503131e-16,0.00058141601039096713,0.00038704098551534116
2,8,1,5,2,0,0.40000000000000002,0.69999999999999996,0.31200000000000006,0.46147500000000008,0,quintic,2,2,0,4,recursive,2.3449884418388742,0,1.2434497875801753e-14,2.2204460492503131e-16,0.00058141601039096713,0.00038704098551534116
2,8,1,5,2,0,0.40000000000000002,0.69999999999999996,0.31200000000000006,0.46147500000000008,0,quintic,2,2,0,4,direct,2.3449840563515179,0,1.2434497875801753e-14,2.2204460492503131e-16,0.00058141601039096713,0.00038704098551534116
2,8,1,5,2,0,0.40000000000000002,0.69999999999999996,0.31200000000000006,0.46147500000000008,0,quintic,2,2,0,4,fe_geometry,2.3449840562863229,0,1.2434497875801753e-14,2.2204460492503131e-16,0.00058141601039096713,0.00038704098551534116
2,8,1,5,2,0,0.40000000000000002,0.69999999999999996,0.31200000000000006,0.46147500000000008,0,quintic,1,3,0,4,recursive,1.2431339669637935,0,1.2434497875801753e-14,2.2204460492503131e-16,0.00058141601039096713,0.00038704098551534116
2,8,1,5,2,0,0.40000000000000002,0.69999999999999996,0.31200000000000006,0.46147500000000008,0,quintic,1,3,0,4,direct,1.2431345935665226,0,1.2434497875801753e-14,2.2204460492503131e-16,0.00058141601039096713,0.00038704098551534116
2,8,1,5,2,0,0.40000000000000002,0.69999999999999996,0.31200000000000006,0.46147500000000008,0,quintic,1,3,0,4,fe_geometry,1.2431345936726348,0,1.2434497875801753e-14,2.2204460492503131e-16,0.00058141601039096713,0.00038704098551534116
2,8,1,5,2,0,0.40000000000000002,0.69999999999999996,0.31200000000000006,0.46147500000000008,0,quintic,0,4,0,4,recursive,52.514176448411092,0,1.2434497875801753e-14,2.2204460492503131e-16,0.00058141601039096713,0.00038704098551534116
2,8,1,5,2,0,0.40000000000000002,0.69999999999999996,0.31200000000000006,0.46147500000000008,0,quintic,0,4,0,4,direct,52.523319737043252,0,1.2434497875801753e-14,2.2204460492503131e-16,0.00058141601039096713,0.00038704098551534116
2,8,1,5,2,0,0.40000000000000002,0.69999999999999996,0.31200000000000006,0.46147500000000008,0,quintic,0,4,0,4,fe_geometry,52.52331973709471,0,1.2434497875801753e-14,2.2204460492503131e-16,0.00058141601039096713,0.00038704098551534116
2,8,1,5,2,0,0.40000000000000002,0.69999999999999996,0.31200000000000006,0.46147500000000008,0,quintic,5,0,0,5,recursive,85.75530370429108,0,1.2434497875801753e-14,2.2204460492503131e-16,0.00058141601039096713,0.00038704098551534116
2,8,1,5,2,0,0.40000000000000002,0.69999999999999996,0.31200000000000006,0.46147500000000008,0,quintic,5,0,0,5,direct,87.988938383147286,0,1.2434497875801753e-14,2.2204460492503131e-16,0.00058141601039096713,0.00038704098551534116
2,8,1,5,2,0,0.40000000000000002,0.69999999999999996,0.31200000000000006,0.46147500000000008,0,quintic,5,0,0,5,fe_geometry,87.988938383340198,0,1.2434497875801753e-14,2.2204460492503131e-16,0.00058141601039096713,0.00038704098551534116
2,8,1,5,2,0,0.40000000000000002,0.69999999999999996,0.31200000000000006,0.46147500000000008,0,quintic,4,1,0,5,recursive,5.2483445679141951,0,1.2434497875801753e-14,2.2204460492503131e-16,0.00058141601039096713,0.00038704098551534116
2,8,1,5,2,0,0.40000000000000002,0.69999999999999996,0.31200000000000006,0.46147500000000008,0,quintic,4,1,0,5,direct,5.2401348037485276,0,1.2434497875801753e-14,2.2204460492503131e-16,0.00058141601039096713,0.00038704098551534116
2,8,1,5,2,0,0.40000000000000002,0.69999999999999996,0.31200000000000006,0.46147500000000008,0,quintic,4,1,0,5,fe_geometry,5.2401348038273801,0,1.2434497875801753e-14,2.2204460492503131e-16,0.00058141601039096713,0.00038704098551534116
2,8,1,5,2,0,0.40000000000000002,0.69999999999999996,0.31200000000000006,0.46147500000000008,0,quintic,3,2,0,5,recursive,4.8839715976038462,0,1.2434497875801753e-14,2.2204460492503131e-16,0.00058141601039096713,0.00038704098551534116
2,8,1,5,2,0,0.40000000000000002,0.69999999999999996,0.31200000000000006,0.46147500000000008,0,quintic,3,2,0,5,direct,4.8844143190796485,0,1.2434497875801753e-14,2.2204460492503131e-16,0.00058141601039096713,0.00038704098551534116
2,8,1,5,2,0,0.40000000000000002,0.69999999999999996,0.31200000000000006,0.46147500000000008,0,quintic,3,2,0,5,fe_geometry,4.8844143201888111,0,1.2434497875801753e-14,2.2204460492503131e-16,0.00058141601039096713,0.00038704098551534116
2,8,1,5,2,0,0.40000000000000002,0.69999999999999996,0.31200000000000006,0.46147500000000008,0,quintic,2,3,0,5,recursive,5.240358140606574,0,1.2434497875801753e-14,2.2204460492503131e-16,0.00058141601039096713,0.00038704098551534116
2,8,1,5,2,0,0.40000000000000002,0.69999999999999996,0.31200000000000006,0.46147500000000008,0,quintic,2,3,0,5,direct,5.2403511164528345,0,1.2434497875801753e-14,2.2204460492503131e-16,0.00058141601039096713,0.00038704098551534116
2,8,1,5,2,0,0.40000000000000002,0.69999999999999996,0.31200000000000006,0.46147500000000008,0,quintic,2,3,0,5,fe_geometry,5.2403511120874278,0,1.2434497875801753e-14,2.2204460492503131e-16,0.00058141601039096713,0.00038704098551534116
2,8,1,5,2,0,0.40000000000000002,0.69999999999999996,0.31200000000000006,0.46147500000000008,0,quintic,1,4,0,5,recursive,4.6297747827128299,0,1.2434497875801753e-14,2.2204460492503131e-16,0.00058141601039096713,0.00038704098551534116
2,8,1,5,2,0,0.40000000000000002,0.69999999999999996,0.31200000000000006,0.46147500000000008,0,quintic,1,4,0,5,direct,4.6300682808298941,0,1.2434497875801753e-14,2.2204460492503131e-16,0.00058141601039096713,0.00038704098551534116
2,8,1,5,2,0,0.40000000000000002,0.69999999999999996,0.31200000000000006,0.46147500000000008,0,quintic,1,4,0,5,fe_geometry,4.630068279938917,0,1.2434497875801753e-14,2.2204460492503131e-16,0.00058141601039096713,0.00038704098551534116
2,8,1,5,2,0,0.40000000000000002,0.69999999999999996,0.31200000000000006,0.46147500000000008,0,quintic,0,5,0,5,recursive,396.91008181159486,0,1.2434497875801753e-14,2.2204460492503131e-16,0.00058141601039096713,0.00038704098551534116
2,8,1,5,2,0,0.40000000000000002,0.69999999999999996,0.31200000000000006,0.46147500000000008,0,quintic,0,5,0,5,direct,396.65379384756716,0,1.2434497875801753e-14,2.2204460492503131e-16,0.00058141601039096713,0.00038704098551534116
2,8,1,5,2,0,0.40000000000000002,0.69999999999999996,0.31200000000000006,0.46147500000000008,0,quintic,0,5,0,5,fe_geometry,396.65379384986306,0,1.2434497875801753e-14,2.2204460492503131e-16,0.00058141601039096713,0.00038704098551534116
